provider,country_code,country,asn,operator,observed_records_bucket,prefix_count,hosting_record_bucket,exit_record_bucket,avg_confidence,data_origin
NordVPN,GB,United Kingdom,212238,CDNEXT,1k-4.9k,293,1k-4.9k,1k-4.9k,95.0,VPN-Infrastructure-Atlas
WLVPN,US,United States,62651,NETPROTECT-62651,1k-4.9k,74,1k-4.9k,1k-4.9k,95.0,VPN-Infrastructure-Atlas
IPVanish,US,United States,62651,NETPROTECT-62651,1k-4.9k,74,1k-4.9k,1k-4.9k,95.0,VPN-Infrastructure-Atlas
NordVPN,RO,Romania,9009,M247,1k-4.9k,227,1k-4.9k,1k-4.9k,95.0,VPN-Infrastructure-Atlas
NordVPN,PA,Panama,136787,PACKETHUBSA-AS-AP PacketHub S.A.,1k-4.9k,99,1k-4.9k,1k-4.9k,95.0,VPN-Infrastructure-Atlas
NordVPN,GB,United Kingdom,62240,CLOUVIDER Clouvider - Global ASN,1k-4.9k,44,1k-4.9k,1k-4.9k,95.0,VPN-Infrastructure-Atlas
CyberGhost,GB,United Kingdom,212238,CDNEXT,500-999,49,500-999,500-999,71.7,VPN-Infrastructure-Atlas
CyberGhost,RO,Romania,9009,M247,500-999,60,500-999,500-999,72.8,VPN-Infrastructure-Atlas
NordVPN,AU,Australia,147049,PACKETHUBSA-AS-AP PacketHub S.A.,500-999,30,500-999,500-999,95.0,VPN-Infrastructure-Atlas
NordVPN,GB,United Kingdom,25369,BANDWIDTH-AS,500-999,46,500-999,500-999,95.0,VPN-Infrastructure-Atlas
WLVPN,GB,United Kingdom,62240,CLOUVIDER Clouvider - Global ASN,500-999,19,500-999,500-999,95.0,VPN-Infrastructure-Atlas
IPVanish,GB,United Kingdom,62240,CLOUVIDER Clouvider - Global ASN,500-999,19,500-999,500-999,95.0,VPN-Infrastructure-Atlas
Astrill,GB,United Kingdom,62240,CLOUVIDER Clouvider - Global ASN,500-999,14,500-999,500-999,78.0,VPN-Infrastructure-Atlas
ProtonVPN,GB,United Kingdom,212238,CDNEXT,500-999,150,500-999,500-999,95.0,VPN-Infrastructure-Atlas
NordVPN,GB,United Kingdom,60068,CDN77 _,100-499,55,100-499,100-499,95.0,VPN-Infrastructure-Atlas
NordVPN,PA,Panama,141039,PACKETHUBSA-AS-AP PacketHub S.A.,100-499,19,100-499,100-499,95.0,VPN-Infrastructure-Atlas
NordVPN,AU,Australia,137409,GSLNETWORKS-AS-AP GSL Networks Pty LTD,100-499,23,100-499,100-499,95.0,VPN-Infrastructure-Atlas
NordVPN,PA,Panama,207137,PACKETHUBSA,100-499,22,100-499,100-499,95.0,VPN-Infrastructure-Atlas
AirVPN,RO,Romania,9009,M247,100-499,44,100-499,100-499,95.0,VPN-Infrastructure-Atlas
Astrill,US,United States,174,COGENT-174,100-499,13,100-499,100-499,78.0,VPN-Infrastructure-Atlas
AirVPN,NL,Netherlands,49453,GLOBALLAYER,100-499,7,100-499,100-499,95.0,VPN-Infrastructure-Atlas
Windscribe,GB,United Kingdom,212238,CDNEXT,100-499,60,100-499,100-499,95.0,VPN-Infrastructure-Atlas
IPVanish,US,United States,140952,"STL-AS-AP Strong Technology, LLC",100-499,13,100-499,100-499,95.0,VPN-Infrastructure-Atlas
WLVPN,US,United States,140952,"STL-AS-AP Strong Technology, LLC",100-499,13,100-499,100-499,95.0,VPN-Infrastructure-Atlas
Astrill,US,United States,62904,AS62904 - Eonix Corporation,100-499,9,100-499,100-499,78.0,VPN-Infrastructure-Atlas
CyberGhost,AU,Australia,137409,GSLNETWORKS-AS-AP GSL Networks Pty LTD,100-499,16,100-499,100-499,71.9,VPN-Infrastructure-Atlas
Astrill,GB,United Kingdom,212238,CDNEXT,100-499,1,100-499,100-499,80.0,VPN-Infrastructure-Atlas
ProtonVPN,RO,Romania,9009,M247,100-499,127,100-499,100-499,95.0,VPN-Infrastructure-Atlas
Njalla,RO,Romania,39287,ABSTRACT,100-499,16,100-499,100-499,80.0,VPN-Infrastructure-Atlas
Sentinel dVPN,US,United States,36352,AS-COLOCROSSING,100-499,176,100-499,100-499,95.0,VPN-Infrastructure-Atlas
StrongVPN,US,United States,22781,STRTEC,100-499,64,100-499,100-499,80.9,VPN-Infrastructure-Atlas
StrongVPN,US,United States,62651,NETPROTECT-62651,100-499,49,100-499,100-499,84.0,VPN-Infrastructure-Atlas
Windscribe,RO,Romania,9009,M247,100-499,40,100-499,100-499,95.0,VPN-Infrastructure-Atlas
WLVPN,US,United States,22781,STRTEC,100-499,8,100-499,100-499,95.0,VPN-Infrastructure-Atlas
CyberGhost,US,United States,174,COGENT-174,100-499,19,100-499,100-499,71.3,VPN-Infrastructure-Atlas
IPVanish,US,United States,22781,STRTEC,100-499,7,100-499,100-499,95.0,VPN-Infrastructure-Atlas
CyberGhost,GB,United Kingdom,60068,CDN77 _,100-499,19,100-499,100-499,72.1,VPN-Infrastructure-Atlas
TunnelBear,RO,Romania,9009,M247,100-499,22,100-499,100-499,95.0,VPN-Infrastructure-Atlas
IPVanish,US,United States,174,COGENT-174,100-499,5,100-499,100-499,95.0,VPN-Infrastructure-Atlas
WLVPN,US,United States,174,COGENT-174,100-499,5,100-499,100-499,95.0,VPN-Infrastructure-Atlas
Mullvad,US,United States,11878,TZULO,100-499,61,100-499,100-499,95.0,VPN-Infrastructure-Atlas
PureVPN,GB,United Kingdom,212238,CDNEXT,100-499,54,100-499,100-499,88.0,VPN-Infrastructure-Atlas
CyberGhost,SE,Sweden,42708,GLESYS glesys.com,100-499,8,100-499,100-499,72.0,VPN-Infrastructure-Atlas
WiTopia,RO,Romania,9009,M247,100-499,23,100-499,100-499,95.0,VPN-Infrastructure-Atlas
Mullvad,GB,United Kingdom,212238,CDNEXT,100-499,44,100-499,100-499,95.0,VPN-Infrastructure-Atlas
AirVPN,US,United States,11878,TZULO,100-499,17,100-499,100-499,95.0,VPN-Infrastructure-Atlas
AirVPN,CA,Canada,32489,AMANAHA-NEW,100-499,6,100-499,100-499,95.0,VPN-Infrastructure-Atlas
ExpressVPN,CY,Cyprus,206092,SECFIREWALLAS,100-499,29,100-499,100-499,70.0,VPN-Infrastructure-Atlas
NordVPN,US,United States,396356,LATITUDE-SH,100-499,7,100-499,100-499,95.0,VPN-Infrastructure-Atlas
TunnelBear,US,United States,21859,ZEN-ECN,100-499,25,100-499,100-499,95.0,VPN-Infrastructure-Atlas
Astrill,US,United States,36352,AS-COLOCROSSING,50-99,39,50-99,50-99,78.1,VPN-Infrastructure-Atlas
Astrill,FR,France,16276,OVH,50-99,16,50-99,50-99,78.0,VPN-Infrastructure-Atlas
Mullvad,RO,Romania,9009,M247,50-99,50,50-99,50-99,95.0,VPN-Infrastructure-Atlas
PureVPN,RO,Romania,9009,M247,50-99,42,50-99,50-99,88.0,VPN-Infrastructure-Atlas
Privado,NL,Netherlands,34343,BIP-AS BIP Backbone ASN,50-99,12,50-99,50-99,95.0,VPN-Infrastructure-Atlas
Mullvad,SE,Sweden,39351,ESAB-AS,50-99,20,50-99,50-99,95.0,VPN-Infrastructure-Atlas
ExpressVPN,AU,Australia,137409,GSLNETWORKS-AS-AP GSL Networks Pty LTD,50-99,35,50-99,50-99,69.7,VPN-Infrastructure-Atlas
Astrill,US,United States,20473,AS-VULTR,50-99,3,50-99,50-99,78.0,VPN-Infrastructure-Atlas
Sentinel dVPN,DE,Germany,8560,"IONOS-AS This is the joint network for IONOS, Fasthosts, Arsys, 1&1 Mail and Media and 1&1 Telecom. Formerly known as 1&1 Internet SE.",50-99,81,50-99,50-99,95.0,VPN-Infrastructure-Atlas
Windscribe,US,United States,11878,TZULO,50-99,14,50-99,50-99,95.0,VPN-Infrastructure-Atlas
IPVanish,US,United States,46844,SHARKTECH,50-99,2,50-99,50-99,95.0,VPN-Infrastructure-Atlas
TunnelBear,US,United States,14061,DIGITALOCEAN-ASN,50-99,77,50-99,50-99,95.0,VPN-Infrastructure-Atlas
WLVPN,US,United States,46844,SHARKTECH,50-99,2,50-99,50-99,95.0,VPN-Infrastructure-Atlas
Private Internet Access,RO,Romania,9009,M247,50-99,29,50-99,50-99,95.0,VPN-Infrastructure-Atlas
Private Internet Access,US,United States,137409,GSLNETWORKS-AS-AP GSL Networks Pty LTD,50-99,36,50-99,50-99,95.0,VPN-Infrastructure-Atlas
NordVPN,BR,Brazil,262287,Latitude.sh LTDA,50-99,8,50-99,50-99,95.0,VPN-Infrastructure-Atlas
OVPN,SE,Sweden,42675,OBEHOSTING Obehosting AB,50-99,6,50-99,50-99,95.0,VPN-Infrastructure-Atlas
VPN Unlimited,US,United States,20473,AS-VULTR,50-99,60,50-99,50-99,70.0,VPN-Infrastructure-Atlas
Astrill,US,United States,36351,SOFTLAYER,50-99,12,50-99,50-99,78.1,VPN-Infrastructure-Atlas
IPVanish,US,United States,54203,NETPROTECT-SP,50-99,2,50-99,50-99,95.0,VPN-Infrastructure-Atlas
WLVPN,US,United States,54203,NETPROTECT-SP,50-99,2,50-99,50-99,95.0,VPN-Infrastructure-Atlas
Private Internet Access,AU,Australia,137409,GSLNETWORKS-AS-AP GSL Networks Pty LTD,50-99,21,50-99,50-99,95.0,VPN-Infrastructure-Atlas
IPVanish,US,United States,36352,AS-COLOCROSSING,50-99,2,50-99,50-99,95.0,VPN-Infrastructure-Atlas
Private Internet Access,GB,United Kingdom,212238,CDNEXT,50-99,25,50-99,50-99,95.0,VPN-Infrastructure-Atlas
WLVPN,US,United States,36352,AS-COLOCROSSING,50-99,2,50-99,50-99,95.0,VPN-Infrastructure-Atlas
WorldVPN,DE,Germany,24940,HETZNER-AS,50-99,46,50-99,50-99,88.0,VPN-Infrastructure-Atlas
Astrill,US,United States,6939,HURRICANE,50-99,13,50-99,50-99,78.0,VPN-Infrastructure-Atlas
Giganews,US,United States,22363,PHMGMT-AS1,50-99,54,50-99,50-99,78.0,VPN-Infrastructure-Atlas
VyprVPN,US,United States,22363,PHMGMT-AS1,50-99,54,50-99,50-99,95.0,VPN-Infrastructure-Atlas
NordVPN,IN,India,203020,HOSTROYALE,50-99,6,50-99,50-99,95.0,VPN-Infrastructure-Atlas
Anonine,RO,Romania,9009,M247,50-99,9,50-99,50-99,95.0,VPN-Infrastructure-Atlas
BoxPN,RO,Romania,9009,M247,50-99,9,50-99,50-99,95.0,VPN-Infrastructure-Atlas
EasyHideIP,RO,Romania,9009,M247,50-99,9,50-99,50-99,95.0,VPN-Infrastructure-Atlas
FrootVPN,RO,Romania,9009,M247,50-99,9,50-99,50-99,95.0,VPN-Infrastructure-Atlas
NordVPN,AU,Australia,136557,HOST-AS-AP Host Universal Pty Ltd,50-99,8,50-99,50-99,95.0,VPN-Infrastructure-Atlas
PureVPN,AU,Australia,137409,GSLNETWORKS-AS-AP GSL Networks Pty LTD,lt-50,18,lt-50,lt-50,88.0,VPN-Infrastructure-Atlas
VPN Unlimited,US,United States,14061,DIGITALOCEAN-ASN,lt-50,34,lt-50,lt-50,70.0,VPN-Infrastructure-Atlas
IPVanish,GB,United Kingdom,3223,VOXILITY,lt-50,2,lt-50,lt-50,95.0,VPN-Infrastructure-Atlas
NordVPN,NL,Netherlands,49453,GLOBALLAYER,lt-50,4,lt-50,lt-50,95.0,VPN-Infrastructure-Atlas
PureVPN,MY,Malaysia,132372,GBNETWORK-AS-AP GB Network Solutions Sdn. Bhd.,lt-50,17,lt-50,lt-50,88.0,VPN-Infrastructure-Atlas
WLVPN,GB,United Kingdom,3223,VOXILITY,lt-50,2,lt-50,lt-50,95.0,VPN-Infrastructure-Atlas
CyberGhost,NL,Netherlands,51430,ALTUS,lt-50,2,lt-50,lt-50,71.1,VPN-Infrastructure-Atlas
WiTopia,US,United States,393423,NTT-GLOBAL-DATA-CENTERS-AMERICA-INC,lt-50,2,lt-50,lt-50,95.0,VPN-Infrastructure-Atlas
IPVanish,US,United States,21859,ZEN-ECN,lt-50,6,lt-50,lt-50,95.0,VPN-Infrastructure-Atlas
WLVPN,US,United States,21859,ZEN-ECN,lt-50,6,lt-50,lt-50,95.0,VPN-Infrastructure-Atlas
AirVPN,US,United States,62744,QUINTEX,lt-50,2,lt-50,lt-50,95.0,VPN-Infrastructure-Atlas
Privado,NL,Netherlands,205467,BASEIP-LAX,lt-50,6,lt-50,lt-50,95.0,VPN-Infrastructure-Atlas
TunnelBear,SG,Singapore,63949,AKAMAI-LINODE-AP Akamai Connected Cloud,lt-50,33,lt-50,lt-50,95.0,VPN-Infrastructure-Atlas
VPN Unlimited,NL,Netherlands,209847,THE,lt-50,21,lt-50,lt-50,70.0,VPN-Infrastructure-Atlas
IPVanish,US,United States,13737,AS-INCX,lt-50,1,lt-50,lt-50,95.0,VPN-Infrastructure-Atlas
Trust.Zone,RO,Romania,9009,M247,lt-50,33,lt-50,lt-50,70.0,VPN-Infrastructure-Atlas
WLVPN,US,United States,13737,AS-INCX,lt-50,1,lt-50,lt-50,95.0,VPN-Infrastructure-Atlas
WiTopia,FR,France,16276,OVH,lt-50,7,lt-50,lt-50,95.0,VPN-Infrastructure-Atlas
IPVanish,NL,Netherlands,43350,NFORCE,lt-50,1,lt-50,lt-50,95.0,VPN-Infrastructure-Atlas
NordVPN,US,United States,20278,NEXEON,lt-50,9,lt-50,lt-50,95.0,VPN-Infrastructure-Atlas
WLVPN,NL,Netherlands,43350,NFORCE,lt-50,1,lt-50,lt-50,95.0,VPN-Infrastructure-Atlas
CyberGhost,LT,Lithuania,61272,IST-AS,lt-50,2,lt-50,lt-50,73.3,VPN-Infrastructure-Atlas
ExpressVPN,GB,United Kingdom,212238,CDNEXT,lt-50,17,lt-50,lt-50,69.1,VPN-Infrastructure-Atlas
Goosevpn,RO,Romania,9009,M247,lt-50,31,lt-50,lt-50,78.0,VPN-Infrastructure-Atlas
IPVanish,AU,Australia,137409,GSLNETWORKS-AS-AP GSL Networks Pty LTD,lt-50,7,lt-50,lt-50,95.0,VPN-Infrastructure-Atlas
IPVanish,RO,Romania,9009,M247,lt-50,6,lt-50,lt-50,95.0,VPN-Infrastructure-Atlas
IVPN,GB,United Kingdom,60068,CDN77 _,lt-50,29,lt-50,lt-50,95.0,VPN-Infrastructure-Atlas
Opera VPN,SE,Sweden,205016,HERNLABS,lt-50,3,lt-50,lt-50,70.0,VPN-Infrastructure-Atlas
WLVPN,AU,Australia,137409,GSLNETWORKS-AS-AP GSL Networks Pty LTD,lt-50,7,lt-50,lt-50,95.0,VPN-Infrastructure-Atlas
WLVPN,RO,Romania,9009,M247,lt-50,6,lt-50,lt-50,95.0,VPN-Infrastructure-Atlas
Astrill,US,United States,46844,SHARKTECH,lt-50,14,lt-50,lt-50,78.2,VPN-Infrastructure-Atlas
AirVPN,SE,Sweden,51815,TEKNIKBYRAN,lt-50,1,lt-50,lt-50,95.0,VPN-Infrastructure-Atlas
Astrill,US,United States,30058,FDCSERVERS,lt-50,17,lt-50,lt-50,78.0,VPN-Infrastructure-Atlas
Astrill,US,United States,40676,AS40676 - Psychz Networks,lt-50,13,lt-50,lt-50,78.0,VPN-Infrastructure-Atlas
CyberGhost,GB,United Kingdom,58065,PACKETEXCHANGE,lt-50,2,lt-50,lt-50,72.1,VPN-Infrastructure-Atlas
IPVanish,CA,Canada,55286,SERVER-MANIA,lt-50,1,lt-50,lt-50,95.0,VPN-Infrastructure-Atlas
IPVanish,GB,United Kingdom,42831,"UKSERVERS-AS UK Dedicated Servers, Hosting and Co-Location",lt-50,4,lt-50,lt-50,95.0,VPN-Infrastructure-Atlas
Mullvad,IN,India,203020,HOSTROYALE,lt-50,17,lt-50,lt-50,95.0,VPN-Infrastructure-Atlas
WLVPN,CA,Canada,55286,SERVER-MANIA,lt-50,1,lt-50,lt-50,95.0,VPN-Infrastructure-Atlas
WLVPN,GB,United Kingdom,42831,"UKSERVERS-AS UK Dedicated Servers, Hosting and Co-Location",lt-50,4,lt-50,lt-50,95.0,VPN-Infrastructure-Atlas
CyberGhost,GB,United Kingdom,41564,AS41564,lt-50,1,lt-50,lt-50,72.2,VPN-Infrastructure-Atlas
IPVanish,US,United States,13926,NETPROTECT-PHX,lt-50,1,lt-50,lt-50,95.0,VPN-Infrastructure-Atlas
Sentinel dVPN,GB,United Kingdom,49683,MASSIVEGRID,lt-50,21,lt-50,lt-50,95.0,VPN-Infrastructure-Atlas
Sentinel dVPN,GB,United Kingdom,61112,AkileCloud Network,lt-50,23,lt-50,lt-50,95.0,VPN-Infrastructure-Atlas
WLVPN,US,United States,13926,NETPROTECT-PHX,lt-50,1,lt-50,lt-50,95.0,VPN-Infrastructure-Atlas
Astrill,CA,Canada,55286,SERVER-MANIA,lt-50,7,lt-50,lt-50,78.1,VPN-Infrastructure-Atlas
FastestVPN,RO,Romania,9009,M247,lt-50,29,lt-50,lt-50,95.0,VPN-Infrastructure-Atlas
ProtonVPN,GB,United Kingdom,60068,CDN77 _,lt-50,17,lt-50,lt-50,95.0,VPN-Infrastructure-Atlas
AirVPN,NL,Netherlands,6206,NETROUTING-AS,lt-50,5,lt-50,lt-50,95.0,VPN-Infrastructure-Atlas
IVPN,RO,Romania,9009,M247,lt-50,22,lt-50,lt-50,95.0,VPN-Infrastructure-Atlas
Astrill,US,United States,22612,NAMECHEAP-NET,lt-50,1,lt-50,lt-50,80.0,VPN-Infrastructure-Atlas
Astrill,US,United States,32097,WII,lt-50,3,lt-50,lt-50,79.3,VPN-Infrastructure-Atlas
Windscribe,GB,United Kingdom,60068,CDN77 _,lt-50,8,lt-50,lt-50,95.0,VPN-Infrastructure-Atlas
NordVPN,GB,United Kingdom,58325,BANDWIDTH-ASIA,lt-50,3,lt-50,lt-50,95.0,VPN-Infrastructure-Atlas
ProtonVPN,NL,Netherlands,49981,WORLDSTREAM,lt-50,24,lt-50,lt-50,95.0,VPN-Infrastructure-Atlas
WiTopia,GB,United Kingdom,0,,lt-50,1,lt-50,lt-50,95.0,VPN-Infrastructure-Atlas
Windscribe,EE,Estonia,206804,ESTNOC-GLOBAL,lt-50,7,lt-50,lt-50,95.0,VPN-Infrastructure-Atlas
ExpressVPN,BR,Brazil,262287,Latitude.sh LTDA,lt-50,5,lt-50,lt-50,70.0,VPN-Infrastructure-Atlas
FlowVPN,CA,Canada,136258,"ONEPROVIDER-AS BrainStorm Network, Inc",lt-50,16,lt-50,lt-50,70.0,VPN-Infrastructure-Atlas
IPVanish,GB,United Kingdom,212238,CDNEXT,lt-50,1,lt-50,lt-50,95.0,VPN-Infrastructure-Atlas
SwitchVPN,US,United States,20473,AS-VULTR,lt-50,19,lt-50,lt-50,88.0,VPN-Infrastructure-Atlas
VPNSecure,FR,France,16276,OVH,lt-50,19,lt-50,lt-50,88.0,VPN-Infrastructure-Atlas
WLVPN,GB,United Kingdom,212238,CDNEXT,lt-50,1,lt-50,lt-50,95.0,VPN-Infrastructure-Atlas
Astrill,TW,Taiwan,3462,HINET Data Communication Business Group,lt-50,13,lt-50,lt-50,78.0,VPN-Infrastructure-Atlas
Astrill,US,United States,63023,AS-GLOBALTELEHOST,lt-50,7,lt-50,lt-50,78.1,VPN-Infrastructure-Atlas
Privado,NL,Netherlands,34305,BASEIP,lt-50,4,lt-50,lt-50,95.0,VPN-Infrastructure-Atlas
VPN Unlimited,CA,Canada,136258,"ONEPROVIDER-AS BrainStorm Network, Inc",lt-50,11,lt-50,lt-50,70.0,VPN-Infrastructure-Atlas
Anonine,US,United States,63023,AS-GLOBALTELEHOST,lt-50,3,lt-50,lt-50,95.0,VPN-Infrastructure-Atlas
Astrill,RO,Romania,9009,M247,lt-50,10,lt-50,lt-50,78.0,VPN-Infrastructure-Atlas
BoxPN,US,United States,63023,AS-GLOBALTELEHOST,lt-50,3,lt-50,lt-50,95.0,VPN-Infrastructure-Atlas
EasyHideIP,US,United States,63023,AS-GLOBALTELEHOST,lt-50,3,lt-50,lt-50,95.0,VPN-Infrastructure-Atlas
ExpressVPN,GB,United Kingdom,13213,UK2NET-AS,lt-50,1,lt-50,lt-50,70.0,VPN-Infrastructure-Atlas
FrootVPN,US,United States,63023,AS-GLOBALTELEHOST,lt-50,3,lt-50,lt-50,95.0,VPN-Infrastructure-Atlas
Private Internet Access,US,United States,174,COGENT-174,lt-50,13,lt-50,lt-50,95.0,VPN-Infrastructure-Atlas
ProtonVPN,AU,Australia,136557,HOST-AS-AP Host Universal Pty Ltd,lt-50,12,lt-50,lt-50,95.0,VPN-Infrastructure-Atlas
Windscribe,AU,Australia,137409,GSLNETWORKS-AS-AP GSL Networks Pty LTD,lt-50,8,lt-50,lt-50,95.0,VPN-Infrastructure-Atlas
CyberGhost,EE,Estonia,206804,ESTNOC-GLOBAL,lt-50,2,lt-50,lt-50,71.9,VPN-Infrastructure-Atlas
IPVanish,GB,United Kingdom,25369,BANDWIDTH-AS,lt-50,2,lt-50,lt-50,95.0,VPN-Infrastructure-Atlas
WLVPN,GB,United Kingdom,25369,BANDWIDTH-AS,lt-50,2,lt-50,lt-50,95.0,VPN-Infrastructure-Atlas
WiTopia,US,United States,395954,LEASEWEB-USA-LAX,lt-50,4,lt-50,lt-50,95.0,VPN-Infrastructure-Atlas
WiTopia,US,United States,396362,LEASEWEB-USA-NYC,lt-50,5,lt-50,lt-50,95.0,VPN-Infrastructure-Atlas
WorldVPN,US,United States,63473,HOSTHATCH,lt-50,9,lt-50,lt-50,88.0,VPN-Infrastructure-Atlas
AirVPN,CA,Canada,394256,CLOUDSINGULARITY,lt-50,2,lt-50,lt-50,95.0,VPN-Infrastructure-Atlas
CyberGhost,RO,Romania,44679,BINBOX-GLOBAL-SERVICES,lt-50,2,lt-50,lt-50,71.0,VPN-Infrastructure-Atlas
NordVPN,GB,United Kingdom,42831,"UKSERVERS-AS UK Dedicated Servers, Hosting and Co-Location",lt-50,22,lt-50,lt-50,95.0,VPN-Infrastructure-Atlas
ExpressVPN,GB,United Kingdom,62240,CLOUVIDER Clouvider - Global ASN,lt-50,10,lt-50,lt-50,70.0,VPN-Infrastructure-Atlas
Sentinel dVPN,RO,Romania,9009,M247,lt-50,20,lt-50,lt-50,95.0,VPN-Infrastructure-Atlas
VPN Jantit,CN,China,45102,"ALIBABA-CN-NET Alibaba US Technology Co., Ltd.",lt-50,21,lt-50,lt-50,88.0,VPN-Infrastructure-Atlas
ExpressVPN,US,United States,396356,LATITUDE-SH,lt-50,8,lt-50,lt-50,70.0,VPN-Infrastructure-Atlas
Mullvad,VU,Vanuatu,43357,OWL Owl Limited,lt-50,6,lt-50,lt-50,95.0,VPN-Infrastructure-Atlas
Private Internet Access,US,United States,212238,CDNEXT,lt-50,9,lt-50,lt-50,95.0,VPN-Infrastructure-Atlas
Windscribe,AR,Argentina,263812,SONDATECH S.A.S.,lt-50,7,lt-50,lt-50,95.0,VPN-Infrastructure-Atlas
AirVPN,US,United States,63018,DEDICATED,lt-50,1,lt-50,lt-50,95.0,VPN-Infrastructure-Atlas
EasyHideIP,GB,United Kingdom,42831,"UKSERVERS-AS UK Dedicated Servers, Hosting and Co-Location",lt-50,3,lt-50,lt-50,95.0,VPN-Infrastructure-Atlas
IPVanish,GB,United Kingdom,13213,UK2NET-AS,lt-50,1,lt-50,lt-50,95.0,VPN-Infrastructure-Atlas
Mullvad,AU,Australia,136557,HOST-AS-AP Host Universal Pty Ltd,lt-50,7,lt-50,lt-50,95.0,VPN-Infrastructure-Atlas
ProtonVPN,CH,Switzerland,209103,PROTONVPN,lt-50,4,lt-50,lt-50,95.0,VPN-Infrastructure-Atlas
Sentinel dVPN,CA,Canada,136258,"ONEPROVIDER-AS BrainStorm Network, Inc",lt-50,12,lt-50,lt-50,95.0,VPN-Infrastructure-Atlas
TunnelBear,NZ,New Zealand,45179,SITEHOST-AS-AP SiteHost New Zealand,lt-50,1,lt-50,lt-50,95.0,VPN-Infrastructure-Atlas
VPN Unlimited,US,United States,46450,PILOT,lt-50,2,lt-50,lt-50,70.0,VPN-Infrastructure-Atlas
VPN.ac,RO,Romania,9009,M247,lt-50,17,lt-50,lt-50,95.0,VPN-Infrastructure-Atlas
WLVPN,GB,United Kingdom,13213,UK2NET-AS,lt-50,1,lt-50,lt-50,95.0,VPN-Infrastructure-Atlas
WiTopia,TR,Türkiye,48011,DIGITURUNC,lt-50,1,lt-50,lt-50,95.0,VPN-Infrastructure-Atlas
WiTopia,US,United States,27411,LEASEWEB-USA-CHI,lt-50,7,lt-50,lt-50,95.0,VPN-Infrastructure-Atlas
WiTopia,US,United States,63018,DEDICATED,lt-50,3,lt-50,lt-50,95.0,VPN-Infrastructure-Atlas
Astrill,US,United States,18779,EGIHOSTING,lt-50,4,lt-50,lt-50,78.0,VPN-Infrastructure-Atlas
AzireVPN,GB,United Kingdom,60068,CDN77 _,lt-50,19,lt-50,lt-50,95.0,VPN-Infrastructure-Atlas
CyberGhost,MD,Moldova,43289,TRABIA,lt-50,3,lt-50,lt-50,72.6,VPN-Infrastructure-Atlas
Giganews,US,United States,40861,PARAD-40-ASN,lt-50,8,lt-50,lt-50,78.0,VPN-Infrastructure-Atlas
VPN Unlimited,FR,France,12876,Online SAS,lt-50,13,lt-50,lt-50,70.0,VPN-Infrastructure-Atlas
VyprVPN,US,United States,40861,PARAD-40-ASN,lt-50,8,lt-50,lt-50,95.0,VPN-Infrastructure-Atlas
ProtonVPN,CH,Switzerland,199218,PROTONVPN-2,lt-50,5,lt-50,lt-50,95.0,VPN-Infrastructure-Atlas
SSHMax,CZ,Czechia,60592,GRANSY Gransy s.r.o. gransy.com,lt-50,2,lt-50,lt-50,70.0,VPN-Infrastructure-Atlas
Sentinel dVPN,IT,Italy,214677,DELUXHOST,lt-50,12,lt-50,lt-50,95.0,VPN-Infrastructure-Atlas
VPN Gate,KR,South Korea,4766,KIXS-AS-KR Korea Telecom,lt-50,18,lt-50,lt-50,78.0,VPN-Infrastructure-Atlas
VPN Jantit,GB,United Kingdom,215540,GCS-AS,lt-50,15,lt-50,lt-50,88.0,VPN-Infrastructure-Atlas
VPNUK,GB,United Kingdom,51905,CWCS-VM CompuWeb Communications Services Ltd,lt-50,8,lt-50,lt-50,95.0,VPN-Infrastructure-Atlas
WLVPN,EE,Estonia,206804,ESTNOC-GLOBAL,lt-50,3,lt-50,lt-50,95.0,VPN-Infrastructure-Atlas
WiTopia,US,United States,47100,WITOPIA-AS1,lt-50,2,lt-50,lt-50,95.0,VPN-Infrastructure-Atlas
Windscribe,AU,Australia,133480,INT-5GN-AS-AP 5G NETWORK OPERATIONS PTY LTD,lt-50,6,lt-50,lt-50,95.0,VPN-Infrastructure-Atlas
Windscribe,US,United States,13737,AS-INCX,lt-50,3,lt-50,lt-50,95.0,VPN-Infrastructure-Atlas
IPVanish,EE,Estonia,206804,ESTNOC-GLOBAL,lt-50,3,lt-50,lt-50,95.0,VPN-Infrastructure-Atlas
NordVPN,SE,Sweden,51747,INTERNETBOLAGET,lt-50,1,lt-50,lt-50,95.0,VPN-Infrastructure-Atlas
Sentinel dVPN,CN,China,45102,"ALIBABA-CN-NET Alibaba US Technology Co., Ltd.",lt-50,17,lt-50,lt-50,95.0,VPN-Infrastructure-Atlas
AirVPN,LV,Latvia,52048,RIXHOST,lt-50,4,lt-50,lt-50,95.0,VPN-Infrastructure-Atlas
Anonine,AU,Australia,136557,HOST-AS-AP Host Universal Pty Ltd,lt-50,2,lt-50,lt-50,95.0,VPN-Infrastructure-Atlas
Astrill,DE,Germany,29066,VELIANET-AS velia.net Internetdienste GmbH,lt-50,9,lt-50,lt-50,78.0,VPN-Infrastructure-Atlas
Astrill,US,United States,22439,PERFECT-INTERNATIONAL,lt-50,3,lt-50,lt-50,78.2,VPN-Infrastructure-Atlas
Astrill,US,United States,396356,LATITUDE-SH,lt-50,5,lt-50,lt-50,78.0,VPN-Infrastructure-Atlas
BoxPN,AU,Australia,136557,HOST-AS-AP Host Universal Pty Ltd,lt-50,2,lt-50,lt-50,95.0,VPN-Infrastructure-Atlas
EasyHideIP,AU,Australia,136557,HOST-AS-AP Host Universal Pty Ltd,lt-50,2,lt-50,lt-50,95.0,VPN-Infrastructure-Atlas
FrootVPN,AU,Australia,136557,HOST-AS-AP Host Universal Pty Ltd,lt-50,2,lt-50,lt-50,95.0,VPN-Infrastructure-Atlas
NordVPN,IN,India,207990,HR-CUSTOMER,lt-50,2,lt-50,lt-50,95.0,VPN-Infrastructure-Atlas
NordVPN,IN,India,39486,HOSTROYALE,lt-50,2,lt-50,lt-50,95.0,VPN-Infrastructure-Atlas
Perimeter81,US,United States,16509,AMAZON-02,lt-50,4,lt-50,lt-50,70.0,VPN-Infrastructure-Atlas
Smartdnsproxy,RO,Romania,9009,M247,lt-50,15,lt-50,lt-50,78.0,VPN-Infrastructure-Atlas
StrongVPN,GB,United Kingdom,62240,CLOUVIDER Clouvider - Global ASN,lt-50,7,lt-50,lt-50,83.8,VPN-Infrastructure-Atlas
TunnelBear,HK,Hong Kong,133752,LEASEWEB-APAC-HKG-10 LEASEWEB HONG KONG LIMITED,lt-50,3,lt-50,lt-50,95.0,VPN-Infrastructure-Atlas
TunnelBear,US,United States,29838,AMC,lt-50,4,lt-50,lt-50,95.0,VPN-Infrastructure-Atlas
TunnelBear,US,United States,46475,LIMESTONENETWORKS,lt-50,5,lt-50,lt-50,95.0,VPN-Infrastructure-Atlas
VPN Gate,US,United States,36599,SOFTETHER-AMERICA,lt-50,1,lt-50,lt-50,78.0,VPN-Infrastructure-Atlas
VPN Jantit,FR,France,16276,OVH,lt-50,15,lt-50,lt-50,88.0,VPN-Infrastructure-Atlas
VPN Jantit,RU,Russia,41745,FORTIS-AS Hosting services,lt-50,14,lt-50,lt-50,88.0,VPN-Infrastructure-Atlas
Windscribe,CA,Canada,53356,FREE RANGE CLOUD,lt-50,4,lt-50,lt-50,95.0,VPN-Infrastructure-Atlas
Astrill,GB,United Kingdom,60068,CDN77 _,lt-50,4,lt-50,lt-50,78.0,VPN-Infrastructure-Atlas
Astrill,IN,India,203020,HOSTROYALE,lt-50,8,lt-50,lt-50,78.0,VPN-Infrastructure-Atlas
BoxPN,US,United States,29889,FSNET-1,lt-50,4,lt-50,lt-50,95.0,VPN-Infrastructure-Atlas
CyberGhost,AL,Albania,197706,"KEMINET A datacenter located in TiranaAlbania. Webhosting, Dedicated Servers, VPS, IPv4IPv6 leasing",lt-50,2,lt-50,lt-50,75.0,VPN-Infrastructure-Atlas
CyberGhost,RO,Romania,5606,GTS-BACKBONE GTS Telecom,lt-50,1,lt-50,lt-50,71.7,VPN-Infrastructure-Atlas
OVPN,RO,Romania,9009,M247,lt-50,14,lt-50,lt-50,95.0,VPN-Infrastructure-Atlas
Sentinel dVPN,HK,Hong Kong,56971,AS56971 AS56971 Cloud,lt-50,15,lt-50,lt-50,95.0,VPN-Infrastructure-Atlas
Sentinel dVPN,TR,Türkiye,210538,KEYUBU,lt-50,3,lt-50,lt-50,95.0,VPN-Infrastructure-Atlas
Sentinel dVPN,TR,Türkiye,215567,NETVAY,lt-50,3,lt-50,lt-50,95.0,VPN-Infrastructure-Atlas
Sentinel dVPN,TR,Türkiye,47516,DEHOST-INTERNET-VE-BILISIM-TEKNOLOJILERI-SAN-TIC-LTD-STI DEHOST INTERNET VE BILISIM TEKNOLOJILERI SANAYI TICARET LIMITED SIRKETI,lt-50,3,lt-50,lt-50,95.0,VPN-Infrastructure-Atlas
Sentinel dVPN,US,United States,21743,ANL-36,lt-50,1,lt-50,lt-50,95.0,VPN-Infrastructure-Atlas
VPNUK,CA,Canada,136258,"ONEPROVIDER-AS BrainStorm Network, Inc",lt-50,15,lt-50,lt-50,95.0,VPN-Infrastructure-Atlas
Vpnht,DE,Germany,58212,DATAFOREST,lt-50,1,lt-50,lt-50,78.0,VPN-Infrastructure-Atlas
Vpnht,FR,France,12876,Online SAS,lt-50,4,lt-50,lt-50,78.0,VPN-Infrastructure-Atlas
WiTopia,CA,Canada,32489,AMANAHA-NEW,lt-50,2,lt-50,lt-50,95.0,VPN-Infrastructure-Atlas
WiTopia,US,United States,394380,LEASEWEB-USA-DAL,lt-50,4,lt-50,lt-50,95.0,VPN-Infrastructure-Atlas
Windscribe,ID,Indonesia,150249,IDNIC-ATHARVA-AS-ID PT Atharva Telematika Persada,lt-50,3,lt-50,lt-50,95.0,VPN-Infrastructure-Atlas
Anonine,LU,Luxembourg,9008,ASN-VO Visual Online S.A. Luxembourg,lt-50,1,lt-50,lt-50,95.0,VPN-Infrastructure-Atlas
Anonine,US,United States,29889,FSNET-1,lt-50,4,lt-50,lt-50,95.0,VPN-Infrastructure-Atlas
Astrill,US,United States,395954,LEASEWEB-USA-LAX,lt-50,7,lt-50,lt-50,78.0,VPN-Infrastructure-Atlas
Astrill,US,United States,53850,GORILLASERVERS,lt-50,6,lt-50,lt-50,78.0,VPN-Infrastructure-Atlas
BoxPN,LU,Luxembourg,9008,ASN-VO Visual Online S.A. Luxembourg,lt-50,1,lt-50,lt-50,95.0,VPN-Infrastructure-Atlas
EasyHideIP,LU,Luxembourg,9008,ASN-VO Visual Online S.A. Luxembourg,lt-50,1,lt-50,lt-50,95.0,VPN-Infrastructure-Atlas
EasyHideIP,US,United States,29889,FSNET-1,lt-50,4,lt-50,lt-50,95.0,VPN-Infrastructure-Atlas
FrootVPN,LU,Luxembourg,9008,ASN-VO Visual Online S.A. Luxembourg,lt-50,1,lt-50,lt-50,95.0,VPN-Infrastructure-Atlas
FrootVPN,US,United States,29889,FSNET-1,lt-50,4,lt-50,lt-50,95.0,VPN-Infrastructure-Atlas
Hotspotshield,RO,Romania,9009,M247,lt-50,14,lt-50,lt-50,78.0,VPN-Infrastructure-Atlas
IPVanish,FI,Finland,51765,CREANOVA-AS Oy Creanova Hosting Solutions Ltd.,lt-50,1,lt-50,lt-50,95.0,VPN-Infrastructure-Atlas
VPNUK,GB,United Kingdom,20860,IOMART-AS,lt-50,13,lt-50,lt-50,86.1,VPN-Infrastructure-Atlas
WLVPN,FI,Finland,51765,CREANOVA-AS Oy Creanova Hosting Solutions Ltd.,lt-50,1,lt-50,lt-50,95.0,VPN-Infrastructure-Atlas
Anonine,SE,Sweden,42708,GLESYS glesys.com,lt-50,3,lt-50,lt-50,95.0,VPN-Infrastructure-Atlas
AnonymousVPN,NL,Netherlands,209847,THE,lt-50,12,lt-50,lt-50,95.0,VPN-Infrastructure-Atlas
Astrill,GB,United Kingdom,60464,SUPERNET-UK,lt-50,3,lt-50,lt-50,78.0,VPN-Infrastructure-Atlas
Astrill,US,United States,55081,24SHELLS,lt-50,5,lt-50,lt-50,78.0,VPN-Infrastructure-Atlas
CyberGhost,DE,Germany,29066,VELIANET-AS velia.net Internetdienste GmbH,lt-50,6,lt-50,lt-50,71.9,VPN-Infrastructure-Atlas
IPVanish,US,United States,396356,LATITUDE-SH,lt-50,1,lt-50,lt-50,95.0,VPN-Infrastructure-Atlas
Kompot VPN,PA,Panama,51852,PLI-AS,lt-50,2,lt-50,lt-50,70.0,VPN-Infrastructure-Atlas
NetShade,FR,France,16276,OVH,lt-50,13,lt-50,lt-50,95.0,VPN-Infrastructure-Atlas
ProtonVPN,EE,Estonia,206804,ESTNOC-GLOBAL,lt-50,11,lt-50,lt-50,95.0,VPN-Infrastructure-Atlas
Riseup VPN,FR,France,12876,Online SAS,lt-50,11,lt-50,lt-50,95.0,VPN-Infrastructure-Atlas
Sentinel dVPN,GB,United Kingdom,47890,UNMANAGED-DEDICATED-SERVERS,lt-50,2,lt-50,lt-50,95.0,VPN-Infrastructure-Atlas
Sentinel dVPN,US,United States,20278,NEXEON,lt-50,9,lt-50,lt-50,95.0,VPN-Infrastructure-Atlas
Vpnht,GB,United Kingdom,3223,VOXILITY,lt-50,7,lt-50,lt-50,78.0,VPN-Infrastructure-Atlas
WLVPN,US,United States,396356,LATITUDE-SH,lt-50,1,lt-50,lt-50,95.0,VPN-Infrastructure-Atlas
Windscribe,GB,United Kingdom,41564,AS41564,lt-50,2,lt-50,lt-50,95.0,VPN-Infrastructure-Atlas
AirVPN,NL,Netherlands,51430,ALTUS,lt-50,3,lt-50,lt-50,95.0,VPN-Infrastructure-Atlas
AirVPN,NZ,New Zealand,45179,SITEHOST-AS-AP SiteHost New Zealand,lt-50,2,lt-50,lt-50,95.0,VPN-Infrastructure-Atlas
Astrill,US,United States,32181,ASN-GIGENET,lt-50,3,lt-50,lt-50,78.2,VPN-Infrastructure-Atlas
CyberGhost,US,United States,3257,GTT-BACKBONE GTT,lt-50,2,lt-50,lt-50,74.2,VPN-Infrastructure-Atlas
Mullvad,NO,Norway,50304,BLIX,lt-50,3,lt-50,lt-50,95.0,VPN-Infrastructure-Atlas
Mullvad,US,United States,21859,ZEN-ECN,lt-50,8,lt-50,lt-50,95.0,VPN-Infrastructure-Atlas
NordVPN,US,United States,3257,GTT-BACKBONE GTT,lt-50,3,lt-50,lt-50,95.0,VPN-Infrastructure-Atlas
Private Internet Access,UK,United Kingdom,212238,CDNEXT,lt-50,3,lt-50,lt-50,95.0,VPN-Infrastructure-Atlas
RedShield VPN,GB,United Kingdom,60068,CDN77 _,lt-50,12,lt-50,lt-50,95.0,VPN-Infrastructure-Atlas
StrongVPN,US,United States,140952,"STL-AS-AP Strong Technology, LLC",lt-50,5,lt-50,lt-50,86.2,VPN-Infrastructure-Atlas
Surfshark,US,United States,212238,CDNEXT,lt-50,12,lt-50,lt-50,95.0,VPN-Infrastructure-Atlas
Trust.Zone,GB,United Kingdom,60068,CDN77 _,lt-50,12,lt-50,lt-50,70.0,VPN-Infrastructure-Atlas
Windscribe,US,United States,36352,AS-COLOCROSSING,lt-50,4,lt-50,lt-50,95.0,VPN-Infrastructure-Atlas
Windscribe,US,United States,397373,H4Y-TECHNOLOGIES,lt-50,3,lt-50,lt-50,95.0,VPN-Infrastructure-Atlas
Zoogvpn,CA,Canada,136258,"ONEPROVIDER-AS BrainStorm Network, Inc",lt-50,12,lt-50,lt-50,78.0,VPN-Infrastructure-Atlas
Anonine,DE,Germany,24961,MYLOC-AS IP Backbone of WIIT AG formerly myLoc managed IT AG,lt-50,6,lt-50,lt-50,95.0,VPN-Infrastructure-Atlas
Astrill,JP,Japan,3258,XTOM-JAPAN xTom Japan Corporation,lt-50,1,lt-50,lt-50,78.0,VPN-Infrastructure-Atlas
Astrill,LT,Lithuania,56630,MELBICOM-EU-AS Melbikomas UAB,lt-50,4,lt-50,lt-50,78.0,VPN-Infrastructure-Atlas
Astrill,NL,Netherlands,50867,ORG-LVA15-AS,lt-50,3,lt-50,lt-50,78.0,VPN-Infrastructure-Atlas
BoxPN,DE,Germany,24961,MYLOC-AS IP Backbone of WIIT AG formerly myLoc managed IT AG,lt-50,6,lt-50,lt-50,95.0,VPN-Infrastructure-Atlas
CyberGhost,KE,Kenya,37684,ANGANI-AS,lt-50,1,lt-50,lt-50,72.3,VPN-Infrastructure-Atlas
EasyHideIP,DE,Germany,24961,MYLOC-AS IP Backbone of WIIT AG formerly myLoc managed IT AG,lt-50,6,lt-50,lt-50,95.0,VPN-Infrastructure-Atlas
ExpressVPN,RO,Romania,9009,M247,lt-50,6,lt-50,lt-50,70.0,VPN-Infrastructure-Atlas
FastestVPN,CA,Canada,136258,"ONEPROVIDER-AS BrainStorm Network, Inc",lt-50,4,lt-50,lt-50,95.0,VPN-Infrastructure-Atlas
FrootVPN,DE,Germany,24961,MYLOC-AS IP Backbone of WIIT AG formerly myLoc managed IT AG,lt-50,6,lt-50,lt-50,95.0,VPN-Infrastructure-Atlas
HideIPVPN,FR,France,16276,OVH,lt-50,11,lt-50,lt-50,70.0,VPN-Infrastructure-Atlas
IPVanish,IN,India,203020,HOSTROYALE,lt-50,2,lt-50,lt-50,95.0,VPN-Infrastructure-Atlas
IPVanish,MY,Malaysia,132372,GBNETWORK-AS-AP GB Network Solutions Sdn. Bhd.,lt-50,1,lt-50,lt-50,95.0,VPN-Infrastructure-Atlas
IVPN,US,United States,11878,TZULO,lt-50,8,lt-50,lt-50,95.0,VPN-Infrastructure-Atlas
Mullvad,GB,United Kingdom,13213,UK2NET-AS,lt-50,2,lt-50,lt-50,95.0,VPN-Infrastructure-Atlas
PureVPN,US,United States,46475,LIMESTONENETWORKS,lt-50,6,lt-50,lt-50,88.0,VPN-Infrastructure-Atlas
Sentinel dVPN,DE,Germany,24940,HETZNER-AS,lt-50,11,lt-50,lt-50,95.0,VPN-Infrastructure-Atlas
Sentinel dVPN,FR,France,16276,OVH,lt-50,11,lt-50,lt-50,95.0,VPN-Infrastructure-Atlas
Sentinel dVPN,US,United States,62564,LINVEO-LLC,lt-50,2,lt-50,lt-50,95.0,VPN-Infrastructure-Atlas
VPN Jantit,US,United States,20473,AS-VULTR,lt-50,11,lt-50,lt-50,88.0,VPN-Infrastructure-Atlas
WLVPN,IN,India,203020,HOSTROYALE,lt-50,2,lt-50,lt-50,95.0,VPN-Infrastructure-Atlas
WLVPN,MY,Malaysia,132372,GBNETWORK-AS-AP GB Network Solutions Sdn. Bhd.,lt-50,1,lt-50,lt-50,95.0,VPN-Infrastructure-Atlas
Anonine,IL,Israel,35758,HQSERV_NETWORKS,lt-50,1,lt-50,lt-50,95.0,VPN-Infrastructure-Atlas
Anonine,NL,Netherlands,60781,LEASEWEB-NL-AMS-01 Netherlands,lt-50,3,lt-50,lt-50,95.0,VPN-Infrastructure-Atlas
Astrill,US,United States,46475,LIMESTONENETWORKS,lt-50,3,lt-50,lt-50,78.2,VPN-Infrastructure-Atlas
BoxPN,IL,Israel,35758,HQSERV_NETWORKS,lt-50,1,lt-50,lt-50,95.0,VPN-Infrastructure-Atlas
BoxPN,NL,Netherlands,60781,LEASEWEB-NL-AMS-01 Netherlands,lt-50,3,lt-50,lt-50,95.0,VPN-Infrastructure-Atlas
CyberGhost,MK,North Macedonia,205119,TELEKS-,lt-50,1,lt-50,lt-50,72.5,VPN-Infrastructure-Atlas
EasyHideIP,IL,Israel,35758,HQSERV_NETWORKS,lt-50,1,lt-50,lt-50,95.0,VPN-Infrastructure-Atlas
EasyHideIP,NL,Netherlands,60781,LEASEWEB-NL-AMS-01 Netherlands,lt-50,3,lt-50,lt-50,95.0,VPN-Infrastructure-Atlas
Froot,SE,Sweden,42708,GLESYS glesys.com,lt-50,1,lt-50,lt-50,78.0,VPN-Infrastructure-Atlas
FrootVPN,IL,Israel,35758,HQSERV_NETWORKS,lt-50,1,lt-50,lt-50,95.0,VPN-Infrastructure-Atlas
FrootVPN,NL,Netherlands,60781,LEASEWEB-NL-AMS-01 Netherlands,lt-50,3,lt-50,lt-50,95.0,VPN-Infrastructure-Atlas
FrootVPN,SE,Sweden,42708,GLESYS glesys.com,lt-50,1,lt-50,lt-50,95.0,VPN-Infrastructure-Atlas
GhostPath,US,United States,63949,AKAMAI-LINODE-AP Akamai Connected Cloud,lt-50,10,lt-50,lt-50,88.0,VPN-Infrastructure-Atlas
IPVanish,CR,Costa Rica,52423,Data Miners S.A.  Racknation.cr,lt-50,1,lt-50,lt-50,95.0,VPN-Infrastructure-Atlas
IPVanish,JP,Japan,4785,XTOM-AS-JP xTom,lt-50,1,lt-50,lt-50,95.0,VPN-Infrastructure-Atlas
IPVanish,MD,Moldova,43289,TRABIA,lt-50,1,lt-50,lt-50,95.0,VPN-Infrastructure-Atlas
NordVPN,GB,United Kingdom,41564,AS41564,lt-50,2,lt-50,lt-50,95.0,VPN-Infrastructure-Atlas
NordVPN,NL,Netherlands,51430,ALTUS,lt-50,1,lt-50,lt-50,95.0,VPN-Infrastructure-Atlas
PrivateVPN,IN,India,14061,DIGITALOCEAN-ASN,lt-50,9,lt-50,lt-50,88.0,VPN-Infrastructure-Atlas
PrivateVPN,US,United States,60068,CDN77 _,lt-50,10,lt-50,lt-50,93.6,VPN-Infrastructure-Atlas
ProtonVPN,NL,Netherlands,43350,NFORCE,lt-50,5,lt-50,lt-50,95.0,VPN-Infrastructure-Atlas
Sentinel dVPN,US,United States,208483,WERIDATA-LLC,lt-50,2,lt-50,lt-50,95.0,VPN-Infrastructure-Atlas
Sentinel dVPN,US,United States,399646,DARTNODE,lt-50,6,lt-50,lt-50,95.0,VPN-Infrastructure-Atlas
Sentinel dVPN,US,United States,399804,HOSTODO,lt-50,4,lt-50,lt-50,95.0,VPN-Infrastructure-Atlas
Sentinel dVPN,VN,Vietnam,45899,VNPT-AS-VN VNPT Corp,lt-50,2,lt-50,lt-50,95.0,VPN-Infrastructure-Atlas
SwitchVPN,HK,Hong Kong,133398,TELE-AS Tele Asia Limited,lt-50,1,lt-50,lt-50,88.0,VPN-Infrastructure-Atlas
VPN Gate,JP,Japan,2516,KDDI KDDI CORPORATION,lt-50,10,lt-50,lt-50,78.0,VPN-Infrastructure-Atlas
VPN.ac,AU,Australia,133480,INT-5GN-AS-AP 5G NETWORK OPERATIONS PTY LTD,lt-50,3,lt-50,lt-50,95.0,VPN-Infrastructure-Atlas
VPN.ac,FR,France,12876,Online SAS,lt-50,4,lt-50,lt-50,95.0,VPN-Infrastructure-Atlas
VPNSecure,CA,Canada,136258,"ONEPROVIDER-AS BrainStorm Network, Inc",lt-50,10,lt-50,lt-50,88.0,VPN-Infrastructure-Atlas
Vpnht,DE,Germany,47540,WIPAK-AS,lt-50,1,lt-50,lt-50,78.0,VPN-Infrastructure-Atlas
Vpnht,RO,Romania,0,,lt-50,1,lt-50,lt-50,78.0,VPN-Infrastructure-Atlas
WLVPN,CR,Costa Rica,52423,Data Miners S.A.  Racknation.cr,lt-50,1,lt-50,lt-50,95.0,VPN-Infrastructure-Atlas
WLVPN,JP,Japan,4785,XTOM-AS-JP xTom,lt-50,1,lt-50,lt-50,95.0,VPN-Infrastructure-Atlas
WLVPN,MD,Moldova,43289,TRABIA,lt-50,1,lt-50,lt-50,95.0,VPN-Infrastructure-Atlas
WiTopia,CA,Canada,11831,ESECUREDATA,lt-50,2,lt-50,lt-50,95.0,VPN-Infrastructure-Atlas
WiTopia,FR,France,12876,Online SAS,lt-50,1,lt-50,lt-50,95.0,VPN-Infrastructure-Atlas
WiTopia,US,United States,30475,WEHOSTWEBSITES-COM,lt-50,2,lt-50,lt-50,95.0,VPN-Infrastructure-Atlas
WiTopia,US,United States,33083,AXCELX-NET,lt-50,2,lt-50,lt-50,95.0,VPN-Infrastructure-Atlas
WiTopia,US,United States,396190,LEASEWEB-USA-SEA,lt-50,2,lt-50,lt-50,95.0,VPN-Infrastructure-Atlas
uVPN,US,United States,14061,DIGITALOCEAN-ASN,lt-50,10,lt-50,lt-50,70.0,VPN-Infrastructure-Atlas
Anonine,ES,Spain,60458,ASN-XTUDIONET,lt-50,1,lt-50,lt-50,95.0,VPN-Infrastructure-Atlas
Anonine,GB,United Kingdom,42831,"UKSERVERS-AS UK Dedicated Servers, Hosting and Co-Location",lt-50,1,lt-50,lt-50,95.0,VPN-Infrastructure-Atlas
Anonine,PL,Poland,197155,ARTNET,lt-50,2,lt-50,lt-50,95.0,VPN-Infrastructure-Atlas
Astrill,GB,United Kingdom,13213,UK2NET-AS,lt-50,5,lt-50,lt-50,78.0,VPN-Infrastructure-Atlas
Astrill,US,United States,63018,DEDICATED,lt-50,3,lt-50,lt-50,78.0,VPN-Infrastructure-Atlas
Astrill,US,United States,7393,CYBERCON,lt-50,2,lt-50,lt-50,78.0,VPN-Infrastructure-Atlas
BoxPN,ES,Spain,60458,ASN-XTUDIONET,lt-50,1,lt-50,lt-50,95.0,VPN-Infrastructure-Atlas
BoxPN,PL,Poland,197155,ARTNET,lt-50,2,lt-50,lt-50,95.0,VPN-Infrastructure-Atlas
EasyHideIP,ES,Spain,60458,ASN-XTUDIONET,lt-50,1,lt-50,lt-50,95.0,VPN-Infrastructure-Atlas
EasyHideIP,PL,Poland,197155,ARTNET,lt-50,2,lt-50,lt-50,95.0,VPN-Infrastructure-Atlas
FlowVPN,NL,Netherlands,209847,THE,lt-50,9,lt-50,lt-50,70.0,VPN-Infrastructure-Atlas
FlowVPN,SG,Singapore,142002,SCLOUDPTELTD-AS Scloud Pte Ltd,lt-50,2,lt-50,lt-50,70.0,VPN-Infrastructure-Atlas
FrootVPN,ES,Spain,60458,ASN-XTUDIONET,lt-50,1,lt-50,lt-50,95.0,VPN-Infrastructure-Atlas
FrootVPN,PL,Poland,197155,ARTNET,lt-50,2,lt-50,lt-50,95.0,VPN-Infrastructure-Atlas
OVPN,GB,United Kingdom,212238,CDNEXT,lt-50,8,lt-50,lt-50,95.0,VPN-Infrastructure-Atlas
Privado,IN,India,203020,HOSTROYALE,lt-50,2,lt-50,lt-50,95.0,VPN-Infrastructure-Atlas
Private Internet Access,CY,Cyprus,206092,SECFIREWALLAS,lt-50,2,lt-50,lt-50,95.0,VPN-Infrastructure-Atlas
PrivateVPN,SE,Sweden,42201,PVDATANET,lt-50,2,lt-50,lt-50,95.0,VPN-Infrastructure-Atlas
PureVPN,US,United States,396356,LATITUDE-SH,lt-50,5,lt-50,lt-50,88.0,VPN-Infrastructure-Atlas
RedShield VPN,US,United States,399498,PRIVATE-NETWORKS,lt-50,1,lt-50,lt-50,95.0,VPN-Infrastructure-Atlas
Sentinel dVPN,GB,United Kingdom,209641,I-SERVERS-EAST,lt-50,9,lt-50,lt-50,95.0,VPN-Infrastructure-Atlas
Sentinel dVPN,GB,United Kingdom,213737,DEXDC,lt-50,2,lt-50,lt-50,95.0,VPN-Infrastructure-Atlas
Sentinel dVPN,US,United States,399275,SOLID,lt-50,4,lt-50,lt-50,95.0,VPN-Infrastructure-Atlas
Surfshark,US,United States,209854,CYBERZONEHUB,lt-50,6,lt-50,lt-50,95.0,VPN-Infrastructure-Atlas
SwitchVPN,PA,Panama,51852,PLI-AS,lt-50,2,lt-50,lt-50,88.0,VPN-Infrastructure-Atlas
VPN.ac,NL,Netherlands,60781,LEASEWEB-NL-AMS-01 Netherlands,lt-50,5,lt-50,lt-50,95.0,VPN-Infrastructure-Atlas
VPN.ac,US,United States,36352,AS-COLOCROSSING,lt-50,4,lt-50,lt-50,95.0,VPN-Infrastructure-Atlas
Vpnht,RU,Russia,0,,lt-50,1,lt-50,lt-50,78.0,VPN-Infrastructure-Atlas
WiTopia,AU,Australia,133480,INT-5GN-AS-AP 5G NETWORK OPERATIONS PTY LTD,lt-50,2,lt-50,lt-50,95.0,VPN-Infrastructure-Atlas
Windscribe,AQ,Antarctica,397540,WINDSCRIBE,lt-50,2,lt-50,lt-50,95.0,VPN-Infrastructure-Atlas
Windscribe,GB,United Kingdom,62240,CLOUVIDER Clouvider - Global ASN,lt-50,5,lt-50,lt-50,95.0,VPN-Infrastructure-Atlas
Windscribe,PA,Panama,51852,PLI-AS,lt-50,2,lt-50,lt-50,95.0,VPN-Infrastructure-Atlas
Windscribe,US,United States,21859,ZEN-ECN,lt-50,5,lt-50,lt-50,95.0,VPN-Infrastructure-Atlas
Windscribe,US,United States,33083,AXCELX-NET,lt-50,3,lt-50,lt-50,95.0,VPN-Infrastructure-Atlas
Windscribe,US,United States,46664,VDI-NETWORK,lt-50,3,lt-50,lt-50,95.0,VPN-Infrastructure-Atlas
Windscribe,ZA,South Africa,37611,AFRIHOST-SP,lt-50,4,lt-50,lt-50,95.0,VPN-Infrastructure-Atlas
Anonine,FR,France,16276,OVH,lt-50,1,lt-50,lt-50,95.0,VPN-Infrastructure-Atlas
Anonine,IT,Italy,34081,SERVER24-AS INCUBATEC GmbH - Srl,lt-50,1,lt-50,lt-50,95.0,VPN-Infrastructure-Atlas
Astrill,LT,Lithuania,61272,IST-AS,lt-50,2,lt-50,lt-50,78.0,VPN-Infrastructure-Atlas
Astrill,LT,Lithuania,8849,MELBICOM-EU-AS Melbikomas UAB,lt-50,3,lt-50,lt-50,78.0,VPN-Infrastructure-Atlas
Astrill,US,United States,46562,PERFORMIVE,lt-50,2,lt-50,lt-50,78.0,VPN-Infrastructure-Atlas
Astrill,US,United States,49532,SERVERHUB-NL,lt-50,2,lt-50,lt-50,78.0,VPN-Infrastructure-Atlas
Astrill,US,United States,54600,PEG-SV,lt-50,2,lt-50,lt-50,78.0,VPN-Infrastructure-Atlas
BoxPN,FR,France,16276,OVH,lt-50,1,lt-50,lt-50,95.0,VPN-Infrastructure-Atlas
BoxPN,GB,United Kingdom,42831,"UKSERVERS-AS UK Dedicated Servers, Hosting and Co-Location",lt-50,1,lt-50,lt-50,95.0,VPN-Infrastructure-Atlas
BoxPN,IT,Italy,34081,SERVER24-AS INCUBATEC GmbH - Srl,lt-50,1,lt-50,lt-50,95.0,VPN-Infrastructure-Atlas
EasyHideIP,FR,France,16276,OVH,lt-50,1,lt-50,lt-50,95.0,VPN-Infrastructure-Atlas
EasyHideIP,IT,Italy,34081,SERVER24-AS INCUBATEC GmbH - Srl,lt-50,1,lt-50,lt-50,95.0,VPN-Infrastructure-Atlas
ExpressVPN,EE,Estonia,206804,ESTNOC-GLOBAL,lt-50,3,lt-50,lt-50,70.0,VPN-Infrastructure-Atlas
ExpressVPN,SE,Sweden,42708,GLESYS glesys.com,lt-50,3,lt-50,lt-50,70.0,VPN-Infrastructure-Atlas
FlowVPN,VN,Vietnam,45899,VNPT-AS-VN VNPT Corp,lt-50,3,lt-50,lt-50,70.0,VPN-Infrastructure-Atlas
FreeVPN,US,United States,53667,PONYNET,lt-50,8,lt-50,lt-50,88.0,VPN-Infrastructure-Atlas
FrootVPN,FR,France,16276,OVH,lt-50,1,lt-50,lt-50,95.0,VPN-Infrastructure-Atlas
FrootVPN,GB,United Kingdom,42831,"UKSERVERS-AS UK Dedicated Servers, Hosting and Co-Location",lt-50,1,lt-50,lt-50,95.0,VPN-Infrastructure-Atlas
FrootVPN,IT,Italy,34081,SERVER24-AS INCUBATEC GmbH - Srl,lt-50,1,lt-50,lt-50,95.0,VPN-Infrastructure-Atlas
Kompot VPN,EE,Estonia,202759,FAIRYHOSTING,lt-50,2,lt-50,lt-50,80.0,VPN-Infrastructure-Atlas
Kompot VPN,US,United States,23470,RELIABLESITE,lt-50,7,lt-50,lt-50,80.0,VPN-Infrastructure-Atlas
Le VPN,RO,Romania,9009,M247,lt-50,8,lt-50,lt-50,70.0,VPN-Infrastructure-Atlas
Mullvad,GB,United Kingdom,60068,CDN77 _,lt-50,4,lt-50,lt-50,95.0,VPN-Infrastructure-Atlas
NordVPN,GB,United Kingdom,2856,BT-UK-AS BTnet UK Regional network,lt-50,1,lt-50,lt-50,95.0,VPN-Infrastructure-Atlas
NordVPN,US,United States,64200,VIVIDHOSTING,lt-50,1,lt-50,lt-50,95.0,VPN-Infrastructure-Atlas
Private Internet Access,DK,Denmark,42708,GLESYS glesys.com,lt-50,2,lt-50,lt-50,95.0,VPN-Infrastructure-Atlas
Private Internet Access,US,United States,396356,LATITUDE-SH,lt-50,2,lt-50,lt-50,95.0,VPN-Infrastructure-Atlas
PrivateVPN,SE,Sweden,61207,ILAIT,lt-50,1,lt-50,lt-50,95.0,VPN-Infrastructure-Atlas
Proxpn,US,United States,30058,FDCSERVERS,lt-50,7,lt-50,lt-50,78.0,VPN-Infrastructure-Atlas
PureVPN,LT,Lithuania,56630,MELBICOM-EU-AS Melbikomas UAB,lt-50,2,lt-50,lt-50,88.0,VPN-Infrastructure-Atlas
PureVPN,LU,Luxembourg,199524,GCORE,lt-50,3,lt-50,lt-50,88.0,VPN-Infrastructure-Atlas
Sentinel dVPN,RO,Romania,34689,HOSTEROID,lt-50,3,lt-50,lt-50,95.0,VPN-Infrastructure-Atlas
Sentinel dVPN,US,United States,14315,1GSERVERS,lt-50,2,lt-50,lt-50,95.0,VPN-Infrastructure-Atlas
Sentinel dVPN,US,United States,63473,HOSTHATCH,lt-50,8,lt-50,lt-50,95.0,VPN-Infrastructure-Atlas
StrongVPN,CA,Canada,55286,SERVER-MANIA,lt-50,2,lt-50,lt-50,87.5,VPN-Infrastructure-Atlas
StrongVPN,IN,India,203020,HOSTROYALE,lt-50,4,lt-50,lt-50,83.8,VPN-Infrastructure-Atlas
StrongVPN,RO,Romania,9009,M247,lt-50,3,lt-50,lt-50,83.8,VPN-Infrastructure-Atlas
StrongVPN,US,United States,13926,NETPROTECT-PHX,lt-50,1,lt-50,lt-50,83.8,VPN-Infrastructure-Atlas
VPN Jantit,HK,Hong Kong,138915,KAOPU-HK Kaopu Cloud HK Limited,lt-50,7,lt-50,lt-50,88.0,VPN-Infrastructure-Atlas
VPN Unlimited,CA,Canada,32489,AMANAHA-NEW,lt-50,6,lt-50,lt-50,70.0,VPN-Infrastructure-Atlas
VPN Unlimited,RO,Romania,9009,M247,lt-50,4,lt-50,lt-50,70.0,VPN-Infrastructure-Atlas
VPN.ac,DE,Germany,28753,LEASEWEB-DE-FRA-10,lt-50,1,lt-50,lt-50,95.0,VPN-Infrastructure-Atlas
VPN.ac,IS,Iceland,200651,FLOKINET,lt-50,2,lt-50,lt-50,95.0,VPN-Infrastructure-Atlas
VPN.ac,US,United States,40676,AS40676 - Psychz Networks,lt-50,4,lt-50,lt-50,95.0,VPN-Infrastructure-Atlas
VPNUK,NL,Netherlands,209847,THE,lt-50,8,lt-50,lt-50,91.9,VPN-Infrastructure-Atlas
WiTopia,US,United States,33387,NOCIX,lt-50,2,lt-50,lt-50,95.0,VPN-Infrastructure-Atlas
WorldVPN,US,United States,204957,GREENFLOID-AS,lt-50,4,lt-50,lt-50,88.0,VPN-Infrastructure-Atlas
Anonine,CA,Canada,11831,ESECUREDATA,lt-50,1,lt-50,lt-50,95.0,VPN-Infrastructure-Atlas
Anonine,GB,United Kingdom,21130,IOMART-IE,lt-50,1,lt-50,lt-50,95.0,VPN-Infrastructure-Atlas
Anonine,UA,Ukraine,6698,VIRTUALSYSTEMS,lt-50,1,lt-50,lt-50,95.0,VPN-Infrastructure-Atlas
AnonymousVPN,CA,Canada,136258,"ONEPROVIDER-AS BrainStorm Network, Inc",lt-50,7,lt-50,lt-50,95.0,VPN-Infrastructure-Atlas
Astrill,CA,Canada,62563,AS-GLOBALTELEHOST,lt-50,3,lt-50,lt-50,78.3,VPN-Infrastructure-Atlas
Astrill,DE,Germany,28753,LEASEWEB-DE-FRA-10,lt-50,4,lt-50,lt-50,78.0,VPN-Infrastructure-Atlas
Astrill,GB,United Kingdom,25369,BANDWIDTH-AS,lt-50,2,lt-50,lt-50,78.0,VPN-Infrastructure-Atlas
Astrill,IN,India,146943,TIER4CLOU-AS Tier 4 Cloud Services,lt-50,2,lt-50,lt-50,78.0,VPN-Infrastructure-Atlas
Astrill,NL,Netherlands,49981,WORLDSTREAM,lt-50,2,lt-50,lt-50,78.0,VPN-Infrastructure-Atlas
Astrill,US,United States,395111,KVCNET-2009,lt-50,2,lt-50,lt-50,78.0,VPN-Infrastructure-Atlas
Astrill,US,United States,7203,LEASEWEB-USA-SFO,lt-50,2,lt-50,lt-50,78.6,VPN-Infrastructure-Atlas
AzireVPN,SE,Sweden,42675,OBEHOSTING Obehosting AB,lt-50,5,lt-50,lt-50,95.0,VPN-Infrastructure-Atlas
BTGuard,NL,Netherlands,43350,NFORCE,lt-50,2,lt-50,lt-50,70.0,VPN-Infrastructure-Atlas
BoxPN,CA,Canada,11831,ESECUREDATA,lt-50,1,lt-50,lt-50,95.0,VPN-Infrastructure-Atlas
BoxPN,GB,United Kingdom,21130,IOMART-IE,lt-50,1,lt-50,lt-50,95.0,VPN-Infrastructure-Atlas
BoxPN,UA,Ukraine,6698,VIRTUALSYSTEMS,lt-50,1,lt-50,lt-50,95.0,VPN-Infrastructure-Atlas
EasyHideIP,CA,Canada,11831,ESECUREDATA,lt-50,1,lt-50,lt-50,95.0,VPN-Infrastructure-Atlas
EasyHideIP,GB,United Kingdom,21130,IOMART-IE,lt-50,1,lt-50,lt-50,95.0,VPN-Infrastructure-Atlas
EasyHideIP,UA,Ukraine,6698,VIRTUALSYSTEMS,lt-50,1,lt-50,lt-50,95.0,VPN-Infrastructure-Atlas
FlowVPN,HU,Hungary,210772,NEWPUSH,lt-50,3,lt-50,lt-50,70.0,VPN-Infrastructure-Atlas
FlowVPN,US,United States,20473,AS-VULTR,lt-50,7,lt-50,lt-50,70.0,VPN-Infrastructure-Atlas
FrootVPN,CA,Canada,11831,ESECUREDATA,lt-50,1,lt-50,lt-50,95.0,VPN-Infrastructure-Atlas
FrootVPN,GB,United Kingdom,21130,IOMART-IE,lt-50,1,lt-50,lt-50,95.0,VPN-Infrastructure-Atlas
FrootVPN,UA,Ukraine,6698,VIRTUALSYSTEMS,lt-50,1,lt-50,lt-50,95.0,VPN-Infrastructure-Atlas
Goosevpn,US,United States,14061,DIGITALOCEAN-ASN,lt-50,7,lt-50,lt-50,78.0,VPN-Infrastructure-Atlas
IPVanish,AL,Albania,197706,"KEMINET A datacenter located in TiranaAlbania. Webhosting, Dedicated Servers, VPS, IPv4IPv6 leasing",lt-50,1,lt-50,lt-50,95.0,VPN-Infrastructure-Atlas
IVPN,NL,Netherlands,60781,LEASEWEB-NL-AMS-01 Netherlands,lt-50,4,lt-50,lt-50,95.0,VPN-Infrastructure-Atlas
NordVPN,AL,Albania,198890,MADCOM-ASN,lt-50,1,lt-50,lt-50,95.0,VPN-Infrastructure-Atlas
OysterVPN,US,United States,136258,"ONEPROVIDER-AS BrainStorm Network, Inc",lt-50,5,lt-50,lt-50,95.0,VPN-Infrastructure-Atlas
PhantomPeer,US,United States,14061,DIGITALOCEAN-ASN,lt-50,7,lt-50,lt-50,88.0,VPN-Infrastructure-Atlas
Private Internet Access,CA,Canada,212238,CDNEXT,lt-50,4,lt-50,lt-50,95.0,VPN-Infrastructure-Atlas
Private Internet Access,SE,Sweden,42708,GLESYS glesys.com,lt-50,2,lt-50,lt-50,95.0,VPN-Infrastructure-Atlas
PrivateVPN,GB,United Kingdom,1299,"TWELVE99 Arelion, fka Telia Carrier",lt-50,1,lt-50,lt-50,95.0,VPN-Infrastructure-Atlas
Safervpn,US,United States,20473,AS-VULTR,lt-50,7,lt-50,lt-50,78.0,VPN-Infrastructure-Atlas
Sentinel dVPN,GB,United Kingdom,42831,"UKSERVERS-AS UK Dedicated Servers, Hosting and Co-Location",lt-50,3,lt-50,lt-50,95.0,VPN-Infrastructure-Atlas
Sentinel dVPN,SG,Singapore,134677,IDC-AS-AP Dromatics Systems Pte Ltd,lt-50,3,lt-50,lt-50,95.0,VPN-Infrastructure-Atlas
StrongVPN,GB,United Kingdom,212238,CDNEXT,lt-50,1,lt-50,lt-50,84.3,VPN-Infrastructure-Atlas
StrongVPN,GB,United Kingdom,42831,"UKSERVERS-AS UK Dedicated Servers, Hosting and Co-Location",lt-50,1,lt-50,lt-50,82.1,VPN-Infrastructure-Atlas
StrongVPN,US,United States,174,COGENT-174,lt-50,4,lt-50,lt-50,86.4,VPN-Infrastructure-Atlas
Surfshark,AU,Australia,136557,HOST-AS-AP Host Universal Pty Ltd,lt-50,6,lt-50,lt-50,95.0,VPN-Infrastructure-Atlas
TunnelBear,US,United States,396356,LATITUDE-SH,lt-50,1,lt-50,lt-50,95.0,VPN-Infrastructure-Atlas
VPN Gate,JP,Japan,17676,GIGAINFRA SoftBank Corp.,lt-50,7,lt-50,lt-50,78.0,VPN-Infrastructure-Atlas
VPN Unlimited,FR,France,16276,OVH,lt-50,6,lt-50,lt-50,70.0,VPN-Infrastructure-Atlas
VPN.ac,NL,Netherlands,43350,NFORCE,lt-50,5,lt-50,lt-50,95.0,VPN-Infrastructure-Atlas
Vpnht,FR,France,216329,CENTAURUS_AGENA3000,lt-50,1,lt-50,lt-50,78.0,VPN-Infrastructure-Atlas
WLVPN,AL,Albania,197706,"KEMINET A datacenter located in TiranaAlbania. Webhosting, Dedicated Servers, VPS, IPv4IPv6 leasing",lt-50,1,lt-50,lt-50,95.0,VPN-Infrastructure-Atlas
Windscribe,BR,Brazil,262287,Latitude.sh LTDA,lt-50,2,lt-50,lt-50,95.0,VPN-Infrastructure-Atlas
Windscribe,GB,United Kingdom,13213,UK2NET-AS,lt-50,3,lt-50,lt-50,95.0,VPN-Infrastructure-Atlas
Windscribe,US,United States,396356,LATITUDE-SH,lt-50,2,lt-50,lt-50,95.0,VPN-Infrastructure-Atlas
WorldVPN,FR,France,16276,OVH,lt-50,7,lt-50,lt-50,88.0,VPN-Infrastructure-Atlas
WorldVPN,HK,Hong Kong,56971,AS56971 AS56971 Cloud,lt-50,3,lt-50,lt-50,88.0,VPN-Infrastructure-Atlas
Zoogvpn,FR,France,16276,OVH,lt-50,7,lt-50,lt-50,78.0,VPN-Infrastructure-Atlas
uVPN,FR,France,16276,OVH,lt-50,7,lt-50,lt-50,70.0,VPN-Infrastructure-Atlas
Anonine,TR,Türkiye,42926,RADORE,lt-50,2,lt-50,lt-50,95.0,VPN-Infrastructure-Atlas
Astrill,HK,Hong Kong,133752,LEASEWEB-APAC-HKG-10 LEASEWEB HONG KONG LIMITED,lt-50,2,lt-50,lt-50,78.0,VPN-Infrastructure-Atlas
Astrill,KR,South Korea,45382,EHOSTIDC-AS-KR Hostcenter,lt-50,2,lt-50,lt-50,78.0,VPN-Infrastructure-Atlas
Astrill,MY,Malaysia,55720,GIGABIT-MY Gigabit Hosting Sdn Bhd,lt-50,1,lt-50,lt-50,78.0,VPN-Infrastructure-Atlas
Astrill,US,United States,25780,HUGESERVER-NETWORKS,lt-50,2,lt-50,lt-50,78.0,VPN-Infrastructure-Atlas
Astrill,US,United States,26388,FIBERFI,lt-50,2,lt-50,lt-50,78.0,VPN-Infrastructure-Atlas
Astrill,US,United States,29302,HSI-EUROPE,lt-50,2,lt-50,lt-50,78.0,VPN-Infrastructure-Atlas
Astrill,US,United States,396190,LEASEWEB-USA-SEA,lt-50,2,lt-50,lt-50,78.0,VPN-Infrastructure-Atlas
Astrill,US,United States,396362,LEASEWEB-USA-NYC,lt-50,2,lt-50,lt-50,78.0,VPN-Infrastructure-Atlas
Astrill,US,United States,397423,TIER-NET,lt-50,3,lt-50,lt-50,78.0,VPN-Infrastructure-Atlas
AzireVPN,US,United States,63473,HOSTHATCH,lt-50,6,lt-50,lt-50,95.0,VPN-Infrastructure-Atlas
BoxPN,TR,Türkiye,42926,RADORE,lt-50,2,lt-50,lt-50,95.0,VPN-Infrastructure-Atlas
EasyHideIP,TR,Türkiye,42926,RADORE,lt-50,2,lt-50,lt-50,95.0,VPN-Infrastructure-Atlas
ExpressVPN,GB,United Kingdom,41564,AS41564,lt-50,4,lt-50,lt-50,70.0,VPN-Infrastructure-Atlas
FlowVPN,FR,France,16276,OVH,lt-50,5,lt-50,lt-50,70.0,VPN-Infrastructure-Atlas
FrootVPN,TR,Türkiye,42926,RADORE,lt-50,2,lt-50,lt-50,95.0,VPN-Infrastructure-Atlas
IPVanish,IN,India,207990,HR-CUSTOMER,lt-50,1,lt-50,lt-50,95.0,VPN-Infrastructure-Atlas
Private Internet Access,EE,Estonia,206804,ESTNOC-GLOBAL,lt-50,3,lt-50,lt-50,95.0,VPN-Infrastructure-Atlas
Private Internet Access,FI,Finland,42708,GLESYS glesys.com,lt-50,2,lt-50,lt-50,95.0,VPN-Infrastructure-Atlas
Private Internet Access,JP,Japan,212238,CDNEXT,lt-50,3,lt-50,lt-50,95.0,VPN-Infrastructure-Atlas
PrivateVPN,IT,Italy,42201,PVDATANET,lt-50,1,lt-50,lt-50,95.0,VPN-Infrastructure-Atlas
PrivateVPN,SE,Sweden,42675,OBEHOSTING Obehosting AB,lt-50,1,lt-50,lt-50,95.0,VPN-Infrastructure-Atlas
ProtonVPN,US,United States,396356,LATITUDE-SH,lt-50,3,lt-50,lt-50,95.0,VPN-Infrastructure-Atlas
PureVPN,EU,European Union,1257,TELE2,lt-50,1,lt-50,lt-50,88.0,VPN-Infrastructure-Atlas
PureVPN,SC,Seychelles,206264,AMARUTU-TECHNOLOGY,lt-50,4,lt-50,lt-50,88.0,VPN-Infrastructure-Atlas
Sentinel dVPN,DE,Germany,29066,VELIANET-AS velia.net Internetdienste GmbH,lt-50,3,lt-50,lt-50,95.0,VPN-Infrastructure-Atlas
Sentinel dVPN,DE,Germany,51167,CONTABO,lt-50,6,lt-50,lt-50,95.0,VPN-Infrastructure-Atlas
Sentinel dVPN,EG,Egypt,24863,LINKdotNET-AS,lt-50,2,lt-50,lt-50,95.0,VPN-Infrastructure-Atlas
Sentinel dVPN,SG,Singapore,139057,ELD-AS-AP Edgenext Legend Dynasty Pte. Ltd.,lt-50,2,lt-50,lt-50,95.0,VPN-Infrastructure-Atlas
Sentinel dVPN,US,United States,11878,TZULO,lt-50,4,lt-50,lt-50,95.0,VPN-Infrastructure-Atlas
Sentinel dVPN,US,United States,26286,MYSTICDEVIO,lt-50,1,lt-50,lt-50,95.0,VPN-Infrastructure-Atlas
Sentinel dVPN,US,United States,396073,MAJESTIC-HOSTING-01,lt-50,2,lt-50,lt-50,95.0,VPN-Infrastructure-Atlas
Sentinel dVPN,US,United States,401486,RAVNIX,lt-50,3,lt-50,lt-50,95.0,VPN-Infrastructure-Atlas
StrongVPN,US,United States,13737,AS-INCX,lt-50,1,lt-50,lt-50,80.0,VPN-Infrastructure-Atlas
Surfshark,US,United States,397423,TIER-NET,lt-50,4,lt-50,lt-50,95.0,VPN-Infrastructure-Atlas
Surfshark,US,United States,60068,CDN77 _,lt-50,6,lt-50,lt-50,95.0,VPN-Infrastructure-Atlas
TunnelBear,US,United States,36352,AS-COLOCROSSING,lt-50,2,lt-50,lt-50,95.0,VPN-Infrastructure-Atlas
VPN Jantit,US,United States,204957,GREENFLOID-AS,lt-50,6,lt-50,lt-50,88.0,VPN-Infrastructure-Atlas
VPN Unlimited,SI,Slovenia,25467,AKTON-AS Akton Autonomous System,lt-50,2,lt-50,lt-50,70.0,VPN-Infrastructure-Atlas
VPN Unlimited,US,United States,61138,ZAPPIE-HOST-AS Zappie Host,lt-50,3,lt-50,lt-50,70.0,VPN-Infrastructure-Atlas
VPN.ac,CA,Canada,7040,NETMINDERS,lt-50,1,lt-50,lt-50,95.0,VPN-Infrastructure-Atlas
VPNObratno,RU,Russia,12389,ROSTELECOM-AS PJSC Rostelecom. Technical Team,lt-50,6,lt-50,lt-50,88.0,VPN-Infrastructure-Atlas
WLVPN,IN,India,207990,HR-CUSTOMER,lt-50,1,lt-50,lt-50,95.0,VPN-Infrastructure-Atlas
Windscribe,AL,Albania,198890,MADCOM-ASN,lt-50,1,lt-50,lt-50,95.0,VPN-Infrastructure-Atlas
Windscribe,CA,Canada,54133,UNMETERED,lt-50,1,lt-50,lt-50,95.0,VPN-Infrastructure-Atlas
Windscribe,CY,Cyprus,15805,SKYNET-CY-AS,lt-50,2,lt-50,lt-50,95.0,VPN-Infrastructure-Atlas
Windscribe,CY,Cyprus,6866,CYTA-NETWORK Internet Services,lt-50,1,lt-50,lt-50,95.0,VPN-Infrastructure-Atlas
Windscribe,GB,United Kingdom,58065,PACKETEXCHANGE,lt-50,2,lt-50,lt-50,95.0,VPN-Infrastructure-Atlas
Windscribe,IL,Israel,35758,HQSERV_NETWORKS,lt-50,2,lt-50,lt-50,95.0,VPN-Infrastructure-Atlas
Windscribe,IN,India,132335,LEAPSWITCH-IN-AS-AP LEAPSWITCH NETWORKS PRIVATE LIMITED,lt-50,1,lt-50,lt-50,95.0,VPN-Infrastructure-Atlas
Windscribe,LT,Lithuania,201201,DATALOGISTICS,lt-50,2,lt-50,lt-50,95.0,VPN-Infrastructure-Atlas
Windscribe,LV,Latvia,52048,RIXHOST,lt-50,2,lt-50,lt-50,95.0,VPN-Infrastructure-Atlas
Windscribe,MD,Moldova,43289,TRABIA,lt-50,3,lt-50,lt-50,95.0,VPN-Infrastructure-Atlas
Windscribe,NL,Netherlands,51430,ALTUS,lt-50,2,lt-50,lt-50,95.0,VPN-Infrastructure-Atlas
Windscribe,TH,Thailand,56309,"SIAMDATA-TH Siamdata Communication Co.,Ltd.",lt-50,2,lt-50,lt-50,95.0,VPN-Infrastructure-Atlas
Windscribe,TW,Taiwan,3462,HINET Data Communication Business Group,lt-50,2,lt-50,lt-50,95.0,VPN-Infrastructure-Atlas
Windscribe,US,United States,398779,ACEHOST,lt-50,2,lt-50,lt-50,95.0,VPN-Infrastructure-Atlas
Windscribe,US,United States,40676,AS40676 - Psychz Networks,lt-50,2,lt-50,lt-50,95.0,VPN-Infrastructure-Atlas
Windscribe,US,United States,46562,PERFORMIVE,lt-50,2,lt-50,lt-50,95.0,VPN-Infrastructure-Atlas
Windscribe,US,United States,63023,AS-GLOBALTELEHOST,lt-50,1,lt-50,lt-50,95.0,VPN-Infrastructure-Atlas
Windscribe,US,United States,7201,AS-NETWORKEDGE,lt-50,1,lt-50,lt-50,95.0,VPN-Infrastructure-Atlas
Windscribe,VN,Vietnam,45899,VNPT-AS-VN VNPT Corp,lt-50,1,lt-50,lt-50,95.0,VPN-Infrastructure-Atlas
WorldVPN,PL,Poland,204957,GREENFLOID-AS,lt-50,3,lt-50,lt-50,88.0,VPN-Infrastructure-Atlas
Zoogvpn,HK,Hong Kong,138915,KAOPU-HK Kaopu Cloud HK Limited,lt-50,6,lt-50,lt-50,78.0,VPN-Infrastructure-Atlas
Zoogvpn,RO,Romania,9009,M247,lt-50,6,lt-50,lt-50,78.0,VPN-Infrastructure-Atlas
Anonine,BR,Brazil,262287,Latitude.sh LTDA,lt-50,1,lt-50,lt-50,95.0,VPN-Infrastructure-Atlas
Anonine,CA,Canada,54643,IDIGITAL,lt-50,1,lt-50,lt-50,95.0,VPN-Infrastructure-Atlas
Anonine,CA,Canada,62563,AS-GLOBALTELEHOST,lt-50,1,lt-50,lt-50,95.0,VPN-Infrastructure-Atlas
Anonine,CR,Costa Rica,52423,Data Miners S.A.  Racknation.cr,lt-50,1,lt-50,lt-50,95.0,VPN-Infrastructure-Atlas
Anonine,FI,Finland,51765,CREANOVA-AS Oy Creanova Hosting Solutions Ltd.,lt-50,2,lt-50,lt-50,95.0,VPN-Infrastructure-Atlas
Anonine,GB,United Kingdom,20860,IOMART-AS,lt-50,1,lt-50,lt-50,95.0,VPN-Infrastructure-Atlas
Anonine,HK,Hong Kong,133398,TELE-AS Tele Asia Limited,lt-50,1,lt-50,lt-50,95.0,VPN-Infrastructure-Atlas
Anonine,KR,South Korea,45382,EHOSTIDC-AS-KR Hostcenter,lt-50,1,lt-50,lt-50,95.0,VPN-Infrastructure-Atlas
Anonine,MY,Malaysia,45839,SHINJIRU-MY-AS-AP Shinjiru Technology Sdn Bhd,lt-50,1,lt-50,lt-50,95.0,VPN-Infrastructure-Atlas
Anonine,NO,Norway,56655,GIGAHOST,lt-50,1,lt-50,lt-50,95.0,VPN-Infrastructure-Atlas
Anonine,PA,Panama,51852,PLI-AS,lt-50,1,lt-50,lt-50,95.0,VPN-Infrastructure-Atlas
Anonine,US,United States,62904,AS62904 - Eonix Corporation,lt-50,1,lt-50,lt-50,95.0,VPN-Infrastructure-Atlas
Astrill,AR,Argentina,61493,InterBS S.R.L. BAEHOST,lt-50,1,lt-50,lt-50,78.0,VPN-Infrastructure-Atlas
Astrill,FI,Finland,51765,CREANOVA-AS Oy Creanova Hosting Solutions Ltd.,lt-50,2,lt-50,lt-50,78.0,VPN-Infrastructure-Atlas
Astrill,HU,Hungary,214226,WEBENLET-AS,lt-50,1,lt-50,lt-50,78.0,VPN-Infrastructure-Atlas
Astrill,NO,Norway,34989,SERVETHEWORLD-AS,lt-50,3,lt-50,lt-50,78.0,VPN-Infrastructure-Atlas
Astrill,US,United States,0,,lt-50,1,lt-50,lt-50,78.0,VPN-Infrastructure-Atlas
Astrill,US,United States,19148,LEASEWEB-USA-PHX,lt-50,2,lt-50,lt-50,78.4,VPN-Infrastructure-Atlas
Astrill,US,United States,20454,SSASN2,lt-50,2,lt-50,lt-50,78.0,VPN-Infrastructure-Atlas
Astrill,US,United States,23470,RELIABLESITE,lt-50,3,lt-50,lt-50,78.8,VPN-Infrastructure-Atlas
Astrill,US,United States,27411,LEASEWEB-USA-CHI,lt-50,2,lt-50,lt-50,78.0,VPN-Infrastructure-Atlas
Astrill,US,United States,394380,LEASEWEB-USA-DAL,lt-50,3,lt-50,lt-50,78.0,VPN-Infrastructure-Atlas
BoxPN,BR,Brazil,262287,Latitude.sh LTDA,lt-50,1,lt-50,lt-50,95.0,VPN-Infrastructure-Atlas
BoxPN,CA,Canada,54643,IDIGITAL,lt-50,1,lt-50,lt-50,95.0,VPN-Infrastructure-Atlas
BoxPN,CA,Canada,62563,AS-GLOBALTELEHOST,lt-50,1,lt-50,lt-50,95.0,VPN-Infrastructure-Atlas
BoxPN,CR,Costa Rica,52423,Data Miners S.A.  Racknation.cr,lt-50,1,lt-50,lt-50,95.0,VPN-Infrastructure-Atlas
BoxPN,FI,Finland,51765,CREANOVA-AS Oy Creanova Hosting Solutions Ltd.,lt-50,2,lt-50,lt-50,95.0,VPN-Infrastructure-Atlas
BoxPN,GB,United Kingdom,20860,IOMART-AS,lt-50,1,lt-50,lt-50,95.0,VPN-Infrastructure-Atlas
BoxPN,HK,Hong Kong,133398,TELE-AS Tele Asia Limited,lt-50,1,lt-50,lt-50,95.0,VPN-Infrastructure-Atlas
BoxPN,KR,South Korea,45382,EHOSTIDC-AS-KR Hostcenter,lt-50,1,lt-50,lt-50,95.0,VPN-Infrastructure-Atlas
BoxPN,MY,Malaysia,45839,SHINJIRU-MY-AS-AP Shinjiru Technology Sdn Bhd,lt-50,1,lt-50,lt-50,95.0,VPN-Infrastructure-Atlas
BoxPN,NO,Norway,56655,GIGAHOST,lt-50,1,lt-50,lt-50,95.0,VPN-Infrastructure-Atlas
BoxPN,PA,Panama,51852,PLI-AS,lt-50,1,lt-50,lt-50,95.0,VPN-Infrastructure-Atlas
BoxPN,US,United States,62904,AS62904 - Eonix Corporation,lt-50,1,lt-50,lt-50,95.0,VPN-Infrastructure-Atlas
CyberGhost,AU,Australia,0,,lt-50,4,lt-50,lt-50,95.0,VPN-Infrastructure-Atlas
EasyHideIP,BR,Brazil,262287,Latitude.sh LTDA,lt-50,1,lt-50,lt-50,95.0,VPN-Infrastructure-Atlas
EasyHideIP,CA,Canada,54643,IDIGITAL,lt-50,1,lt-50,lt-50,95.0,VPN-Infrastructure-Atlas
EasyHideIP,CA,Canada,62563,AS-GLOBALTELEHOST,lt-50,1,lt-50,lt-50,95.0,VPN-Infrastructure-Atlas
EasyHideIP,CR,Costa Rica,52423,Data Miners S.A.  Racknation.cr,lt-50,1,lt-50,lt-50,95.0,VPN-Infrastructure-Atlas
EasyHideIP,FI,Finland,51765,CREANOVA-AS Oy Creanova Hosting Solutions Ltd.,lt-50,2,lt-50,lt-50,95.0,VPN-Infrastructure-Atlas
EasyHideIP,FR,France,12876,Online SAS,lt-50,2,lt-50,lt-50,95.0,VPN-Infrastructure-Atlas
EasyHideIP,HK,Hong Kong,133398,TELE-AS Tele Asia Limited,lt-50,1,lt-50,lt-50,95.0,VPN-Infrastructure-Atlas
EasyHideIP,KR,South Korea,45382,EHOSTIDC-AS-KR Hostcenter,lt-50,1,lt-50,lt-50,95.0,VPN-Infrastructure-Atlas
EasyHideIP,MY,Malaysia,45839,SHINJIRU-MY-AS-AP Shinjiru Technology Sdn Bhd,lt-50,1,lt-50,lt-50,95.0,VPN-Infrastructure-Atlas
EasyHideIP,NO,Norway,56655,GIGAHOST,lt-50,1,lt-50,lt-50,95.0,VPN-Infrastructure-Atlas
EasyHideIP,PA,Panama,51852,PLI-AS,lt-50,1,lt-50,lt-50,95.0,VPN-Infrastructure-Atlas
EasyHideIP,US,United States,62904,AS62904 - Eonix Corporation,lt-50,1,lt-50,lt-50,95.0,VPN-Infrastructure-Atlas
FastestVPN,US,United States,9009,M247,lt-50,4,lt-50,lt-50,95.0,VPN-Infrastructure-Atlas
FlowVPN,GB,United Kingdom,20860,IOMART-AS,lt-50,4,lt-50,lt-50,70.0,VPN-Infrastructure-Atlas
FlowVPN,RO,Romania,9009,M247,lt-50,4,lt-50,lt-50,70.0,VPN-Infrastructure-Atlas
Freedomip,FR,France,41652,SAS-SHPV-FRANCE,lt-50,1,lt-50,lt-50,78.0,VPN-Infrastructure-Atlas
FrootVPN,BR,Brazil,262287,Latitude.sh LTDA,lt-50,1,lt-50,lt-50,95.0,VPN-Infrastructure-Atlas
FrootVPN,CA,Canada,36666,GTCOMM,lt-50,1,lt-50,lt-50,95.0,VPN-Infrastructure-Atlas
FrootVPN,CA,Canada,54643,IDIGITAL,lt-50,1,lt-50,lt-50,95.0,VPN-Infrastructure-Atlas
FrootVPN,CA,Canada,62563,AS-GLOBALTELEHOST,lt-50,1,lt-50,lt-50,95.0,VPN-Infrastructure-Atlas
FrootVPN,CR,Costa Rica,52423,Data Miners S.A.  Racknation.cr,lt-50,1,lt-50,lt-50,95.0,VPN-Infrastructure-Atlas
FrootVPN,FI,Finland,51765,CREANOVA-AS Oy Creanova Hosting Solutions Ltd.,lt-50,2,lt-50,lt-50,95.0,VPN-Infrastructure-Atlas
FrootVPN,FR,France,12876,Online SAS,lt-50,2,lt-50,lt-50,95.0,VPN-Infrastructure-Atlas
FrootVPN,HK,Hong Kong,133398,TELE-AS Tele Asia Limited,lt-50,1,lt-50,lt-50,95.0,VPN-Infrastructure-Atlas
FrootVPN,KR,South Korea,45382,EHOSTIDC-AS-KR Hostcenter,lt-50,1,lt-50,lt-50,95.0,VPN-Infrastructure-Atlas
FrootVPN,MY,Malaysia,45839,SHINJIRU-MY-AS-AP Shinjiru Technology Sdn Bhd,lt-50,1,lt-50,lt-50,95.0,VPN-Infrastructure-Atlas
FrootVPN,NO,Norway,56655,GIGAHOST,lt-50,1,lt-50,lt-50,95.0,VPN-Infrastructure-Atlas
FrootVPN,PA,Panama,51852,PLI-AS,lt-50,1,lt-50,lt-50,95.0,VPN-Infrastructure-Atlas
FrootVPN,US,United States,62904,AS62904 - Eonix Corporation,lt-50,1,lt-50,lt-50,95.0,VPN-Infrastructure-Atlas
HideIPVPN,GB,United Kingdom,20860,IOMART-AS,lt-50,5,lt-50,lt-50,70.0,VPN-Infrastructure-Atlas
Hotspotshield,GB,United Kingdom,212238,CDNEXT,lt-50,5,lt-50,lt-50,78.0,VPN-Infrastructure-Atlas
Hotspotshield,US,United States,46450,PILOT,lt-50,5,lt-50,lt-50,78.0,VPN-Infrastructure-Atlas
IPVanish,NL,Netherlands,51430,ALTUS,lt-50,1,lt-50,lt-50,95.0,VPN-Infrastructure-Atlas
Ivacy,AU,Australia,137409,GSLNETWORKS-AS-AP GSL Networks Pty LTD,lt-50,3,lt-50,lt-50,95.0,VPN-Infrastructure-Atlas
Kompot VPN,KZ,Kazakhstan,48716,PSKZ-ALA,lt-50,4,lt-50,lt-50,70.0,VPN-Infrastructure-Atlas
Kompot VPN,NL,Netherlands,209847,THE,lt-50,4,lt-50,lt-50,80.0,VPN-Infrastructure-Atlas
Kompot VPN,PL,Poland,201814,MEVSPACE,lt-50,2,lt-50,lt-50,80.0,VPN-Infrastructure-Atlas
Le VPN,LU,Luxembourg,202422,GHOST,lt-50,5,lt-50,lt-50,70.0,VPN-Infrastructure-Atlas
NordVPN,FR,France,12876,Online SAS,lt-50,5,lt-50,lt-50,95.0,VPN-Infrastructure-Atlas
NordVPN,GB,United Kingdom,58065,PACKETEXCHANGE,lt-50,2,lt-50,lt-50,95.0,VPN-Infrastructure-Atlas
Private Internet Access,CA,Canada,174,COGENT-174,lt-50,4,lt-50,lt-50,95.0,VPN-Infrastructure-Atlas
Private Internet Access,DE,Germany,174,COGENT-174,lt-50,1,lt-50,lt-50,95.0,VPN-Infrastructure-Atlas
Private Internet Access,DE,Germany,212238,CDNEXT,lt-50,3,lt-50,lt-50,95.0,VPN-Infrastructure-Atlas
Private Internet Access,ES,Spain,212238,CDNEXT,lt-50,1,lt-50,lt-50,95.0,VPN-Infrastructure-Atlas
Private Internet Access,GB,United Kingdom,41564,AS41564,lt-50,1,lt-50,lt-50,95.0,VPN-Infrastructure-Atlas
Private Internet Access,IT,Italy,206092,SECFIREWALLAS,lt-50,1,lt-50,lt-50,95.0,VPN-Infrastructure-Atlas
Private Internet Access,SE,Sweden,212238,CDNEXT,lt-50,1,lt-50,lt-50,95.0,VPN-Infrastructure-Atlas
Private Internet Access,US,United States,62240,CLOUVIDER Clouvider - Global ASN,lt-50,1,lt-50,lt-50,95.0,VPN-Infrastructure-Atlas
PrivateVPN,US,United States,42201,PVDATANET,lt-50,1,lt-50,lt-50,95.0,VPN-Infrastructure-Atlas
ProtonVPN,NL,Netherlands,215224,NOVOSERVE-CUSTOMERS-AS NovoServe Customers ASN,lt-50,1,lt-50,lt-50,95.0,VPN-Infrastructure-Atlas
PureVPN,CA,Canada,7040,NETMINDERS,lt-50,2,lt-50,lt-50,88.0,VPN-Infrastructure-Atlas
PureVPN,GB,United Kingdom,25369,BANDWIDTH-AS,lt-50,2,lt-50,lt-50,88.0,VPN-Infrastructure-Atlas
PureVPN,GB,United Kingdom,3223,VOXILITY,lt-50,3,lt-50,lt-50,88.0,VPN-Infrastructure-Atlas
PureVPN,GB,United Kingdom,60068,CDN77 _,lt-50,4,lt-50,lt-50,88.0,VPN-Infrastructure-Atlas
PureVPN,US,United States,36352,AS-COLOCROSSING,lt-50,2,lt-50,lt-50,88.0,VPN-Infrastructure-Atlas
Safervpn,AT,Austria,57169,EDIS-AS-EU,lt-50,5,lt-50,lt-50,78.0,VPN-Infrastructure-Atlas
Safervpn,US,United States,14061,DIGITALOCEAN-ASN,lt-50,4,lt-50,lt-50,78.0,VPN-Infrastructure-Atlas
Sentinel dVPN,CA,Canada,32489,AMANAHA-NEW,lt-50,2,lt-50,lt-50,95.0,VPN-Infrastructure-Atlas
Sentinel dVPN,CA,Canada,397735,NETWIRE-INC,lt-50,1,lt-50,lt-50,95.0,VPN-Infrastructure-Atlas
Sentinel dVPN,DE,Germany,211507,"LAIN we love lain, cats and the world wide web",lt-50,4,lt-50,lt-50,95.0,VPN-Infrastructure-Atlas
Sentinel dVPN,EE,Estonia,215467,SKHRON Skhron OU: skhron.eu,lt-50,2,lt-50,lt-50,95.0,VPN-Infrastructure-Atlas
Sentinel dVPN,GB,United Kingdom,213169,AS-CATIXS-AKA,lt-50,4,lt-50,lt-50,95.0,VPN-Infrastructure-Atlas
Sentinel dVPN,PE,Peru,3132,Red Cientifica Peruana,lt-50,2,lt-50,lt-50,95.0,VPN-Infrastructure-Atlas
Sentinel dVPN,RO,Romania,215362,PROMO-PLUS,lt-50,2,lt-50,lt-50,95.0,VPN-Infrastructure-Atlas
Sentinel dVPN,SG,Singapore,142036,HOSTEONS-AS-AP Hosteons Pte. Ltd.,lt-50,4,lt-50,lt-50,95.0,VPN-Infrastructure-Atlas
Sentinel dVPN,SG,Singapore,149020,WEBHORIZON-AS-AP WebHorizon Internet Services,lt-50,5,lt-50,lt-50,95.0,VPN-Infrastructure-Atlas
Sentinel dVPN,TR,Türkiye,215155,HALIL-OMER-TEKIN,lt-50,1,lt-50,lt-50,95.0,VPN-Infrastructure-Atlas
Sentinel dVPN,TR,Türkiye,42926,RADORE,lt-50,1,lt-50,lt-50,95.0,VPN-Infrastructure-Atlas
Sentinel dVPN,US,United States,397032,SPARKED,lt-50,2,lt-50,lt-50,95.0,VPN-Infrastructure-Atlas
Surfshark,ES,Spain,203020,HOSTROYALE,lt-50,3,lt-50,lt-50,95.0,VPN-Infrastructure-Atlas
SwitchVPN,GB,United Kingdom,31708,"COREIX-UK-AS London, Great Britain",lt-50,4,lt-50,lt-50,88.0,VPN-Infrastructure-Atlas
SwitchVPN,IT,Italy,49367,ASSEFLOW,lt-50,1,lt-50,lt-50,88.0,VPN-Infrastructure-Atlas
SwitchVPN,NL,Netherlands,60781,LEASEWEB-NL-AMS-01 Netherlands,lt-50,2,lt-50,lt-50,88.0,VPN-Infrastructure-Atlas
Trust.Zone,DE,Germany,47447,TTM,lt-50,2,lt-50,lt-50,70.0,VPN-Infrastructure-Atlas
TunnelBear,GB,United Kingdom,13213,UK2NET-AS,lt-50,2,lt-50,lt-50,95.0,VPN-Infrastructure-Atlas
VPN Jantit,NL,Netherlands,209847,THE,lt-50,5,lt-50,lt-50,88.0,VPN-Infrastructure-Atlas
VPN Jantit,SG,Singapore,59211,ONEASIAHOST OneAsiaHost,lt-50,2,lt-50,lt-50,88.0,VPN-Infrastructure-Atlas
VPN Jantit,US,United States,14061,DIGITALOCEAN-ASN,lt-50,5,lt-50,lt-50,88.0,VPN-Infrastructure-Atlas
VPN Jantit,US,United States,63023,AS-GLOBALTELEHOST,lt-50,5,lt-50,lt-50,88.0,VPN-Infrastructure-Atlas
VPN Unlimited,CA,Canada,11831,ESECUREDATA,lt-50,1,lt-50,lt-50,70.0,VPN-Infrastructure-Atlas
VPN Unlimited,US,United States,63018,DEDICATED,lt-50,1,lt-50,lt-50,70.0,VPN-Infrastructure-Atlas
VPN.ac,NL,Netherlands,51430,ALTUS,lt-50,3,lt-50,lt-50,95.0,VPN-Infrastructure-Atlas
VPN.ac,SC,Seychelles,202425,INT-NETWORK,lt-50,2,lt-50,lt-50,95.0,VPN-Infrastructure-Atlas
Vpnfacile,FR,France,16276,OVH,lt-50,3,lt-50,lt-50,78.0,VPN-Infrastructure-Atlas
Vpnht,AT,Austria,42473,AS-ANEXIA ANEXIA Internetdienstleistungs GmbH,lt-50,1,lt-50,lt-50,78.0,VPN-Infrastructure-Atlas
Vpnht,DE,Germany,0,,lt-50,1,lt-50,lt-50,78.0,VPN-Infrastructure-Atlas
Vpnht,GB,United Kingdom,204044,ONLYSERVERS Dedicated Server Hosting Provider,lt-50,1,lt-50,lt-50,78.0,VPN-Infrastructure-Atlas
WLVPN,NL,Netherlands,51430,ALTUS,lt-50,1,lt-50,lt-50,95.0,VPN-Infrastructure-Atlas
WiTopia,BR,Brazil,262287,Latitude.sh LTDA,lt-50,1,lt-50,lt-50,95.0,VPN-Infrastructure-Atlas
WiTopia,CA,Canada,0,,lt-50,1,lt-50,lt-50,95.0,VPN-Infrastructure-Atlas
WiTopia,GB,United Kingdom,20860,IOMART-AS,lt-50,1,lt-50,lt-50,95.0,VPN-Infrastructure-Atlas
WiTopia,GB,United Kingdom,25369,BANDWIDTH-AS,lt-50,1,lt-50,lt-50,95.0,VPN-Infrastructure-Atlas
WiTopia,IN,India,132335,LEAPSWITCH-IN-AS-AP LEAPSWITCH NETWORKS PRIVATE LIMITED,lt-50,1,lt-50,lt-50,95.0,VPN-Infrastructure-Atlas
WiTopia,IN,India,146943,TIER4CLOU-AS Tier 4 Cloud Services,lt-50,1,lt-50,lt-50,95.0,VPN-Infrastructure-Atlas
WiTopia,KR,South Korea,45382,EHOSTIDC-AS-KR Hostcenter,lt-50,1,lt-50,lt-50,95.0,VPN-Infrastructure-Atlas
WiTopia,LT,Lithuania,61272,IST-AS,lt-50,1,lt-50,lt-50,95.0,VPN-Infrastructure-Atlas
WiTopia,LV,Latvia,52048,RIXHOST,lt-50,1,lt-50,lt-50,95.0,VPN-Infrastructure-Atlas
WiTopia,MY,Malaysia,55720,GIGABIT-MY Gigabit Hosting Sdn Bhd,lt-50,1,lt-50,lt-50,95.0,VPN-Infrastructure-Atlas
WiTopia,NL,Netherlands,60781,LEASEWEB-NL-AMS-01 Netherlands,lt-50,1,lt-50,lt-50,95.0,VPN-Infrastructure-Atlas
WiTopia,PT,Portugal,59787,WEBHS WEBSP LDA,lt-50,1,lt-50,lt-50,95.0,VPN-Infrastructure-Atlas
WiTopia,TH,Thailand,56067,METRABYTE-TH 453 Ladplacout Jorakhaebua,lt-50,1,lt-50,lt-50,95.0,VPN-Infrastructure-Atlas
WiTopia,US,United States,13445,WEBEX,lt-50,1,lt-50,lt-50,95.0,VPN-Infrastructure-Atlas
WiTopia,US,United States,19148,LEASEWEB-USA-PHX,lt-50,1,lt-50,lt-50,95.0,VPN-Infrastructure-Atlas
WiTopia,US,United States,26388,FIBERFI,lt-50,1,lt-50,lt-50,95.0,VPN-Infrastructure-Atlas
WiTopia,US,United States,397373,H4Y-TECHNOLOGIES,lt-50,1,lt-50,lt-50,95.0,VPN-Infrastructure-Atlas
WiTopia,US,United States,40676,AS40676 - Psychz Networks,lt-50,1,lt-50,lt-50,95.0,VPN-Infrastructure-Atlas
WiTopia,US,United States,4986,INTERSTAR,lt-50,1,lt-50,lt-50,95.0,VPN-Infrastructure-Atlas
WiTopia,US,United States,7488,CNSERVER-AP-AS CNServer LLC,lt-50,1,lt-50,lt-50,95.0,VPN-Infrastructure-Atlas
WorldVPN,BG,Bulgaria,59729,ITL-BG,lt-50,3,lt-50,lt-50,88.0,VPN-Infrastructure-Atlas
WorldVPN,IT,Italy,31034,ARUBA-ASN,lt-50,3,lt-50,lt-50,88.0,VPN-Infrastructure-Atlas
WorldVPN,LV,Latvia,50979,ITL-LV,lt-50,3,lt-50,lt-50,88.0,VPN-Infrastructure-Atlas
WorldVPN,NL,Netherlands,56594,CB-BYO-IP,lt-50,1,lt-50,lt-50,88.0,VPN-Infrastructure-Atlas
WorldVPN,UA,Ukraine,15626,GF-UA,lt-50,3,lt-50,lt-50,88.0,VPN-Infrastructure-Atlas
Zoogvpn,US,United States,40676,AS40676 - Psychz Networks,lt-50,3,lt-50,lt-50,78.0,VPN-Infrastructure-Atlas
AirVPN,AU,Australia,133480,INT-5GN-AS-AP 5G NETWORK OPERATIONS PTY LTD,lt-50,1,lt-50,lt-50,95.0,VPN-Infrastructure-Atlas
AirVPN,EE,Estonia,206804,ESTNOC-GLOBAL,lt-50,1,lt-50,lt-50,95.0,VPN-Infrastructure-Atlas
AirVPN,MY,Malaysia,55720,GIGABIT-MY Gigabit Hosting Sdn Bhd,lt-50,1,lt-50,lt-50,95.0,VPN-Infrastructure-Atlas
Anonine,CA,Canada,36666,GTCOMM,lt-50,1,lt-50,lt-50,95.0,VPN-Infrastructure-Atlas
Anonine,FR,France,12876,Online SAS,lt-50,2,lt-50,lt-50,95.0,VPN-Infrastructure-Atlas
Anonvpn,MU,Mauritius,0,,lt-50,4,lt-50,lt-50,78.0,VPN-Infrastructure-Atlas
Astrill,AT,Austria,57169,EDIS-AS-EU,lt-50,1,lt-50,lt-50,78.5,VPN-Infrastructure-Atlas
Astrill,CA,Canada,7040,NETMINDERS,lt-50,1,lt-50,lt-50,78.0,VPN-Infrastructure-Atlas
Astrill,DE,Germany,197071,ACTIVE-SERVERS active-servers.com,lt-50,1,lt-50,lt-50,78.0,VPN-Infrastructure-Atlas
Astrill,DE,Germany,30083,AS-30083-US-VELIA-NET,lt-50,3,lt-50,lt-50,78.0,VPN-Infrastructure-Atlas
Astrill,DE,Germany,3214,XTOM xTom GmbH,lt-50,1,lt-50,lt-50,78.0,VPN-Infrastructure-Atlas
Astrill,DE,Germany,8560,"IONOS-AS This is the joint network for IONOS, Fasthosts, Arsys, 1&1 Mail and Media and 1&1 Telecom. Formerly known as 1&1 Internet SE.",lt-50,2,lt-50,lt-50,78.0,VPN-Infrastructure-Atlas
Astrill,GB,United Kingdom,42831,"UKSERVERS-AS UK Dedicated Servers, Hosting and Co-Location",lt-50,1,lt-50,lt-50,78.0,VPN-Infrastructure-Atlas
Astrill,HK,Hong Kong,9304,HUTCHISON-AS-AP HGC Global Communications Limited,lt-50,1,lt-50,lt-50,78.0,VPN-Infrastructure-Atlas
Astrill,IT,Italy,49367,ASSEFLOW,lt-50,1,lt-50,lt-50,78.0,VPN-Infrastructure-Atlas
Astrill,KR,South Korea,4766,KIXS-AS-KR Korea Telecom,lt-50,1,lt-50,lt-50,78.0,VPN-Infrastructure-Atlas
Astrill,LT,Lithuania,16125,CHERRYSERVERS1-AS,lt-50,2,lt-50,lt-50,78.0,VPN-Infrastructure-Atlas
Astrill,LU,Luxembourg,9008,ASN-VO Visual Online S.A. Luxembourg,lt-50,2,lt-50,lt-50,78.0,VPN-Infrastructure-Atlas
Astrill,MD,Moldova,43289,TRABIA,lt-50,2,lt-50,lt-50,78.0,VPN-Infrastructure-Atlas
Astrill,NZ,New Zealand,9790,TWO-DEGREES-AS-AP Two Degrees Networks Limited,lt-50,1,lt-50,lt-50,78.0,VPN-Infrastructure-Atlas
Astrill,RU,Russia,3216,SOVAM-AS,lt-50,1,lt-50,lt-50,78.0,VPN-Infrastructure-Atlas
Astrill,SG,Singapore,59253,LEASEWEB-APAC-SIN-11 LEASEWEB SINGAPORE PTE. LTD.,lt-50,2,lt-50,lt-50,78.0,VPN-Infrastructure-Atlas
Astrill,TW,Taiwan,134094,"SERVERFIELD-AS Serverfield Co., Ltd.",lt-50,1,lt-50,lt-50,78.0,VPN-Infrastructure-Atlas
Astrill,US,United States,20278,NEXEON,lt-50,2,lt-50,lt-50,78.0,VPN-Infrastructure-Atlas
Astrill,US,United States,207134,PHOENIXNAP-SRB,lt-50,2,lt-50,lt-50,78.0,VPN-Infrastructure-Atlas
Astrill,US,United States,29802,HVC-AS,lt-50,1,lt-50,lt-50,78.0,VPN-Infrastructure-Atlas
Astrill,US,United States,3257,GTT-BACKBONE GTT,lt-50,2,lt-50,lt-50,78.0,VPN-Infrastructure-Atlas
Astrill,US,United States,395839,HOSTKEY-USA,lt-50,1,lt-50,lt-50,78.0,VPN-Infrastructure-Atlas
Astrill,US,United States,397391,HON-ASN,lt-50,1,lt-50,lt-50,78.0,VPN-Infrastructure-Atlas
Astrill,US,United States,9294,GNETINC-AS-AP GNET INC.,lt-50,4,lt-50,lt-50,78.0,VPN-Infrastructure-Atlas
AzireVPN,NL,Netherlands,6206,NETROUTING-AS,lt-50,4,lt-50,lt-50,95.0,VPN-Infrastructure-Atlas
AzireVPN,SE,Sweden,1299,"TWELVE99 Arelion, fka Telia Carrier",lt-50,2,lt-50,lt-50,95.0,VPN-Infrastructure-Atlas
AzireVPN,US,United States,11878,TZULO,lt-50,4,lt-50,lt-50,95.0,VPN-Infrastructure-Atlas
BoxPN,CA,Canada,36666,GTCOMM,lt-50,1,lt-50,lt-50,95.0,VPN-Infrastructure-Atlas
BoxPN,FR,France,12876,Online SAS,lt-50,2,lt-50,lt-50,95.0,VPN-Infrastructure-Atlas
CCrypto VPN,FR,France,16276,OVH,lt-50,4,lt-50,lt-50,88.0,VPN-Infrastructure-Atlas
CactusVPN,CA,Canada,16276,OVH,lt-50,2,lt-50,lt-50,95.0,VPN-Infrastructure-Atlas
CactusVPN,UK,United Kingdom,20860,IOMART-AS,lt-50,2,lt-50,lt-50,95.0,VPN-Infrastructure-Atlas
EasyHideIP,CA,Canada,36666,GTCOMM,lt-50,1,lt-50,lt-50,95.0,VPN-Infrastructure-Atlas
ExpressVPN,DE,Germany,29066,VELIANET-AS velia.net Internetdienste GmbH,lt-50,2,lt-50,lt-50,70.0,VPN-Infrastructure-Atlas
ExpressVPN,GB,United Kingdom,42831,"UKSERVERS-AS UK Dedicated Servers, Hosting and Co-Location",lt-50,3,lt-50,lt-50,67.5,VPN-Infrastructure-Atlas
ExpressVPN,US,United States,40676,AS40676 - Psychz Networks,lt-50,2,lt-50,lt-50,70.0,VPN-Infrastructure-Atlas
FastestVPN,GB,United Kingdom,3170,VELOXSERV,lt-50,2,lt-50,lt-50,95.0,VPN-Infrastructure-Atlas
FlowVPN,CH,Switzerland,34927,IFOG-GMBH,lt-50,2,lt-50,lt-50,70.0,VPN-Infrastructure-Atlas
FlowVPN,CZ,Czechia,42422,SECURITYNET-AS,lt-50,4,lt-50,lt-50,70.0,VPN-Infrastructure-Atlas
FlowVPN,GB,United Kingdom,211552,CIVO-UK,lt-50,2,lt-50,lt-50,70.0,VPN-Infrastructure-Atlas
FlowVPN,RU,Russia,210756,EDGECENTERLLC,lt-50,2,lt-50,lt-50,70.0,VPN-Infrastructure-Atlas
FlowVPN,US,United States,16509,AMAZON-02,lt-50,4,lt-50,lt-50,70.0,VPN-Infrastructure-Atlas
FlowVPN,US,United States,212336,BYTEVIRTLLC,lt-50,1,lt-50,lt-50,70.0,VPN-Infrastructure-Atlas
FlowVPN,US,United States,63150,BAGE,lt-50,1,lt-50,lt-50,70.0,VPN-Infrastructure-Atlas
GhostPath,US,United States,36352,AS-COLOCROSSING,lt-50,4,lt-50,lt-50,88.0,VPN-Infrastructure-Atlas
Ivacy,US,United States,212238,CDNEXT,lt-50,4,lt-50,lt-50,95.0,VPN-Infrastructure-Atlas
Ivacy,US,United States,9009,M247,lt-50,4,lt-50,lt-50,95.0,VPN-Infrastructure-Atlas
KevinVPN,GB,United Kingdom,62240,CLOUVIDER Clouvider - Global ASN,lt-50,3,lt-50,lt-50,70.0,VPN-Infrastructure-Atlas
Kompot VPN,GB,United Kingdom,215540,GCS-AS,lt-50,4,lt-50,lt-50,80.0,VPN-Infrastructure-Atlas
Kompot VPN,RU,Russia,9123,TIMEWEB-AS,lt-50,3,lt-50,lt-50,70.0,VPN-Infrastructure-Atlas
Le VPN,AT,Austria,57169,EDIS-AS-EU,lt-50,4,lt-50,lt-50,70.0,VPN-Infrastructure-Atlas
MoriVPN,US,United States,31898,ORACLE-BMC-31898,lt-50,4,lt-50,lt-50,80.0,VPN-Infrastructure-Atlas
Mullvad,CA,Canada,394256,CLOUDSINGULARITY,lt-50,2,lt-50,lt-50,95.0,VPN-Infrastructure-Atlas
Mullvad,VU,Vanuatu,23959,OWL-AS-AP Owl Limited,lt-50,1,lt-50,lt-50,95.0,VPN-Infrastructure-Atlas
NordVPN,CA,Canada,812,ROGERS-COMMUNICATIONS,lt-50,1,lt-50,lt-50,95.0,VPN-Infrastructure-Atlas
NordVPN,DE,Germany,8881,VERSATEL,lt-50,1,lt-50,lt-50,95.0,VPN-Infrastructure-Atlas
NordVPN,US,United States,62874,WEB2OBJECTS,lt-50,1,lt-50,lt-50,95.0,VPN-Infrastructure-Atlas
NordVPN,US,United States,64249,ENDOFFICE,lt-50,1,lt-50,lt-50,95.0,VPN-Infrastructure-Atlas
Private Internet Access,AU,Australia,18345,SERVERS-AUS-CUST Servers Australia Customers,lt-50,1,lt-50,lt-50,95.0,VPN-Infrastructure-Atlas
Private Internet Access,GB,United Kingdom,58065,PACKETEXCHANGE,lt-50,1,lt-50,lt-50,95.0,VPN-Infrastructure-Atlas
PrivateVPN,DE,Germany,42201,PVDATANET,lt-50,2,lt-50,lt-50,91.5,VPN-Infrastructure-Atlas
PrivateVPN,FR,France,42201,PVDATANET,lt-50,1,lt-50,lt-50,95.0,VPN-Infrastructure-Atlas
PrivateVPN,NL,Netherlands,42201,PVDATANET,lt-50,1,lt-50,lt-50,95.0,VPN-Infrastructure-Atlas
PrivateVPN,PL,Poland,50599,Autonomous System for Dataspace P.S.A.,lt-50,3,lt-50,lt-50,95.0,VPN-Infrastructure-Atlas
PureVPN,AL,Albania,197706,"KEMINET A datacenter located in TiranaAlbania. Webhosting, Dedicated Servers, VPS, IPv4IPv6 leasing",lt-50,2,lt-50,lt-50,88.0,VPN-Infrastructure-Atlas
PureVPN,AU,Australia,136557,HOST-AS-AP Host Universal Pty Ltd,lt-50,1,lt-50,lt-50,88.0,VPN-Infrastructure-Atlas
PureVPN,IN,India,203020,HOSTROYALE,lt-50,1,lt-50,lt-50,88.0,VPN-Infrastructure-Atlas
PureVPN,MD,Moldova,43289,TRABIA,lt-50,2,lt-50,lt-50,88.0,VPN-Infrastructure-Atlas
PureVPN,NL,Netherlands,51430,ALTUS,lt-50,3,lt-50,lt-50,88.0,VPN-Infrastructure-Atlas
RedShield VPN,RO,Romania,9009,M247,lt-50,4,lt-50,lt-50,95.0,VPN-Infrastructure-Atlas
Sentinel dVPN,AU,Australia,136557,HOST-AS-AP Host Universal Pty Ltd,lt-50,3,lt-50,lt-50,95.0,VPN-Infrastructure-Atlas
Sentinel dVPN,EE,Estonia,214279,DASABO,lt-50,4,lt-50,lt-50,95.0,VPN-Infrastructure-Atlas
Sentinel dVPN,GB,United Kingdom,3170,VELOXSERV,lt-50,1,lt-50,lt-50,95.0,VPN-Infrastructure-Atlas
Sentinel dVPN,GE,Georgia,216300,ABKHAZMEDIA-AS,lt-50,3,lt-50,lt-50,95.0,VPN-Infrastructure-Atlas
Sentinel dVPN,IN,India,153393,RACKVOLT-AS-AP RACKVOLT CLOUD SOLUTIONS PRIVATE LIMITED,lt-50,2,lt-50,lt-50,95.0,VPN-Infrastructure-Atlas
Sentinel dVPN,MD,Moldova,48753,AVAHOHST,lt-50,1,lt-50,lt-50,95.0,VPN-Infrastructure-Atlas
Sentinel dVPN,PL,Poland,214481,WCZAPKOWICZ-AS as214481as-wczapkowicz Chunkserve Backbone Transit,lt-50,4,lt-50,lt-50,95.0,VPN-Infrastructure-Atlas
Sentinel dVPN,RU,Russia,49392,ASBAXETN,lt-50,4,lt-50,lt-50,95.0,VPN-Infrastructure-Atlas
Sentinel dVPN,TW,Taiwan,3462,HINET Data Communication Business Group,lt-50,4,lt-50,lt-50,95.0,VPN-Infrastructure-Atlas
Sentinel dVPN,US,United States,26383,ASNET,lt-50,4,lt-50,lt-50,95.0,VPN-Infrastructure-Atlas
Sentinel dVPN,US,United States,31898,ORACLE-BMC-31898,lt-50,4,lt-50,lt-50,95.0,VPN-Infrastructure-Atlas
Sentinel dVPN,US,United States,32181,ASN-GIGENET,lt-50,3,lt-50,lt-50,95.0,VPN-Infrastructure-Atlas
Sentinel dVPN,US,United States,46475,LIMESTONENETWORKS,lt-50,4,lt-50,lt-50,95.0,VPN-Infrastructure-Atlas
Sentinel dVPN,UY,Uruguay,6057,Administracion Nacional de Telecomunicaciones,lt-50,1,lt-50,lt-50,95.0,VPN-Infrastructure-Atlas
StrongVPN,EE,Estonia,206804,ESTNOC-GLOBAL,lt-50,1,lt-50,lt-50,83.8,VPN-Infrastructure-Atlas
Surfshark,CA,Canada,212238,CDNEXT,lt-50,4,lt-50,lt-50,95.0,VPN-Infrastructure-Atlas
Surfshark,IN,India,209854,CYBERZONEHUB,lt-50,2,lt-50,lt-50,95.0,VPN-Infrastructure-Atlas
Surfshark,US,United States,62240,CLOUVIDER Clouvider - Global ASN,lt-50,4,lt-50,lt-50,95.0,VPN-Infrastructure-Atlas
VPN Gate,JP,Japan,2527,SO-NET Sony Network Communications Inc.,lt-50,4,lt-50,lt-50,78.0,VPN-Infrastructure-Atlas
VPN Jantit,DE,Germany,8560,"IONOS-AS This is the joint network for IONOS, Fasthosts, Arsys, 1&1 Mail and Media and 1&1 Telecom. Formerly known as 1&1 Internet SE.",lt-50,4,lt-50,lt-50,88.0,VPN-Infrastructure-Atlas
VPN Jantit,PH,Philippines,140599,COMFACCORPORATION-AS-AP COMFAC CORPORATION,lt-50,3,lt-50,lt-50,88.0,VPN-Infrastructure-Atlas
VPN Unlimited,DE,Germany,24961,MYLOC-AS IP Backbone of WIIT AG formerly myLoc managed IT AG,lt-50,2,lt-50,lt-50,70.0,VPN-Infrastructure-Atlas
VPN Unlimited,IT,Italy,31034,ARUBA-ASN,lt-50,3,lt-50,lt-50,70.0,VPN-Infrastructure-Atlas
VPN Unlimited,SI,Slovenia,48894,OPTIMUS-AS,lt-50,2,lt-50,lt-50,70.0,VPN-Infrastructure-Atlas
VPN Unlimited,US,United States,15626,GF-UA,lt-50,1,lt-50,lt-50,70.0,VPN-Infrastructure-Atlas
VPN Unlimited,US,United States,40676,AS40676 - Psychz Networks,lt-50,1,lt-50,lt-50,70.0,VPN-Infrastructure-Atlas
VPN.ac,GB,United Kingdom,42831,"UKSERVERS-AS UK Dedicated Servers, Hosting and Co-Location",lt-50,1,lt-50,lt-50,95.0,VPN-Infrastructure-Atlas
VPN.ac,SG,Singapore,59253,LEASEWEB-APAC-SIN-11 LEASEWEB SINGAPORE PTE. LTD.,lt-50,1,lt-50,lt-50,95.0,VPN-Infrastructure-Atlas
VPN.ac,US,United States,29802,HVC-AS,lt-50,2,lt-50,lt-50,95.0,VPN-Infrastructure-Atlas
VPNSTunnel,US,United States,14061,DIGITALOCEAN-ASN,lt-50,4,lt-50,lt-50,88.0,VPN-Infrastructure-Atlas
VPNUK,GB,United Kingdom,42831,"UKSERVERS-AS UK Dedicated Servers, Hosting and Co-Location",lt-50,4,lt-50,lt-50,70.0,VPN-Infrastructure-Atlas
WiTopia,FI,Finland,51765,CREANOVA-AS Oy Creanova Hosting Solutions Ltd.,lt-50,1,lt-50,lt-50,95.0,VPN-Infrastructure-Atlas
WiTopia,HK,Hong Kong,0,,lt-50,1,lt-50,lt-50,95.0,VPN-Infrastructure-Atlas
WiTopia,IL,Israel,61102,INTERHOST,lt-50,1,lt-50,lt-50,95.0,VPN-Infrastructure-Atlas
WiTopia,IS,Iceland,50613,THORDC-AS,lt-50,1,lt-50,lt-50,95.0,VPN-Infrastructure-Atlas
WiTopia,IT,Italy,49367,ASSEFLOW,lt-50,1,lt-50,lt-50,95.0,VPN-Infrastructure-Atlas
WiTopia,PA,Panama,51852,PLI-AS,lt-50,1,lt-50,lt-50,95.0,VPN-Infrastructure-Atlas
WiTopia,RU,Russia,50340,SELECTEL-MSK,lt-50,1,lt-50,lt-50,95.0,VPN-Infrastructure-Atlas
WiTopia,TR,Türkiye,0,,lt-50,1,lt-50,lt-50,95.0,VPN-Infrastructure-Atlas
WiTopia,US,United States,18779,EGIHOSTING,lt-50,1,lt-50,lt-50,95.0,VPN-Infrastructure-Atlas
WiTopia,US,United States,7979,SERVERS-COM,lt-50,1,lt-50,lt-50,95.0,VPN-Infrastructure-Atlas
WiTopia,VN,Vietnam,7552,VIETEL-AS-AP Viettel Group,lt-50,1,lt-50,lt-50,95.0,VPN-Infrastructure-Atlas
Windscribe,BA,Bosnia and Herzegovina,200698,GLOBALHOST-BOSNIA-AS,lt-50,3,lt-50,lt-50,95.0,VPN-Infrastructure-Atlas
WorldVPN,AU,Australia,63473,HOSTHATCH,lt-50,2,lt-50,lt-50,88.0,VPN-Infrastructure-Atlas
WorldVPN,FI,Finland,24940,HETZNER-AS,lt-50,3,lt-50,lt-50,88.0,VPN-Infrastructure-Atlas
Zoogvpn,NL,Netherlands,209847,THE,lt-50,4,lt-50,lt-50,78.0,VPN-Infrastructure-Atlas
AnonymousVPN,CA,Canada,53363,TANGRAM-CANADA-INC,lt-50,2,lt-50,lt-50,95.0,VPN-Infrastructure-Atlas
Astrill,BA,Bosnia and Herzegovina,200698,GLOBALHOST-BOSNIA-AS,lt-50,2,lt-50,lt-50,78.0,VPN-Infrastructure-Atlas
Astrill,BG,Bulgaria,34224,NETERRA-AS,lt-50,1,lt-50,lt-50,78.0,VPN-Infrastructure-Atlas
Astrill,BG,Bulgaria,44901,BELCLOUD Premium IP transit network,lt-50,1,lt-50,lt-50,78.0,VPN-Infrastructure-Atlas
Astrill,BR,Brazil,262287,Latitude.sh LTDA,lt-50,1,lt-50,lt-50,78.7,VPN-Infrastructure-Atlas
Astrill,CA,Canada,32489,AMANAHA-NEW,lt-50,1,lt-50,lt-50,78.0,VPN-Infrastructure-Atlas
Astrill,DE,Germany,24940,HETZNER-AS,lt-50,1,lt-50,lt-50,78.0,VPN-Infrastructure-Atlas
Astrill,DK,Denmark,30736,ASERGO-AS,lt-50,3,lt-50,lt-50,78.0,VPN-Infrastructure-Atlas
Astrill,EE,Estonia,206804,ESTNOC-GLOBAL,lt-50,1,lt-50,lt-50,78.0,VPN-Infrastructure-Atlas
Astrill,FI,Finland,203003,MAGNA-CAPAX,lt-50,1,lt-50,lt-50,78.0,VPN-Infrastructure-Atlas
Astrill,FR,France,12876,Online SAS,lt-50,1,lt-50,lt-50,78.0,VPN-Infrastructure-Atlas
Astrill,FR,France,21409,IKOULA,lt-50,1,lt-50,lt-50,78.0,VPN-Infrastructure-Atlas
Astrill,GB,United Kingdom,59895,BINARYRACKS-AS,lt-50,1,lt-50,lt-50,78.0,VPN-Infrastructure-Atlas
Astrill,GR,Greece,199081,LANCOM Athens - Greece,lt-50,1,lt-50,lt-50,78.0,VPN-Infrastructure-Atlas
Astrill,HU,Hungary,56322,SERVERASTRA-AS,lt-50,3,lt-50,lt-50,78.0,VPN-Infrastructure-Atlas
Astrill,IE,Ireland,30900,WEBWORLD-AS ta Web World Ireland,lt-50,1,lt-50,lt-50,78.7,VPN-Infrastructure-Atlas
Astrill,IL,Israel,206446,CLOUDLEASE,lt-50,1,lt-50,lt-50,78.0,VPN-Infrastructure-Atlas
Astrill,IL,Israel,44709,CLOUDWEBMANAGE-,lt-50,1,lt-50,lt-50,78.0,VPN-Infrastructure-Atlas
Astrill,JP,Japan,0,,lt-50,1,lt-50,lt-50,78.0,VPN-Infrastructure-Atlas
Astrill,MY,Malaysia,45839,SHINJIRU-MY-AS-AP Shinjiru Technology Sdn Bhd,lt-50,1,lt-50,lt-50,78.0,VPN-Infrastructure-Atlas
Astrill,NL,Netherlands,43350,NFORCE,lt-50,1,lt-50,lt-50,78.0,VPN-Infrastructure-Atlas
Astrill,NL,Netherlands,51430,ALTUS,lt-50,1,lt-50,lt-50,78.0,VPN-Infrastructure-Atlas
Astrill,NL,Netherlands,60781,LEASEWEB-NL-AMS-01 Netherlands,lt-50,1,lt-50,lt-50,78.0,VPN-Infrastructure-Atlas
Astrill,PA,Panama,51852,PLI-AS,lt-50,3,lt-50,lt-50,78.0,VPN-Infrastructure-Atlas
Astrill,PK,Pakistan,150315,VCL-AS-AP Virtury Cloud Private Limited,lt-50,1,lt-50,lt-50,78.0,VPN-Infrastructure-Atlas
Astrill,PT,Portugal,24768,ALMOUROLTEC,lt-50,1,lt-50,lt-50,78.0,VPN-Infrastructure-Atlas
Astrill,SE,Sweden,49770,INTERNETPORT-AS,lt-50,1,lt-50,lt-50,78.0,VPN-Infrastructure-Atlas
Astrill,SG,Singapore,400061,IGNERO,lt-50,1,lt-50,lt-50,78.7,VPN-Infrastructure-Atlas
Astrill,SK,Slovakia,201924,LERTAS-AS,lt-50,1,lt-50,lt-50,78.0,VPN-Infrastructure-Atlas
Astrill,UA,Ukraine,30860,YURTEH-AS,lt-50,1,lt-50,lt-50,78.0,VPN-Infrastructure-Atlas
Astrill,US,United States,13737,AS-INCX,lt-50,1,lt-50,lt-50,78.0,VPN-Infrastructure-Atlas
Astrill,US,United States,26042,FIBERSTATE,lt-50,1,lt-50,lt-50,78.0,VPN-Infrastructure-Atlas
Astrill,US,United States,27323,SERVERSTADIUM,lt-50,1,lt-50,lt-50,78.0,VPN-Infrastructure-Atlas
Astrill,US,United States,33387,NOCIX,lt-50,1,lt-50,lt-50,78.0,VPN-Infrastructure-Atlas
Astrill,US,United States,396073,MAJESTIC-HOSTING-01,lt-50,2,lt-50,lt-50,78.0,VPN-Infrastructure-Atlas
Astrill,US,United States,40156,THEOPT-HOU,lt-50,2,lt-50,lt-50,78.0,VPN-Infrastructure-Atlas
Astrill,US,United States,41378,KIRINONET,lt-50,1,lt-50,lt-50,78.0,VPN-Infrastructure-Atlas
Astrill,US,United States,46573,VAULT-HOST,lt-50,2,lt-50,lt-50,78.0,VPN-Infrastructure-Atlas
Astrill,US,United States,53755,IOFLOOD,lt-50,1,lt-50,lt-50,78.0,VPN-Infrastructure-Atlas
Astrill,US,United States,55154,MADGEN-01,lt-50,1,lt-50,lt-50,78.0,VPN-Infrastructure-Atlas
Astrill,VN,Vietnam,135905,VNPT-AS-VN VIETNAM POSTS AND TELECOMMUNICATIONS GROUP,lt-50,1,lt-50,lt-50,78.0,VPN-Infrastructure-Atlas
Astrill,ZA,South Africa,37153,xneelo,lt-50,2,lt-50,lt-50,78.0,VPN-Infrastructure-Atlas
ExpressVPN,AL,Albania,197706,"KEMINET A datacenter located in TiranaAlbania. Webhosting, Dedicated Servers, VPS, IPv4IPv6 leasing",lt-50,3,lt-50,lt-50,70.0,VPN-Infrastructure-Atlas
ExpressVPN,LT,Lithuania,61272,IST-AS,lt-50,2,lt-50,lt-50,70.0,VPN-Infrastructure-Atlas
ExpressVPN,US,United States,46475,LIMESTONENETWORKS,lt-50,1,lt-50,lt-50,70.0,VPN-Infrastructure-Atlas
FlowVPN,AR,Argentina,27823,Dattatec.com,lt-50,3,lt-50,lt-50,70.0,VPN-Infrastructure-Atlas
FlowVPN,HK,Hong Kong,138915,KAOPU-HK Kaopu Cloud HK Limited,lt-50,3,lt-50,lt-50,70.0,VPN-Infrastructure-Atlas
FlowVPN,KR,South Korea,9318,SKB-AS SK Broadband Co Ltd,lt-50,3,lt-50,lt-50,70.0,VPN-Infrastructure-Atlas
FlowVPN,PH,Philippines,140599,COMFACCORPORATION-AS-AP COMFAC CORPORATION,lt-50,3,lt-50,lt-50,70.0,VPN-Infrastructure-Atlas
FlowVPN,US,United States,0,,lt-50,1,lt-50,lt-50,70.0,VPN-Infrastructure-Atlas
FlowVPN,US,United States,26383,ASNET,lt-50,3,lt-50,lt-50,70.0,VPN-Infrastructure-Atlas
FlowVPN,US,United States,63473,HOSTHATCH,lt-50,2,lt-50,lt-50,70.0,VPN-Infrastructure-Atlas
Froot,US,United States,29889,FSNET-1,lt-50,2,lt-50,lt-50,78.0,VPN-Infrastructure-Atlas
GhostPath,GB,United Kingdom,63949,AKAMAI-LINODE-AP Akamai Connected Cloud,lt-50,3,lt-50,lt-50,88.0,VPN-Infrastructure-Atlas
GhostPath,SE,Sweden,42708,GLESYS glesys.com,lt-50,3,lt-50,lt-50,88.0,VPN-Infrastructure-Atlas
GhostPath,US,United States,0,,lt-50,3,lt-50,lt-50,88.0,VPN-Infrastructure-Atlas
GhostPath,US,United States,13213,UK2NET-AS,lt-50,3,lt-50,lt-50,88.0,VPN-Infrastructure-Atlas
GhostPath,US,United States,62296,VITALNG,lt-50,1,lt-50,lt-50,88.0,VPN-Infrastructure-Atlas
Goosevpn,NL,Netherlands,41887,PROLOCATION Prolocation,lt-50,1,lt-50,lt-50,78.0,VPN-Infrastructure-Atlas
HideIPVPN,NL,Netherlands,60781,LEASEWEB-NL-AMS-01 Netherlands,lt-50,2,lt-50,lt-50,70.0,VPN-Infrastructure-Atlas
IVPN,CA,Canada,32489,AMANAHA-NEW,lt-50,2,lt-50,lt-50,95.0,VPN-Infrastructure-Atlas
IVPN,EE,Estonia,206804,ESTNOC-GLOBAL,lt-50,3,lt-50,lt-50,95.0,VPN-Infrastructure-Atlas
IVPN,MY,Malaysia,55720,GIGABIT-MY Gigabit Hosting Sdn Bhd,lt-50,3,lt-50,lt-50,95.0,VPN-Infrastructure-Atlas
IVPN,PA,Panama,51852,PLI-AS,lt-50,2,lt-50,lt-50,95.0,VPN-Infrastructure-Atlas
Ivacy,AU,Australia,136557,HOST-AS-AP Host Universal Pty Ltd,lt-50,1,lt-50,lt-50,95.0,VPN-Infrastructure-Atlas
Ivacy,AU,Australia,212238,CDNEXT,lt-50,2,lt-50,lt-50,95.0,VPN-Infrastructure-Atlas
Ivacy,CA,Canada,212238,CDNEXT,lt-50,3,lt-50,lt-50,95.0,VPN-Infrastructure-Atlas
Ivacy,EE,Estonia,1257,TELE2,lt-50,1,lt-50,lt-50,95.0,VPN-Infrastructure-Atlas
KevinVPN,US,United States,27284,FOURPLEX-ASN,lt-50,2,lt-50,lt-50,70.0,VPN-Infrastructure-Atlas
KeyDrop,AE,United Arab Emirates,216071,VDSINA,lt-50,3,lt-50,lt-50,70.0,VPN-Infrastructure-Atlas
KeyDrop,RU,Russia,198610,BEGET-AS,lt-50,3,lt-50,lt-50,70.0,VPN-Infrastructure-Atlas
KeyDrop,RU,Russia,9123,TIMEWEB-AS,lt-50,3,lt-50,lt-50,70.0,VPN-Infrastructure-Atlas
Kompot VPN,GB,United Kingdom,204044,ONLYSERVERS Dedicated Server Hosting Provider,lt-50,1,lt-50,lt-50,80.0,VPN-Infrastructure-Atlas
Kompot VPN,RU,Russia,207713,GIR-AS,lt-50,1,lt-50,lt-50,70.0,VPN-Infrastructure-Atlas
Mullvad,FI,Finland,51765,CREANOVA-AS Oy Creanova Hosting Solutions Ltd.,lt-50,1,lt-50,lt-50,95.0,VPN-Infrastructure-Atlas
Mullvad,HK,Hong Kong,9312,XTOM xTom,lt-50,1,lt-50,lt-50,95.0,VPN-Infrastructure-Atlas
Mullvad,US,United States,25737,JONE,lt-50,1,lt-50,lt-50,95.0,VPN-Infrastructure-Atlas
NordVPN,MD,Moldova,43289,TRABIA,lt-50,1,lt-50,lt-50,95.0,VPN-Infrastructure-Atlas
OysterVPN,IN,India,136258,"ONEPROVIDER-AS BrainStorm Network, Inc",lt-50,1,lt-50,lt-50,95.0,VPN-Infrastructure-Atlas
Private Internet Access,AL,Albania,197706,"KEMINET A datacenter located in TiranaAlbania. Webhosting, Dedicated Servers, VPS, IPv4IPv6 leasing",lt-50,1,lt-50,lt-50,95.0,VPN-Infrastructure-Atlas
Private Internet Access,IT,Italy,212238,CDNEXT,lt-50,1,lt-50,lt-50,95.0,VPN-Infrastructure-Atlas
Private Internet Access,LT,Lithuania,61272,IST-AS,lt-50,1,lt-50,lt-50,95.0,VPN-Infrastructure-Atlas
Private Internet Access,NL,Netherlands,212238,CDNEXT,lt-50,2,lt-50,lt-50,95.0,VPN-Infrastructure-Atlas
Private Internet Access,NL,Netherlands,51430,ALTUS,lt-50,1,lt-50,lt-50,95.0,VPN-Infrastructure-Atlas
Private Internet Access,UK,United Kingdom,9009,M247,lt-50,1,lt-50,lt-50,95.0,VPN-Infrastructure-Atlas
Private Internet Access,US,United States,6461,ZAYO-6461,lt-50,2,lt-50,lt-50,95.0,VPN-Infrastructure-Atlas
PrivateVPN,AU,Australia,133480,INT-5GN-AS-AP 5G NETWORK OPERATIONS PTY LTD,lt-50,3,lt-50,lt-50,90.3,VPN-Infrastructure-Atlas
PrivateVPN,CA,Canada,42201,PVDATANET,lt-50,1,lt-50,lt-50,95.0,VPN-Infrastructure-Atlas
PrivateVPN,US,United States,9009,M247,lt-50,2,lt-50,lt-50,92.7,VPN-Infrastructure-Atlas
ProtonVPN,GB,United Kingdom,25369,BANDWIDTH-AS,lt-50,2,lt-50,lt-50,95.0,VPN-Infrastructure-Atlas
ProtonVPN,US,United States,7979,SERVERS-COM,lt-50,2,lt-50,lt-50,95.0,VPN-Infrastructure-Atlas
Proxpn,MU,Mauritius,0,,lt-50,2,lt-50,lt-50,78.0,VPN-Infrastructure-Atlas
Proxpn,US,United States,20473,AS-VULTR,lt-50,3,lt-50,lt-50,78.0,VPN-Infrastructure-Atlas
Riseup VPN,US,United States,16652,RISEUP,lt-50,3,lt-50,lt-50,95.0,VPN-Infrastructure-Atlas
Safervpn,CA,Canada,136258,"ONEPROVIDER-AS BrainStorm Network, Inc",lt-50,3,lt-50,lt-50,78.0,VPN-Infrastructure-Atlas
Sentinel dVPN,AE,United Arab Emirates,60117,HS,lt-50,2,lt-50,lt-50,95.0,VPN-Infrastructure-Atlas
Sentinel dVPN,AR,Argentina,27823,Dattatec.com,lt-50,2,lt-50,lt-50,95.0,VPN-Infrastructure-Atlas
Sentinel dVPN,CY,Cyprus,202448,MVPS www.mvps.net,lt-50,3,lt-50,lt-50,95.0,VPN-Infrastructure-Atlas
Sentinel dVPN,DE,Germany,215607,DF-TRANSIT,lt-50,1,lt-50,lt-50,95.0,VPN-Infrastructure-Atlas
Sentinel dVPN,DE,Germany,215960,HEARTBEAT-IT,lt-50,2,lt-50,lt-50,95.0,VPN-Infrastructure-Atlas
Sentinel dVPN,DE,Germany,3214,XTOM xTom GmbH,lt-50,3,lt-50,lt-50,95.0,VPN-Infrastructure-Atlas
Sentinel dVPN,FR,France,12322,PROXAD,lt-50,3,lt-50,lt-50,95.0,VPN-Infrastructure-Atlas
Sentinel dVPN,FR,France,208226,OUIHEBERG,lt-50,3,lt-50,lt-50,95.0,VPN-Infrastructure-Atlas
Sentinel dVPN,GB,United Kingdom,203090,COOPNORGE,lt-50,3,lt-50,lt-50,95.0,VPN-Infrastructure-Atlas
Sentinel dVPN,HK,Hong Kong,138915,KAOPU-HK Kaopu Cloud HK Limited,lt-50,3,lt-50,lt-50,95.0,VPN-Infrastructure-Atlas
Sentinel dVPN,IN,India,150623,HOSTPAT-AS-IN HOSTDZIRE WEB SERVICES PRIVATE LIMITED,lt-50,2,lt-50,lt-50,95.0,VPN-Infrastructure-Atlas
Sentinel dVPN,KZ,Kazakhstan,9198,KAZTELECOM-AS,lt-50,1,lt-50,lt-50,95.0,VPN-Infrastructure-Atlas
Sentinel dVPN,NL,Netherlands,212477,ROYALE-AS,lt-50,3,lt-50,lt-50,95.0,VPN-Infrastructure-Atlas
Sentinel dVPN,NO,Norway,214639,ITM NORD AS,lt-50,2,lt-50,lt-50,95.0,VPN-Infrastructure-Atlas
Sentinel dVPN,SG,Singapore,141995,CAPL-AS-AP Contabo Asia Private Limited,lt-50,3,lt-50,lt-50,95.0,VPN-Infrastructure-Atlas
Sentinel dVPN,TR,Türkiye,209604,TWO-E-TELEKOM,lt-50,3,lt-50,lt-50,95.0,VPN-Infrastructure-Atlas
Sentinel dVPN,US,United States,25693,VIRMACH,lt-50,3,lt-50,lt-50,95.0,VPN-Infrastructure-Atlas
Sentinel dVPN,US,United States,26042,FIBERSTATE,lt-50,2,lt-50,lt-50,95.0,VPN-Infrastructure-Atlas
Sentinel dVPN,US,United States,40676,AS40676 - Psychz Networks,lt-50,2,lt-50,lt-50,95.0,VPN-Infrastructure-Atlas
SmartVPN,CA,Canada,36666,GTCOMM,lt-50,3,lt-50,lt-50,88.0,VPN-Infrastructure-Atlas
SmartVPN,US,United States,14061,DIGITALOCEAN-ASN,lt-50,3,lt-50,lt-50,88.0,VPN-Infrastructure-Atlas
Smartdnsproxy,NL,Netherlands,213035,AS-SERVERION Serverion B.V.,lt-50,2,lt-50,lt-50,78.0,VPN-Infrastructure-Atlas
Smartdnsproxy,US,United States,20473,AS-VULTR,lt-50,3,lt-50,lt-50,78.0,VPN-Infrastructure-Atlas
StrongVPN,MY,Malaysia,132372,GBNETWORK-AS-AP GB Network Solutions Sdn. Bhd.,lt-50,1,lt-50,lt-50,85.0,VPN-Infrastructure-Atlas
StrongVPN,NL,Netherlands,51430,ALTUS,lt-50,1,lt-50,lt-50,85.0,VPN-Infrastructure-Atlas
StrongVPN,US,United States,21859,ZEN-ECN,lt-50,2,lt-50,lt-50,80.0,VPN-Infrastructure-Atlas
StrongVPN,US,United States,46844,SHARKTECH,lt-50,1,lt-50,lt-50,90.0,VPN-Infrastructure-Atlas
Surfshark,UK,United Kingdom,25369,BANDWIDTH-AS,lt-50,2,lt-50,lt-50,95.0,VPN-Infrastructure-Atlas
Surfshark,US,United States,13737,AS-INCX,lt-50,2,lt-50,lt-50,95.0,VPN-Infrastructure-Atlas
Trust.Zone,CA,Canada,36666,GTCOMM,lt-50,2,lt-50,lt-50,70.0,VPN-Infrastructure-Atlas
Trust.Zone,FR,France,12876,Online SAS,lt-50,3,lt-50,lt-50,70.0,VPN-Infrastructure-Atlas
TunnelBear,NL,Netherlands,60781,LEASEWEB-NL-AMS-01 Netherlands,lt-50,1,lt-50,lt-50,95.0,VPN-Infrastructure-Atlas
VPN Gate,JP,Japan,18126,"CTCX Chubu Telecommunications Company, Inc.",lt-50,3,lt-50,lt-50,78.0,VPN-Infrastructure-Atlas
VPN Gate,JP,Japan,2519,VECTANT ARTERIA Networks Corporation,lt-50,3,lt-50,lt-50,78.0,VPN-Infrastructure-Atlas
VPN Gate,JP,Japan,4713,OCN NTT Communications Corporation,lt-50,3,lt-50,lt-50,78.0,VPN-Infrastructure-Atlas
VPN Gate,JP,Japan,9824,"JTCL-JP-AS JCOM Co., Ltd.",lt-50,3,lt-50,lt-50,78.0,VPN-Infrastructure-Atlas
VPN Gate,KR,South Korea,9318,SKB-AS SK Broadband Co Ltd,lt-50,3,lt-50,lt-50,78.0,VPN-Infrastructure-Atlas
VPN Jantit,ID,Indonesia,133800,IDNIC-BIZNETGIO-AS-ID PT Biznet Gio Nusantara,lt-50,3,lt-50,lt-50,88.0,VPN-Infrastructure-Atlas
VPN Jantit,TH,Thailand,56309,"SIAMDATA-TH Siamdata Communication Co.,Ltd.",lt-50,3,lt-50,lt-50,88.0,VPN-Infrastructure-Atlas
VPN Jantit,US,United States,15626,GF-UA,lt-50,2,lt-50,lt-50,88.0,VPN-Infrastructure-Atlas
VPN Jantit,US,United States,40676,AS40676 - Psychz Networks,lt-50,1,lt-50,lt-50,88.0,VPN-Infrastructure-Atlas
VPN Unlimited,GB,United Kingdom,20860,IOMART-AS,lt-50,3,lt-50,lt-50,70.0,VPN-Infrastructure-Atlas
VPN Unlimited,GB,United Kingdom,42831,"UKSERVERS-AS UK Dedicated Servers, Hosting and Co-Location",lt-50,3,lt-50,lt-50,70.0,VPN-Infrastructure-Atlas
VPN Unlimited,NL,Netherlands,6206,NETROUTING-AS,lt-50,1,lt-50,lt-50,70.0,VPN-Infrastructure-Atlas
VPN Unlimited,US,United States,18978,ENZUINC-,lt-50,1,lt-50,lt-50,70.0,VPN-Infrastructure-Atlas
VPN Unlimited,US,United States,30058,FDCSERVERS,lt-50,1,lt-50,lt-50,70.0,VPN-Infrastructure-Atlas
VPN Unlimited,US,United States,396190,LEASEWEB-USA-SEA,lt-50,3,lt-50,lt-50,70.0,VPN-Infrastructure-Atlas
VPN Unlimited,US,United States,40156,THEOPT-HOU,lt-50,1,lt-50,lt-50,70.0,VPN-Infrastructure-Atlas
VPN.ac,FR,France,16276,OVH,lt-50,2,lt-50,lt-50,95.0,VPN-Infrastructure-Atlas
VPN.ac,GB,United Kingdom,20860,IOMART-AS,lt-50,2,lt-50,lt-50,95.0,VPN-Infrastructure-Atlas
VPN.ac,HK,Hong Kong,133752,LEASEWEB-APAC-HKG-10 LEASEWEB HONG KONG LIMITED,lt-50,2,lt-50,lt-50,95.0,VPN-Infrastructure-Atlas
VPN.ac,US,United States,19318,IS-AS-1,lt-50,1,lt-50,lt-50,95.0,VPN-Infrastructure-Atlas
VPN.ac,US,United States,396190,LEASEWEB-USA-SEA,lt-50,2,lt-50,lt-50,95.0,VPN-Infrastructure-Atlas
VPNSecure,GB,United Kingdom,21130,IOMART-IE,lt-50,3,lt-50,lt-50,88.0,VPN-Infrastructure-Atlas
VPNUK,CH,Switzerland,21069,ASN-METANET Routingpeering issues: noc@metanet.ch,lt-50,3,lt-50,lt-50,86.7,VPN-Infrastructure-Atlas
VPNUK,GB,United Kingdom,29550,SIMPLYTRANSIT,lt-50,3,lt-50,lt-50,70.0,VPN-Infrastructure-Atlas
VPNUK,RO,Romania,9009,M247,lt-50,3,lt-50,lt-50,78.3,VPN-Infrastructure-Atlas
VPNUK,US,United States,20473,AS-VULTR,lt-50,3,lt-50,lt-50,95.0,VPN-Infrastructure-Atlas
Vpnht,AL,Albania,216280,Banka Kombetare Tregtare Sh.A.,lt-50,1,lt-50,lt-50,78.0,VPN-Infrastructure-Atlas
WiTopia,DO,Dominican Republic,272073,SILKGLOBAL DOMINICANA SRL,lt-50,1,lt-50,lt-50,95.0,VPN-Infrastructure-Atlas
WiTopia,US,United States,10753,LUMEN-LEGACY-L3-CUSTOMER-SHARED-USE,lt-50,1,lt-50,lt-50,95.0,VPN-Infrastructure-Atlas
Windscribe,AL,Albania,197706,"KEMINET A datacenter located in TiranaAlbania. Webhosting, Dedicated Servers, VPS, IPv4IPv6 leasing",lt-50,1,lt-50,lt-50,95.0,VPN-Infrastructure-Atlas
Windscribe,BR,Brazil,268581,QNAX LTDA,lt-50,1,lt-50,lt-50,95.0,VPN-Infrastructure-Atlas
Windscribe,GE,Georgia,47810,PROSERVICE,lt-50,1,lt-50,lt-50,95.0,VPN-Infrastructure-Atlas
Windscribe,IS,Iceland,200651,FLOKINET,lt-50,1,lt-50,lt-50,95.0,VPN-Infrastructure-Atlas
Windscribe,KR,South Korea,3786,LGDACOM LG DACOM Corporation,lt-50,1,lt-50,lt-50,95.0,VPN-Infrastructure-Atlas
Windscribe,KR,South Korea,9318,SKB-AS SK Broadband Co Ltd,lt-50,1,lt-50,lt-50,95.0,VPN-Infrastructure-Atlas
Windscribe,MK,North Macedonia,205119,TELEKS-,lt-50,1,lt-50,lt-50,95.0,VPN-Infrastructure-Atlas
Windscribe,PL,Poland,197155,ARTNET,lt-50,1,lt-50,lt-50,95.0,VPN-Infrastructure-Atlas
Windscribe,RU,Russia,3216,SOVAM-AS,lt-50,1,lt-50,lt-50,95.0,VPN-Infrastructure-Atlas
Windscribe,TH,Thailand,147176,"NNECL-AS-AP NZ Network Enterprise Co., Ltd.",lt-50,1,lt-50,lt-50,95.0,VPN-Infrastructure-Atlas
Windscribe,TH,Thailand,63989,DE-CORP DE-CORP,lt-50,1,lt-50,lt-50,95.0,VPN-Infrastructure-Atlas
Windscribe,US,United States,35908,VPLSNET,lt-50,1,lt-50,lt-50,95.0,VPN-Infrastructure-Atlas
Windscribe,US,United States,400587,RYAMER,lt-50,1,lt-50,lt-50,95.0,VPN-Infrastructure-Atlas
Windscribe,VN,Vietnam,153003,LACHANSO-VN Digital Shield Technology Company Limited,lt-50,1,lt-50,lt-50,95.0,VPN-Infrastructure-Atlas
WorkingVPN,FR,France,16276,OVH,lt-50,3,lt-50,lt-50,95.0,VPN-Infrastructure-Atlas
WorldVPN,NL,Netherlands,56971,AS56971 AS56971 Cloud,lt-50,3,lt-50,lt-50,88.0,VPN-Infrastructure-Atlas
WorldVPN,RU,Russia,43317,VEESP-AS,lt-50,1,lt-50,lt-50,88.0,VPN-Infrastructure-Atlas
WorldVPN,SG,Singapore,63473,HOSTHATCH,lt-50,1,lt-50,lt-50,88.0,VPN-Infrastructure-Atlas
Zoogvpn,US,United States,63023,AS-GLOBALTELEHOST,lt-50,3,lt-50,lt-50,78.0,VPN-Infrastructure-Atlas
uVPN,RO,Romania,9009,M247,lt-50,3,lt-50,lt-50,70.0,VPN-Infrastructure-Atlas
AnonymousVPN,LU,Luxembourg,202422,GHOST,lt-50,1,lt-50,lt-50,95.0,VPN-Infrastructure-Atlas
AnonymousVPN,UA,Ukraine,30860,YURTEH-AS,lt-50,1,lt-50,lt-50,95.0,VPN-Infrastructure-Atlas
AnonymousVPN,US,United States,59729,ITL-BG,lt-50,2,lt-50,lt-50,95.0,VPN-Infrastructure-Atlas
Astrill,AL,Albania,198890,MADCOM-ASN,lt-50,1,lt-50,lt-50,78.0,VPN-Infrastructure-Atlas
Astrill,CA,Canada,0,,lt-50,1,lt-50,lt-50,78.0,VPN-Infrastructure-Atlas
Astrill,CA,Canada,36666,GTCOMM,lt-50,2,lt-50,lt-50,78.0,VPN-Infrastructure-Atlas
Astrill,CZ,Czechia,35592,COOLHOUSING-AS Vinohradska 190,lt-50,1,lt-50,lt-50,78.0,VPN-Infrastructure-Atlas
Astrill,ES,Spain,50926,AXARNET-AS,lt-50,1,lt-50,lt-50,78.0,VPN-Infrastructure-Atlas
Astrill,GR,Greece,200736,INALAN,lt-50,1,lt-50,lt-50,78.0,VPN-Infrastructure-Atlas
Astrill,HK,Hong Kong,9312,XTOM xTom,lt-50,1,lt-50,lt-50,78.0,VPN-Infrastructure-Atlas
Astrill,IN,India,132335,LEAPSWITCH-IN-AS-AP LEAPSWITCH NETWORKS PRIVATE LIMITED,lt-50,1,lt-50,lt-50,78.0,VPN-Infrastructure-Atlas
Astrill,IN,India,18229,CTRLS-AS-IN CtrlS,lt-50,1,lt-50,lt-50,78.0,VPN-Infrastructure-Atlas
Astrill,TH,Thailand,9891,CSLOX-IDC-AS-AP CS LOXINFO Public Company Limited.,lt-50,1,lt-50,lt-50,78.0,VPN-Infrastructure-Atlas
Astrill,US,United States,14061,DIGITALOCEAN-ASN,lt-50,2,lt-50,lt-50,78.0,VPN-Infrastructure-Atlas
Astrill,US,United States,18978,ENZUINC-,lt-50,1,lt-50,lt-50,78.0,VPN-Infrastructure-Atlas
Astrill,US,United States,21859,ZEN-ECN,lt-50,1,lt-50,lt-50,78.0,VPN-Infrastructure-Atlas
Astrill,US,United States,394625,WHITELABELIT,lt-50,1,lt-50,lt-50,78.0,VPN-Infrastructure-Atlas
Astrill,US,United States,400175,MICROTRONIX-ESOLUTIONS,lt-50,1,lt-50,lt-50,78.0,VPN-Infrastructure-Atlas
Astrill,US,United States,64249,ENDOFFICE,lt-50,1,lt-50,lt-50,78.0,VPN-Infrastructure-Atlas
AzireVPN,GB,United Kingdom,3170,VELOXSERV,lt-50,1,lt-50,lt-50,95.0,VPN-Infrastructure-Atlas
AzireVPN,NO,Norway,50304,BLIX,lt-50,2,lt-50,lt-50,95.0,VPN-Infrastructure-Atlas
AzireVPN,US,United States,400587,RYAMER,lt-50,2,lt-50,lt-50,95.0,VPN-Infrastructure-Atlas
AzireVPN,VU,Vanuatu,43357,OWL Owl Limited,lt-50,2,lt-50,lt-50,95.0,VPN-Infrastructure-Atlas
CCrypto VPN,LV,Latvia,43513,NANO-AS,lt-50,1,lt-50,lt-50,88.0,VPN-Infrastructure-Atlas
CactusVPN,DE,Germany,24940,HETZNER-AS,lt-50,2,lt-50,lt-50,95.0,VPN-Infrastructure-Atlas
CactusVPN,LU,Luxembourg,199524,GCORE,lt-50,1,lt-50,lt-50,95.0,VPN-Infrastructure-Atlas
CactusVPN,LV,Latvia,39845,LV-2CLOUD-ASN16,lt-50,2,lt-50,lt-50,95.0,VPN-Infrastructure-Atlas
CactusVPN,NL,Netherlands,60781,LEASEWEB-NL-AMS-01 Netherlands,lt-50,1,lt-50,lt-50,95.0,VPN-Infrastructure-Atlas
CactusVPN,PL,Poland,16276,OVH,lt-50,2,lt-50,lt-50,95.0,VPN-Infrastructure-Atlas
CactusVPN,RO,Romania,25198,ZETSERVERS ZetServers.com - Unmetered Cloud and Dedicated Servers Provider,lt-50,2,lt-50,lt-50,95.0,VPN-Infrastructure-Atlas
CactusVPN,RU,Russia,56694,SMARTAPE,lt-50,2,lt-50,lt-50,95.0,VPN-Infrastructure-Atlas
CactusVPN,SE,Sweden,42708,GLESYS glesys.com,lt-50,2,lt-50,lt-50,95.0,VPN-Infrastructure-Atlas
CactusVPN,US,United States,32097,WII,lt-50,1,lt-50,lt-50,95.0,VPN-Infrastructure-Atlas
CyberGhost,GB,United Kingdom,0,,lt-50,2,lt-50,lt-50,95.0,VPN-Infrastructure-Atlas
CyberGhost,IN,India,0,,lt-50,1,lt-50,lt-50,95.0,VPN-Infrastructure-Atlas
CyberGhost,US,United States,6461,ZAYO-6461,lt-50,1,lt-50,lt-50,70.0,VPN-Infrastructure-Atlas
ExpressVPN,GB,United Kingdom,58065,PACKETEXCHANGE,lt-50,1,lt-50,lt-50,70.0,VPN-Infrastructure-Atlas
ExpressVPN,GB,United Kingdom,60068,CDN77 _,lt-50,1,lt-50,lt-50,70.0,VPN-Infrastructure-Atlas
ExpressVPN,GE,Georgia,47810,PROSERVICE,lt-50,1,lt-50,lt-50,70.0,VPN-Infrastructure-Atlas
ExpressVPN,MD,Moldova,43289,TRABIA,lt-50,1,lt-50,lt-50,70.0,VPN-Infrastructure-Atlas
ExpressVPN,US,United States,21859,ZEN-ECN,lt-50,1,lt-50,lt-50,70.0,VPN-Infrastructure-Atlas
FastestVPN,DE,Germany,24961,MYLOC-AS IP Backbone of WIIT AG formerly myLoc managed IT AG,lt-50,2,lt-50,lt-50,95.0,VPN-Infrastructure-Atlas
FastestVPN,US,United States,136258,"ONEPROVIDER-AS BrainStorm Network, Inc",lt-50,2,lt-50,lt-50,95.0,VPN-Infrastructure-Atlas
FastestVPN,US,United States,40676,AS40676 - Psychz Networks,lt-50,1,lt-50,lt-50,95.0,VPN-Infrastructure-Atlas
FastestVPN,US,United States,63018,DEDICATED,lt-50,2,lt-50,lt-50,95.0,VPN-Infrastructure-Atlas
FlowVPN,AT,Austria,57169,EDIS-AS-EU,lt-50,2,lt-50,lt-50,70.0,VPN-Infrastructure-Atlas
FlowVPN,CA,Canada,53356,FREE RANGE CLOUD,lt-50,1,lt-50,lt-50,70.0,VPN-Infrastructure-Atlas
FlowVPN,CH,Switzerland,59741,SINAVPS SinaVPS,lt-50,2,lt-50,lt-50,70.0,VPN-Infrastructure-Atlas
FlowVPN,GB,United Kingdom,215540,GCS-AS,lt-50,2,lt-50,lt-50,70.0,VPN-Infrastructure-Atlas
FlowVPN,GE,Georgia,201575,WORLDBUS,lt-50,1,lt-50,lt-50,70.0,VPN-Infrastructure-Atlas
FlowVPN,IT,Italy,200185,XANDMAIL-ASN,lt-50,2,lt-50,lt-50,70.0,VPN-Infrastructure-Atlas
FlowVPN,JP,Japan,2519,VECTANT ARTERIA Networks Corporation,lt-50,1,lt-50,lt-50,70.0,VPN-Infrastructure-Atlas
FlowVPN,KR,South Korea,45382,EHOSTIDC-AS-KR Hostcenter,lt-50,2,lt-50,lt-50,70.0,VPN-Infrastructure-Atlas
FlowVPN,KR,South Korea,4766,KIXS-AS-KR Korea Telecom,lt-50,1,lt-50,lt-50,70.0,VPN-Infrastructure-Atlas
FlowVPN,LU,Luxembourg,199524,GCORE,lt-50,1,lt-50,lt-50,70.0,VPN-Infrastructure-Atlas
FlowVPN,SG,Singapore,197537,WISDOM-CLOUD,lt-50,1,lt-50,lt-50,70.0,VPN-Infrastructure-Atlas
FlowVPN,TR,Türkiye,48207,GLBBULUTTEKNOLOJISI-AS,lt-50,2,lt-50,lt-50,70.0,VPN-Infrastructure-Atlas
FlowVPN,TW,Taiwan,3462,HINET Data Communication Business Group,lt-50,2,lt-50,lt-50,70.0,VPN-Infrastructure-Atlas
FlowVPN,US,United States,20454,SSASN2,lt-50,2,lt-50,lt-50,70.0,VPN-Infrastructure-Atlas
FlowVPN,US,United States,210329,CLOUDWEBMANAGE-UK-1,lt-50,2,lt-50,lt-50,70.0,VPN-Infrastructure-Atlas
FlowVPN,US,United States,53667,PONYNET,lt-50,2,lt-50,lt-50,70.0,VPN-Infrastructure-Atlas
FlowVPN,ZA,South Africa,37153,xneelo,lt-50,2,lt-50,lt-50,70.0,VPN-Infrastructure-Atlas
FreeVPN,FR,France,16276,OVH,lt-50,2,lt-50,lt-50,88.0,VPN-Infrastructure-Atlas
FreeVPN,ID,Indonesia,23679,NUSANET-AS-ID PT. Media Antar Nusa,lt-50,2,lt-50,lt-50,88.0,VPN-Infrastructure-Atlas
FreeVPN,NL,Netherlands,60404,LITESERVER,lt-50,1,lt-50,lt-50,88.0,VPN-Infrastructure-Atlas
Froot,RO,Romania,9009,M247,lt-50,2,lt-50,lt-50,78.0,VPN-Infrastructure-Atlas
Getflix,RO,Romania,9009,M247,lt-50,2,lt-50,lt-50,78.0,VPN-Infrastructure-Atlas
Getflix,TR,Türkiye,48678,TR-PENTECH-AS,lt-50,1,lt-50,lt-50,78.0,VPN-Infrastructure-Atlas
Getflix,US,United States,14061,DIGITALOCEAN-ASN,lt-50,2,lt-50,lt-50,78.0,VPN-Infrastructure-Atlas
Getflix,US,United States,20473,AS-VULTR,lt-50,2,lt-50,lt-50,78.0,VPN-Infrastructure-Atlas
GhostPath,AU,Australia,133480,INT-5GN-AS-AP 5G NETWORK OPERATIONS PTY LTD,lt-50,2,lt-50,lt-50,88.0,VPN-Infrastructure-Atlas
GhostPath,AU,Australia,63949,AKAMAI-LINODE-AP Akamai Connected Cloud,lt-50,2,lt-50,lt-50,88.0,VPN-Infrastructure-Atlas
GhostPath,BE,Belgium,57169,EDIS-AS-EU,lt-50,1,lt-50,lt-50,88.0,VPN-Infrastructure-Atlas
GhostPath,CA,Canada,36666,GTCOMM,lt-50,2,lt-50,lt-50,88.0,VPN-Infrastructure-Atlas
GhostPath,CA,Canada,63949,AKAMAI-LINODE-AP Akamai Connected Cloud,lt-50,2,lt-50,lt-50,88.0,VPN-Infrastructure-Atlas
GhostPath,CZ,Czechia,42422,SECURITYNET-AS,lt-50,1,lt-50,lt-50,88.0,VPN-Infrastructure-Atlas
GhostPath,DE,Germany,63949,AKAMAI-LINODE-AP Akamai Connected Cloud,lt-50,2,lt-50,lt-50,88.0,VPN-Infrastructure-Atlas
GhostPath,GB,United Kingdom,13213,UK2NET-AS,lt-50,2,lt-50,lt-50,88.0,VPN-Infrastructure-Atlas
GhostPath,GB,United Kingdom,21472,SERVERHOUSE,lt-50,1,lt-50,lt-50,88.0,VPN-Infrastructure-Atlas
GhostPath,IT,Italy,9009,M247,lt-50,1,lt-50,lt-50,88.0,VPN-Infrastructure-Atlas
GhostPath,NL,Netherlands,57169,EDIS-AS-EU,lt-50,1,lt-50,lt-50,88.0,VPN-Infrastructure-Atlas
GhostPath,RU,Russia,57169,EDIS-AS-EU,lt-50,2,lt-50,lt-50,88.0,VPN-Infrastructure-Atlas
GhostPath,SG,Singapore,63949,AKAMAI-LINODE-AP Akamai Connected Cloud,lt-50,2,lt-50,lt-50,88.0,VPN-Infrastructure-Atlas
GhostPath,US,United States,23470,RELIABLESITE,lt-50,2,lt-50,lt-50,88.0,VPN-Infrastructure-Atlas
GhostPath,US,United States,397373,H4Y-TECHNOLOGIES,lt-50,2,lt-50,lt-50,88.0,VPN-Infrastructure-Atlas
GhostPath,US,United States,46261,QUICKPACKET,lt-50,2,lt-50,lt-50,88.0,VPN-Infrastructure-Atlas
HideIPVPN,DE,Germany,24940,HETZNER-AS,lt-50,2,lt-50,lt-50,70.0,VPN-Infrastructure-Atlas
HideIPVPN,GB,United Kingdom,51159,THINKSYSTEMSUK-ASN,lt-50,2,lt-50,lt-50,70.0,VPN-Infrastructure-Atlas
HideIPVPN,PL,Poland,59491,LIVENET-,lt-50,2,lt-50,lt-50,70.0,VPN-Infrastructure-Atlas
HideIPVPN,SC,Seychelles,202425,INT-NETWORK,lt-50,2,lt-50,lt-50,70.0,VPN-Infrastructure-Atlas
HideIPVPN,US,United States,63023,AS-GLOBALTELEHOST,lt-50,2,lt-50,lt-50,70.0,VPN-Infrastructure-Atlas
Hotspotshield,GB,United Kingdom,60068,CDN77 _,lt-50,2,lt-50,lt-50,78.0,VPN-Infrastructure-Atlas
Hotspotshield,US,United States,0,,lt-50,2,lt-50,lt-50,78.0,VPN-Infrastructure-Atlas
IVPN,AU,Australia,132825,MYTEK-AS-AP MYTEK TRADING PTY LTD,lt-50,1,lt-50,lt-50,95.0,VPN-Infrastructure-Atlas
IVPN,CA,Canada,394256,CLOUDSINGULARITY,lt-50,1,lt-50,lt-50,95.0,VPN-Infrastructure-Atlas
IVPN,DE,Germany,28753,LEASEWEB-DE-FRA-10,lt-50,2,lt-50,lt-50,95.0,VPN-Infrastructure-Atlas
IVPN,FI,Finland,51765,CREANOVA-AS Oy Creanova Hosting Solutions Ltd.,lt-50,2,lt-50,lt-50,95.0,VPN-Infrastructure-Atlas
IVPN,HK,Hong Kong,133752,LEASEWEB-APAC-HKG-10 LEASEWEB HONG KONG LIMITED,lt-50,2,lt-50,lt-50,95.0,VPN-Infrastructure-Atlas
IVPN,IL,Israel,35758,HQSERV_NETWORKS,lt-50,2,lt-50,lt-50,95.0,VPN-Infrastructure-Atlas
IVPN,NO,Norway,34989,SERVETHEWORLD-AS,lt-50,2,lt-50,lt-50,95.0,VPN-Infrastructure-Atlas
IVPN,PT,Portugal,24768,ALMOUROLTEC,lt-50,1,lt-50,lt-50,95.0,VPN-Infrastructure-Atlas
IVPN,SE,Sweden,42708,GLESYS glesys.com,lt-50,1,lt-50,lt-50,95.0,VPN-Infrastructure-Atlas
IVPN,US,United States,20473,AS-VULTR,lt-50,2,lt-50,lt-50,95.0,VPN-Infrastructure-Atlas
IVPN,US,United States,36352,AS-COLOCROSSING,lt-50,2,lt-50,lt-50,95.0,VPN-Infrastructure-Atlas
IVPN,US,United States,60068,CDN77 _,lt-50,2,lt-50,lt-50,95.0,VPN-Infrastructure-Atlas
IVPN,US,United States,9009,M247,lt-50,2,lt-50,lt-50,95.0,VPN-Infrastructure-Atlas
IVPN,ZZ,ZZ,0,,lt-50,1,lt-50,lt-50,95.0,VPN-Infrastructure-Atlas
Ivacy,GB,United Kingdom,212238,CDNEXT,lt-50,2,lt-50,lt-50,95.0,VPN-Infrastructure-Atlas
Ivacy,HK,Hong Kong,206264,AMARUTU-TECHNOLOGY,lt-50,1,lt-50,lt-50,95.0,VPN-Infrastructure-Atlas
Ivacy,LU,Luxembourg,199524,GCORE,lt-50,2,lt-50,lt-50,95.0,VPN-Infrastructure-Atlas
Ivacy,RO,Romania,9009,M247,lt-50,2,lt-50,lt-50,95.0,VPN-Infrastructure-Atlas
Ivacy,UK,United Kingdom,9009,M247,lt-50,2,lt-50,lt-50,95.0,VPN-Infrastructure-Atlas
Ivacy,US,United States,36352,AS-COLOCROSSING,lt-50,2,lt-50,lt-50,95.0,VPN-Infrastructure-Atlas
KevinVPN,AT,Austria,216416,EVOLUS-IX,lt-50,2,lt-50,lt-50,70.0,VPN-Infrastructure-Atlas
KevinVPN,FR,France,208226,OUIHEBERG,lt-50,2,lt-50,lt-50,70.0,VPN-Infrastructure-Atlas
KevinVPN,NL,Netherlands,212477,ROYALE-AS,lt-50,1,lt-50,lt-50,70.0,VPN-Infrastructure-Atlas
KevinVPN,US,United States,13335,CLOUDFLARENET,lt-50,2,lt-50,lt-50,70.0,VPN-Infrastructure-Atlas
KevinVPN,US,United States,399275,SOLID,lt-50,2,lt-50,lt-50,70.0,VPN-Infrastructure-Atlas
KevinVPN,US,United States,62564,LINVEO-LLC,lt-50,1,lt-50,lt-50,70.0,VPN-Infrastructure-Atlas
MoriVPN,US,United States,14956,ROUTERHOSTING,lt-50,2,lt-50,lt-50,80.0,VPN-Infrastructure-Atlas
Mullvad,AL,Albania,197706,"KEMINET A datacenter located in TiranaAlbania. Webhosting, Dedicated Servers, VPS, IPv4IPv6 leasing",lt-50,1,lt-50,lt-50,95.0,VPN-Infrastructure-Atlas
Mullvad,GB,United Kingdom,3170,VELOXSERV,lt-50,1,lt-50,lt-50,95.0,VPN-Infrastructure-Atlas
Mullvad,IN,India,207990,HR-CUSTOMER,lt-50,1,lt-50,lt-50,95.0,VPN-Infrastructure-Atlas
Mullvad,IN,India,39486,HOSTROYALE,lt-50,1,lt-50,lt-50,95.0,VPN-Infrastructure-Atlas
Mullvad,PA,Panama,51852,PLI-AS,lt-50,2,lt-50,lt-50,95.0,VPN-Infrastructure-Atlas
Mullvad,US,United States,17243,BYTENODE-AS,lt-50,1,lt-50,lt-50,95.0,VPN-Infrastructure-Atlas
Mullvad,US,United States,30671,DATABRIDGE,lt-50,1,lt-50,lt-50,95.0,VPN-Infrastructure-Atlas
Mullvad,US,United States,399935,HAYASHIMO,lt-50,1,lt-50,lt-50,95.0,VPN-Infrastructure-Atlas
Mullvad,US,United States,400882,AS-CYBER-DATA,lt-50,1,lt-50,lt-50,95.0,VPN-Infrastructure-Atlas
Mullvad,US,United States,6233,XTOM,lt-50,1,lt-50,lt-50,95.0,VPN-Infrastructure-Atlas
NordVPN,MK,North Macedonia,205119,TELEKS-,lt-50,1,lt-50,lt-50,95.0,VPN-Infrastructure-Atlas
OVPN,DE,Germany,31103,KEYWEB-AS,lt-50,2,lt-50,lt-50,95.0,VPN-Infrastructure-Atlas
Octanevpn,US,United States,14618,AMAZON-AES,lt-50,2,lt-50,lt-50,78.0,VPN-Infrastructure-Atlas
OysterVPN,CA,Canada,136258,"ONEPROVIDER-AS BrainStorm Network, Inc",lt-50,2,lt-50,lt-50,95.0,VPN-Infrastructure-Atlas
OysterVPN,EU,European Union,136258,"ONEPROVIDER-AS BrainStorm Network, Inc",lt-50,2,lt-50,lt-50,95.0,VPN-Infrastructure-Atlas
Private Internet Access,AU,Australia,45671,AS45671-NET-AU Wholesale Services Provider,lt-50,1,lt-50,lt-50,95.0,VPN-Infrastructure-Atlas
Private Internet Access,CA,Canada,3257,GTT-BACKBONE GTT,lt-50,2,lt-50,lt-50,95.0,VPN-Infrastructure-Atlas
Private Internet Access,ES,Spain,58065,PACKETEXCHANGE,lt-50,1,lt-50,lt-50,95.0,VPN-Infrastructure-Atlas
Private Internet Access,MD,Moldova,43289,TRABIA,lt-50,2,lt-50,lt-50,95.0,VPN-Infrastructure-Atlas
Private Internet Access,MK,North Macedonia,205119,TELEKS-,lt-50,2,lt-50,lt-50,95.0,VPN-Infrastructure-Atlas
Private Internet Access,US,United States,21859,ZEN-ECN,lt-50,1,lt-50,lt-50,95.0,VPN-Infrastructure-Atlas
PrivateVPN,CA,Canada,9009,M247,lt-50,2,lt-50,lt-50,95.0,VPN-Infrastructure-Atlas
PrivateVPN,DK,Denmark,1299,"TWELVE99 Arelion, fka Telia Carrier",lt-50,1,lt-50,lt-50,95.0,VPN-Infrastructure-Atlas
PrivateVPN,ES,Spain,42201,PVDATANET,lt-50,1,lt-50,lt-50,95.0,VPN-Infrastructure-Atlas
PrivateVPN,IN,India,42201,PVDATANET,lt-50,1,lt-50,lt-50,88.0,VPN-Infrastructure-Atlas
PrivateVPN,JP,Japan,60068,CDN77 _,lt-50,2,lt-50,lt-50,95.0,VPN-Infrastructure-Atlas
PrivateVPN,NO,Norway,50304,BLIX,lt-50,2,lt-50,lt-50,95.0,VPN-Infrastructure-Atlas
PrivateVPN,SE,Sweden,1299,"TWELVE99 Arelion, fka Telia Carrier",lt-50,2,lt-50,lt-50,95.0,VPN-Infrastructure-Atlas
PrivateVPN,US,United States,36352,AS-COLOCROSSING,lt-50,2,lt-50,lt-50,95.0,VPN-Infrastructure-Atlas
PrivateVPN,ZA,South Africa,37153,xneelo,lt-50,2,lt-50,lt-50,95.0,VPN-Infrastructure-Atlas
ProtonVPN,AL,Albania,197706,"KEMINET A datacenter located in TiranaAlbania. Webhosting, Dedicated Servers, VPS, IPv4IPv6 leasing",lt-50,2,lt-50,lt-50,95.0,VPN-Infrastructure-Atlas
ProtonVPN,CH,Switzerland,208172,PV-HOSTED,lt-50,2,lt-50,lt-50,95.0,VPN-Infrastructure-Atlas
ProtonVPN,GB,United Kingdom,41564,AS41564,lt-50,2,lt-50,lt-50,95.0,VPN-Infrastructure-Atlas
ProtonVPN,IS,Iceland,56704,FARICE-AS,lt-50,1,lt-50,lt-50,95.0,VPN-Infrastructure-Atlas
ProtonVPN,JP,Japan,3258,XTOM-JAPAN xTom Japan Corporation,lt-50,1,lt-50,lt-50,95.0,VPN-Infrastructure-Atlas
ProtonVPN,NL,Netherlands,24875,NOVOSERVE-AS,lt-50,1,lt-50,lt-50,95.0,VPN-Infrastructure-Atlas
ProtonVPN,US,United States,46562,PERFORMIVE,lt-50,1,lt-50,lt-50,95.0,VPN-Infrastructure-Atlas
ProtonVPN,US,United States,63023,AS-GLOBALTELEHOST,lt-50,1,lt-50,lt-50,95.0,VPN-Infrastructure-Atlas
Proxpn,CA,Canada,32489,AMANAHA-NEW,lt-50,1,lt-50,lt-50,78.0,VPN-Infrastructure-Atlas
Proxpn,GB,United Kingdom,42831,"UKSERVERS-AS UK Dedicated Servers, Hosting and Co-Location",lt-50,1,lt-50,lt-50,78.0,VPN-Infrastructure-Atlas
Proxpn,SG,Singapore,59253,LEASEWEB-APAC-SIN-11 LEASEWEB SINGAPORE PTE. LTD.,lt-50,1,lt-50,lt-50,78.0,VPN-Infrastructure-Atlas
PureVPN,BR,Brazil,262287,Latitude.sh LTDA,lt-50,1,lt-50,lt-50,88.0,VPN-Infrastructure-Atlas
PureVPN,FI,Finland,209378,INIOS-AS,lt-50,1,lt-50,lt-50,88.0,VPN-Infrastructure-Atlas
PureVPN,US,United States,19148,LEASEWEB-USA-PHX,lt-50,1,lt-50,lt-50,88.0,VPN-Infrastructure-Atlas
RedShield VPN,BR,Brazil,267507,SRX TECNOLOGIA DA INFORMACAO LTDA,lt-50,2,lt-50,lt-50,95.0,VPN-Infrastructure-Atlas
RedShield VPN,IL,Israel,35758,HQSERV_NETWORKS,lt-50,2,lt-50,lt-50,95.0,VPN-Infrastructure-Atlas
RedShield VPN,US,United States,23470,RELIABLESITE,lt-50,2,lt-50,lt-50,95.0,VPN-Infrastructure-Atlas
RedShield VPN,US,United States,395092,SHOCK-1,lt-50,2,lt-50,lt-50,95.0,VPN-Infrastructure-Atlas
Riseup VPN,CA,Canada,7765,KOUMBIT,lt-50,1,lt-50,lt-50,95.0,VPN-Infrastructure-Atlas
Riseup VPN,GB,United Kingdom,60068,CDN77 _,lt-50,1,lt-50,lt-50,95.0,VPN-Infrastructure-Atlas
Sentinel dVPN,AU,Australia,199959,CROWNCLOUD,lt-50,2,lt-50,lt-50,95.0,VPN-Infrastructure-Atlas
Sentinel dVPN,AU,Australia,8888,XTOM xTom Pty Ltd,lt-50,2,lt-50,lt-50,95.0,VPN-Infrastructure-Atlas
Sentinel dVPN,CA,Canada,33185,HIVE-DATA-CENTER,lt-50,1,lt-50,lt-50,95.0,VPN-Infrastructure-Atlas
Sentinel dVPN,CH,Switzerland,213929,AS213929CH AS213929.ch,lt-50,2,lt-50,lt-50,95.0,VPN-Infrastructure-Atlas
Sentinel dVPN,DE,Germany,206075,HOLLANDER-JACOBSEN,lt-50,2,lt-50,lt-50,95.0,VPN-Infrastructure-Atlas
Sentinel dVPN,GB,United Kingdom,201323,HOST-MEDIA-LTD,lt-50,1,lt-50,lt-50,95.0,VPN-Infrastructure-Atlas
Sentinel dVPN,GB,United Kingdom,213495,SERVITRO-LTD,lt-50,2,lt-50,lt-50,95.0,VPN-Infrastructure-Atlas
Sentinel dVPN,GB,United Kingdom,215730,H2NEXUS-AS,lt-50,2,lt-50,lt-50,95.0,VPN-Infrastructure-Atlas
Sentinel dVPN,GE,Georgia,213520,SENKO-AS Senko Digital Ltd,lt-50,2,lt-50,lt-50,95.0,VPN-Infrastructure-Atlas
Sentinel dVPN,HK,Hong Kong,149042,SITCL-AS-AP Silicon Cloud Global US,lt-50,1,lt-50,lt-50,95.0,VPN-Infrastructure-Atlas
Sentinel dVPN,IT,Italy,197075,ACTIVENETWORK-AS Active Network S.p.A.,lt-50,1,lt-50,lt-50,95.0,VPN-Infrastructure-Atlas
Sentinel dVPN,IT,Italy,212271,C1V Internet Service Provider in Italy,lt-50,1,lt-50,lt-50,95.0,VPN-Infrastructure-Atlas
Sentinel dVPN,JP,Japan,3258,XTOM-JAPAN xTom Japan Corporation,lt-50,2,lt-50,lt-50,95.0,VPN-Infrastructure-Atlas
Sentinel dVPN,KG,Kyrgyzstan,50053,ANTON-LEVIN-AS,lt-50,2,lt-50,lt-50,95.0,VPN-Infrastructure-Atlas
Sentinel dVPN,KR,South Korea,4766,KIXS-AS-KR Korea Telecom,lt-50,2,lt-50,lt-50,95.0,VPN-Infrastructure-Atlas
Sentinel dVPN,LT,Lithuania,8849,MELBICOM-EU-AS Melbikomas UAB,lt-50,1,lt-50,lt-50,95.0,VPN-Infrastructure-Atlas
Sentinel dVPN,MD,Moldova,200019,ALEXHOST,lt-50,2,lt-50,lt-50,95.0,VPN-Infrastructure-Atlas
Sentinel dVPN,RO,Romania,211462,GHT-NET,lt-50,2,lt-50,lt-50,95.0,VPN-Infrastructure-Atlas
Sentinel dVPN,SA,Saudi Arabia,213535,YOTTASRC,lt-50,2,lt-50,lt-50,95.0,VPN-Infrastructure-Atlas
Sentinel dVPN,SG,Singapore,150423,SERVER-AS-AP Server Galactic Private Limited,lt-50,2,lt-50,lt-50,95.0,VPN-Infrastructure-Atlas
Sentinel dVPN,SG,Singapore,59253,LEASEWEB-APAC-SIN-11 LEASEWEB SINGAPORE PTE. LTD.,lt-50,2,lt-50,lt-50,95.0,VPN-Infrastructure-Atlas
Sentinel dVPN,UA,Ukraine,209630,KREDIT-AS,lt-50,1,lt-50,lt-50,95.0,VPN-Infrastructure-Atlas
Sentinel dVPN,UA,Ukraine,2864,ALJASKA-AS,lt-50,1,lt-50,lt-50,95.0,VPN-Infrastructure-Atlas
Sentinel dVPN,US,United States,11117,NUYEK,lt-50,2,lt-50,lt-50,95.0,VPN-Infrastructure-Atlas
Sentinel dVPN,US,United States,13649,ASN-FLEXENTIAL,lt-50,2,lt-50,lt-50,95.0,VPN-Infrastructure-Atlas
Sentinel dVPN,US,United States,13737,AS-INCX,lt-50,1,lt-50,lt-50,95.0,VPN-Infrastructure-Atlas
Sentinel dVPN,US,United States,19970,CARRIERDOMAIN-NYC,lt-50,1,lt-50,lt-50,95.0,VPN-Infrastructure-Atlas
Sentinel dVPN,US,United States,32097,WII,lt-50,2,lt-50,lt-50,95.0,VPN-Infrastructure-Atlas
Sentinel dVPN,US,United States,33387,NOCIX,lt-50,2,lt-50,lt-50,95.0,VPN-Infrastructure-Atlas
Sentinel dVPN,US,United States,396356,LATITUDE-SH,lt-50,2,lt-50,lt-50,95.0,VPN-Infrastructure-Atlas
Sentinel dVPN,US,United States,398493,SYSTEMINPLACE,lt-50,2,lt-50,lt-50,95.0,VPN-Infrastructure-Atlas
Sentinel dVPN,US,United States,54600,PEG-SV,lt-50,1,lt-50,lt-50,95.0,VPN-Infrastructure-Atlas
Sentinel dVPN,US,United States,62553,ELCRO-DIGITAL-SERVICES-LLC,lt-50,1,lt-50,lt-50,95.0,VPN-Infrastructure-Atlas
Sentinel dVPN,US,United States,64249,ENDOFFICE,lt-50,1,lt-50,lt-50,95.0,VPN-Infrastructure-Atlas
Sentinel dVPN,US,United States,7922,COMCAST-7922,lt-50,2,lt-50,lt-50,95.0,VPN-Infrastructure-Atlas
Sentinel dVPN,UNKNOWN,UNKNOWN,396426,-Reserved AS-,lt-50,1,lt-50,lt-50,95.0,VPN-Infrastructure-Atlas
Sentinel dVPN,VN,Vietnam,151858,INTERDIGI-VN INTERDIGI JOINT STOCK COMPANY,lt-50,1,lt-50,lt-50,95.0,VPN-Infrastructure-Atlas
SlickVPN,GB,United Kingdom,13213,UK2NET-AS,lt-50,2,lt-50,lt-50,88.0,VPN-Infrastructure-Atlas
Smartdnsproxy,AU,Australia,45671,AS45671-NET-AU Wholesale Services Provider,lt-50,2,lt-50,lt-50,78.0,VPN-Infrastructure-Atlas
Smartdnsproxy,GB,United Kingdom,60068,CDN77 _,lt-50,2,lt-50,lt-50,78.0,VPN-Infrastructure-Atlas
Smartdnsproxy,LU,Luxembourg,202422,GHOST,lt-50,2,lt-50,lt-50,78.0,VPN-Infrastructure-Atlas
Smartdnsproxy,NL,Netherlands,43350,NFORCE,lt-50,1,lt-50,lt-50,78.0,VPN-Infrastructure-Atlas
Smartdnsproxy,US,United States,14061,DIGITALOCEAN-ASN,lt-50,2,lt-50,lt-50,78.0,VPN-Infrastructure-Atlas
Smartdnsproxy,US,United States,18978,ENZUINC-,lt-50,2,lt-50,lt-50,78.0,VPN-Infrastructure-Atlas
Smartdnsproxy,US,United States,399471,AS-SERVERION,lt-50,2,lt-50,lt-50,78.0,VPN-Infrastructure-Atlas
Smartdnsproxy,US,United States,61317,ASDETUK www.heficed.com,lt-50,2,lt-50,lt-50,78.0,VPN-Infrastructure-Atlas
SotaVPN,GB,United Kingdom,215730,H2NEXUS-AS,lt-50,2,lt-50,lt-50,95.0,VPN-Infrastructure-Atlas
StrongVPN,AU,Australia,137409,GSLNETWORKS-AS-AP GSL Networks Pty LTD,lt-50,2,lt-50,lt-50,80.0,VPN-Infrastructure-Atlas
StrongVPN,CA,Canada,0,,lt-50,1,lt-50,lt-50,80.0,VPN-Infrastructure-Atlas
StrongVPN,CR,Costa Rica,52423,Data Miners S.A.  Racknation.cr,lt-50,1,lt-50,lt-50,80.0,VPN-Infrastructure-Atlas
StrongVPN,GB,United Kingdom,3223,VOXILITY,lt-50,1,lt-50,lt-50,87.5,VPN-Infrastructure-Atlas
Surfshark,AD,Andorra,209854,CYBERZONEHUB,lt-50,1,lt-50,lt-50,95.0,VPN-Infrastructure-Atlas
Surfshark,AE,United Arab Emirates,9009,M247,lt-50,1,lt-50,lt-50,95.0,VPN-Infrastructure-Atlas
Surfshark,AL,Albania,209854,CYBERZONEHUB,lt-50,1,lt-50,lt-50,95.0,VPN-Infrastructure-Atlas
Surfshark,AM,Armenia,209854,CYBERZONEHUB,lt-50,1,lt-50,lt-50,95.0,VPN-Infrastructure-Atlas
Surfshark,AR,Argentina,209854,CYBERZONEHUB,lt-50,1,lt-50,lt-50,95.0,VPN-Infrastructure-Atlas
Surfshark,AU,Australia,209854,CYBERZONEHUB,lt-50,2,lt-50,lt-50,95.0,VPN-Infrastructure-Atlas
Surfshark,AZ,Azerbaijan,209854,CYBERZONEHUB,lt-50,1,lt-50,lt-50,95.0,VPN-Infrastructure-Atlas
Surfshark,BA,Bosnia and Herzegovina,209854,CYBERZONEHUB,lt-50,1,lt-50,lt-50,95.0,VPN-Infrastructure-Atlas
Surfshark,BD,Bangladesh,209854,CYBERZONEHUB,lt-50,1,lt-50,lt-50,95.0,VPN-Infrastructure-Atlas
Surfshark,BE,Belgium,49453,GLOBALLAYER,lt-50,1,lt-50,lt-50,95.0,VPN-Infrastructure-Atlas
Surfshark,BE,Belgium,9009,M247,lt-50,2,lt-50,lt-50,95.0,VPN-Infrastructure-Atlas
Surfshark,BN,Brunei,209854,CYBERZONEHUB,lt-50,1,lt-50,lt-50,95.0,VPN-Infrastructure-Atlas
Surfshark,BO,Bolivia,209854,CYBERZONEHUB,lt-50,1,lt-50,lt-50,95.0,VPN-Infrastructure-Atlas
Surfshark,BS,Bahamas,209854,CYBERZONEHUB,lt-50,1,lt-50,lt-50,95.0,VPN-Infrastructure-Atlas
Surfshark,BT,Bhutan,209854,CYBERZONEHUB,lt-50,1,lt-50,lt-50,95.0,VPN-Infrastructure-Atlas
Surfshark,BZ,Belize,209854,CYBERZONEHUB,lt-50,1,lt-50,lt-50,95.0,VPN-Infrastructure-Atlas
Surfshark,CL,Chile,212238,CDNEXT,lt-50,1,lt-50,lt-50,95.0,VPN-Infrastructure-Atlas
Surfshark,CO,Colombia,212238,CDNEXT,lt-50,1,lt-50,lt-50,95.0,VPN-Infrastructure-Atlas
Surfshark,CR,Costa Rica,209854,CYBERZONEHUB,lt-50,1,lt-50,lt-50,95.0,VPN-Infrastructure-Atlas
Surfshark,CY,Cyprus,203020,HOSTROYALE,lt-50,1,lt-50,lt-50,95.0,VPN-Infrastructure-Atlas
Surfshark,DE,Germany,209854,CYBERZONEHUB,lt-50,1,lt-50,lt-50,95.0,VPN-Infrastructure-Atlas
Surfshark,DK,Denmark,9009,M247,lt-50,2,lt-50,lt-50,95.0,VPN-Infrastructure-Atlas
Surfshark,DZ,Algeria,209854,CYBERZONEHUB,lt-50,1,lt-50,lt-50,95.0,VPN-Infrastructure-Atlas
Surfshark,EC,Ecuador,209854,CYBERZONEHUB,lt-50,1,lt-50,lt-50,95.0,VPN-Infrastructure-Atlas
Surfshark,EE,Estonia,203020,HOSTROYALE,lt-50,1,lt-50,lt-50,95.0,VPN-Infrastructure-Atlas
Surfshark,EG,Egypt,209854,CYBERZONEHUB,lt-50,1,lt-50,lt-50,95.0,VPN-Infrastructure-Atlas
Surfshark,FI,Finland,209854,CYBERZONEHUB,lt-50,1,lt-50,lt-50,95.0,VPN-Infrastructure-Atlas
Surfshark,FR,France,25369,BANDWIDTH-AS,lt-50,1,lt-50,lt-50,95.0,VPN-Infrastructure-Atlas
Surfshark,FR,France,39486,HOSTROYALE,lt-50,1,lt-50,lt-50,95.0,VPN-Infrastructure-Atlas
Surfshark,GE,Georgia,209854,CYBERZONEHUB,lt-50,1,lt-50,lt-50,95.0,VPN-Infrastructure-Atlas
Surfshark,GH,Ghana,209854,CYBERZONEHUB,lt-50,1,lt-50,lt-50,95.0,VPN-Infrastructure-Atlas
Surfshark,GL,Greenland,209854,CYBERZONEHUB,lt-50,1,lt-50,lt-50,95.0,VPN-Infrastructure-Atlas
Surfshark,GR,Greece,212238,CDNEXT,lt-50,2,lt-50,lt-50,95.0,VPN-Infrastructure-Atlas
Surfshark,HR,Croatia,212238,CDNEXT,lt-50,1,lt-50,lt-50,95.0,VPN-Infrastructure-Atlas
Surfshark,HU,Hungary,212238,CDNEXT,lt-50,1,lt-50,lt-50,95.0,VPN-Infrastructure-Atlas
Surfshark,ID,Indonesia,209854,CYBERZONEHUB,lt-50,1,lt-50,lt-50,95.0,VPN-Infrastructure-Atlas
Surfshark,IL,Israel,212238,CDNEXT,lt-50,1,lt-50,lt-50,95.0,VPN-Infrastructure-Atlas
Surfshark,IM,Isle of Man,209854,CYBERZONEHUB,lt-50,1,lt-50,lt-50,95.0,VPN-Infrastructure-Atlas
Surfshark,IS,Iceland,209854,CYBERZONEHUB,lt-50,1,lt-50,lt-50,95.0,VPN-Infrastructure-Atlas
Surfshark,IT,Italy,60068,CDN77 _,lt-50,1,lt-50,lt-50,95.0,VPN-Infrastructure-Atlas
Surfshark,IT,Italy,9009,M247,lt-50,1,lt-50,lt-50,95.0,VPN-Infrastructure-Atlas
Surfshark,KH,Cambodia,209854,CYBERZONEHUB,lt-50,1,lt-50,lt-50,95.0,VPN-Infrastructure-Atlas
Surfshark,KZ,Kazakhstan,209854,CYBERZONEHUB,lt-50,1,lt-50,lt-50,95.0,VPN-Infrastructure-Atlas
Surfshark,LA,Laos,209854,CYBERZONEHUB,lt-50,1,lt-50,lt-50,95.0,VPN-Infrastructure-Atlas
Surfshark,LI,Liechtenstein,209854,CYBERZONEHUB,lt-50,1,lt-50,lt-50,95.0,VPN-Infrastructure-Atlas
Surfshark,LT,Lithuania,209854,CYBERZONEHUB,lt-50,1,lt-50,lt-50,95.0,VPN-Infrastructure-Atlas
Surfshark,LU,Luxembourg,203020,HOSTROYALE,lt-50,1,lt-50,lt-50,95.0,VPN-Infrastructure-Atlas
Surfshark,LV,Latvia,43513,NANO-AS,lt-50,1,lt-50,lt-50,95.0,VPN-Infrastructure-Atlas
Surfshark,MA,Morocco,209854,CYBERZONEHUB,lt-50,1,lt-50,lt-50,95.0,VPN-Infrastructure-Atlas
Surfshark,MC,Monaco,209854,CYBERZONEHUB,lt-50,1,lt-50,lt-50,95.0,VPN-Infrastructure-Atlas
Surfshark,MD,Moldova,209854,CYBERZONEHUB,lt-50,1,lt-50,lt-50,95.0,VPN-Infrastructure-Atlas
Surfshark,ME,Montenegro,209854,CYBERZONEHUB,lt-50,1,lt-50,lt-50,95.0,VPN-Infrastructure-Atlas
Surfshark,MK,North Macedonia,209854,CYBERZONEHUB,lt-50,1,lt-50,lt-50,95.0,VPN-Infrastructure-Atlas
Surfshark,MM,Myanmar,209854,CYBERZONEHUB,lt-50,1,lt-50,lt-50,95.0,VPN-Infrastructure-Atlas
Surfshark,MN,Mongolia,209854,CYBERZONEHUB,lt-50,1,lt-50,lt-50,95.0,VPN-Infrastructure-Atlas
Surfshark,MO,Macao,209854,CYBERZONEHUB,lt-50,1,lt-50,lt-50,95.0,VPN-Infrastructure-Atlas
Surfshark,MT,Malta,203020,HOSTROYALE,lt-50,1,lt-50,lt-50,95.0,VPN-Infrastructure-Atlas
Surfshark,NG,Nigeria,212238,CDNEXT,lt-50,1,lt-50,lt-50,95.0,VPN-Infrastructure-Atlas
Surfshark,NO,Norway,212238,CDNEXT,lt-50,1,lt-50,lt-50,95.0,VPN-Infrastructure-Atlas
Surfshark,NP,Nepal,209854,CYBERZONEHUB,lt-50,1,lt-50,lt-50,95.0,VPN-Infrastructure-Atlas
Surfshark,NZ,New Zealand,136557,HOST-AS-AP Host Universal Pty Ltd,lt-50,1,lt-50,lt-50,95.0,VPN-Infrastructure-Atlas
Surfshark,PA,Panama,209854,CYBERZONEHUB,lt-50,1,lt-50,lt-50,95.0,VPN-Infrastructure-Atlas
Surfshark,PE,Peru,212238,CDNEXT,lt-50,1,lt-50,lt-50,95.0,VPN-Infrastructure-Atlas
Surfshark,PH,Philippines,209854,CYBERZONEHUB,lt-50,1,lt-50,lt-50,95.0,VPN-Infrastructure-Atlas
Surfshark,PK,Pakistan,209854,CYBERZONEHUB,lt-50,1,lt-50,lt-50,95.0,VPN-Infrastructure-Atlas
Surfshark,PL,Poland,197155,ARTNET,lt-50,2,lt-50,lt-50,95.0,VPN-Infrastructure-Atlas
Surfshark,PL,Poland,60068,CDN77 _,lt-50,2,lt-50,lt-50,95.0,VPN-Infrastructure-Atlas
Surfshark,PR,Puerto Rico,209854,CYBERZONEHUB,lt-50,1,lt-50,lt-50,95.0,VPN-Infrastructure-Atlas
Surfshark,PT,Portugal,39486,HOSTROYALE,lt-50,1,lt-50,lt-50,95.0,VPN-Infrastructure-Atlas
Surfshark,PY,Paraguay,209854,CYBERZONEHUB,lt-50,1,lt-50,lt-50,95.0,VPN-Infrastructure-Atlas
Surfshark,RS,Serbia,9009,M247,lt-50,2,lt-50,lt-50,95.0,VPN-Infrastructure-Atlas
Surfshark,SA,Saudi Arabia,209854,CYBERZONEHUB,lt-50,1,lt-50,lt-50,95.0,VPN-Infrastructure-Atlas
Surfshark,SE,Sweden,60068,CDN77 _,lt-50,1,lt-50,lt-50,95.0,VPN-Infrastructure-Atlas
Surfshark,SI,Slovenia,207990,HR-CUSTOMER,lt-50,1,lt-50,lt-50,95.0,VPN-Infrastructure-Atlas
Surfshark,SK,Slovakia,60068,CDN77 _,lt-50,1,lt-50,lt-50,95.0,VPN-Infrastructure-Atlas
Surfshark,TH,Thailand,205676,DCE,lt-50,1,lt-50,lt-50,95.0,VPN-Infrastructure-Atlas
Surfshark,TR,Türkiye,212238,CDNEXT,lt-50,1,lt-50,lt-50,95.0,VPN-Infrastructure-Atlas
Surfshark,TW,Taiwan,209854,CYBERZONEHUB,lt-50,1,lt-50,lt-50,95.0,VPN-Infrastructure-Atlas
Surfshark,UA,Ukraine,212238,CDNEXT,lt-50,1,lt-50,lt-50,95.0,VPN-Infrastructure-Atlas
Surfshark,UK,United Kingdom,203020,HOSTROYALE,lt-50,1,lt-50,lt-50,95.0,VPN-Infrastructure-Atlas
Surfshark,UK,United Kingdom,9009,M247,lt-50,2,lt-50,lt-50,95.0,VPN-Infrastructure-Atlas
Surfshark,US,United States,203020,HOSTROYALE,lt-50,1,lt-50,lt-50,95.0,VPN-Infrastructure-Atlas
Surfshark,US,United States,9009,M247,lt-50,1,lt-50,lt-50,95.0,VPN-Infrastructure-Atlas
Surfshark,UY,Uruguay,209854,CYBERZONEHUB,lt-50,1,lt-50,lt-50,95.0,VPN-Infrastructure-Atlas
Surfshark,UZ,Uzbekistan,209854,CYBERZONEHUB,lt-50,1,lt-50,lt-50,95.0,VPN-Infrastructure-Atlas
Surfshark,VE,Venezuela,209854,CYBERZONEHUB,lt-50,1,lt-50,lt-50,95.0,VPN-Infrastructure-Atlas
Surfshark,VN,Vietnam,209854,CYBERZONEHUB,lt-50,1,lt-50,lt-50,95.0,VPN-Infrastructure-Atlas
Surfshark,ZA,South Africa,212238,CDNEXT,lt-50,2,lt-50,lt-50,95.0,VPN-Infrastructure-Atlas
SwitchVPN,CA,Canada,7040,NETMINDERS,lt-50,1,lt-50,lt-50,88.0,VPN-Infrastructure-Atlas
SwitchVPN,GB,United Kingdom,20860,IOMART-AS,lt-50,2,lt-50,lt-50,88.0,VPN-Infrastructure-Atlas
Trust.Zone,BG,Bulgaria,202015,HZ-US-AS,lt-50,2,lt-50,lt-50,70.0,VPN-Infrastructure-Atlas
Trust.Zone,BG,Bulgaria,59711,HZ-EU-AS,lt-50,2,lt-50,lt-50,70.0,VPN-Infrastructure-Atlas
Trust.Zone,BG,Bulgaria,61046,HZ-UK-AS,lt-50,2,lt-50,lt-50,70.0,VPN-Infrastructure-Atlas
Trust.Zone,CA,Canada,11831,ESECUREDATA,lt-50,2,lt-50,lt-50,70.0,VPN-Infrastructure-Atlas
Trust.Zone,CA,Canada,32489,AMANAHA-NEW,lt-50,2,lt-50,lt-50,70.0,VPN-Infrastructure-Atlas
Trust.Zone,GB,United Kingdom,16247,"M247-UK M247 UK Ltd, trading as M247",lt-50,2,lt-50,lt-50,70.0,VPN-Infrastructure-Atlas
Trust.Zone,GB,United Kingdom,200740,FIRST-SERVER-EU-AS FIRST-SERVER-US,lt-50,1,lt-50,lt-50,70.0,VPN-Infrastructure-Atlas
Trust.Zone,NL,Netherlands,49981,WORLDSTREAM,lt-50,2,lt-50,lt-50,70.0,VPN-Infrastructure-Atlas
TunnelBear,US,United States,20473,AS-VULTR,lt-50,2,lt-50,lt-50,95.0,VPN-Infrastructure-Atlas
VPN Gate,JP,Japan,2518,BIGLOBE BIGLOBE Inc.,lt-50,2,lt-50,lt-50,78.0,VPN-Infrastructure-Atlas
VPN Gate,TH,Thailand,133481,AIS-FIBRE-AS-AP AIS Fibre,lt-50,2,lt-50,lt-50,78.0,VPN-Infrastructure-Atlas
VPN Jantit,GB,United Kingdom,200740,FIRST-SERVER-EU-AS FIRST-SERVER-US,lt-50,2,lt-50,lt-50,88.0,VPN-Infrastructure-Atlas
VPN Jantit,GB,United Kingdom,205090,FIRST-SERVER-EUROPE,lt-50,2,lt-50,lt-50,88.0,VPN-Infrastructure-Atlas
VPN Jantit,GB,United Kingdom,207957,SERVHOST-AS,lt-50,2,lt-50,lt-50,88.0,VPN-Infrastructure-Atlas
VPN Jantit,HU,Hungary,62214,RACKFOREST-AS,lt-50,2,lt-50,lt-50,88.0,VPN-Infrastructure-Atlas
VPN Jantit,ID,Indonesia,135450,IDNIC-BSTI-AS-ID PT Berkah Solusi Teknologi Informasi,lt-50,1,lt-50,lt-50,88.0,VPN-Infrastructure-Atlas
VPN Jantit,ID,Indonesia,139989,IDNIC-ATHAMEDIANET-AS-ID CV Atha Media Prima,lt-50,1,lt-50,lt-50,88.0,VPN-Infrastructure-Atlas
VPN Jantit,KH,Cambodia,38623,VIETTELCAMBODIA-AS-AP ISPIXP IN CAMBODIA WITH THE BEST VERVICE IN THERE.,lt-50,1,lt-50,lt-50,88.0,VPN-Infrastructure-Atlas
VPN Jantit,KZ,Kazakhstan,9198,KAZTELECOM-AS,lt-50,1,lt-50,lt-50,88.0,VPN-Infrastructure-Atlas
VPN Jantit,LU,Luxembourg,199524,GCORE,lt-50,2,lt-50,lt-50,88.0,VPN-Infrastructure-Atlas
VPN Jantit,PH,Philippines,9658,"ETPI-IDS-AS-AP Eastern Telecoms Phils., Inc.",lt-50,2,lt-50,lt-50,88.0,VPN-Infrastructure-Atlas
VPN Jantit,RU,Russia,207713,GIR-AS,lt-50,2,lt-50,lt-50,88.0,VPN-Infrastructure-Atlas
VPN Jantit,US,United States,21859,ZEN-ECN,lt-50,2,lt-50,lt-50,88.0,VPN-Infrastructure-Atlas
VPN Jantit,US,United States,397032,SPARKED,lt-50,2,lt-50,lt-50,88.0,VPN-Infrastructure-Atlas
VPN Jantit,US,United States,400992,ZHOUYISAT-COMMUNICATIONS,lt-50,2,lt-50,lt-50,88.0,VPN-Infrastructure-Atlas
VPN Jantit,US,United States,44259,ULTAHOST-AP-AS,lt-50,1,lt-50,lt-50,88.0,VPN-Infrastructure-Atlas
VPN Jantit,US,United States,59729,ITL-BG,lt-50,2,lt-50,lt-50,88.0,VPN-Infrastructure-Atlas
VPN Jantit,VN,Vietnam,56150,VHOST-AS-VN Viet Solutions Services Trading Company Limited,lt-50,2,lt-50,lt-50,88.0,VPN-Infrastructure-Atlas
VPN Unlimited,BG,Bulgaria,59711,HZ-EU-AS,lt-50,2,lt-50,lt-50,70.0,VPN-Infrastructure-Atlas
VPN Unlimited,DE,Germany,30083,AS-30083-US-VELIA-NET,lt-50,1,lt-50,lt-50,70.0,VPN-Infrastructure-Atlas
VPN Unlimited,GR,Greece,8280,SYNAPSECOM-AS SYNAPSECOM TELECOMS S.A.,lt-50,2,lt-50,lt-50,70.0,VPN-Infrastructure-Atlas
VPN Unlimited,US,United States,395954,LEASEWEB-USA-LAX,lt-50,1,lt-50,lt-50,70.0,VPN-Infrastructure-Atlas
VPN Unlimited,US,United States,46475,LIMESTONENETWORKS,lt-50,2,lt-50,lt-50,70.0,VPN-Infrastructure-Atlas
VPN.ac,CA,Canada,11831,ESECUREDATA,lt-50,1,lt-50,lt-50,95.0,VPN-Infrastructure-Atlas
VPN.ac,CA,Canada,32489,AMANAHA-NEW,lt-50,2,lt-50,lt-50,95.0,VPN-Infrastructure-Atlas
VPN.ac,US,United States,7203,LEASEWEB-USA-SFO,lt-50,1,lt-50,lt-50,95.0,VPN-Infrastructure-Atlas
VPNSecure,FR,France,12876,Online SAS,lt-50,2,lt-50,lt-50,88.0,VPN-Infrastructure-Atlas
VPNSecure,GB,United Kingdom,212238,CDNEXT,lt-50,1,lt-50,lt-50,88.0,VPN-Infrastructure-Atlas
VPNSecure,RO,Romania,43376,DOT,lt-50,1,lt-50,lt-50,88.0,VPN-Infrastructure-Atlas
VPNSecure,UA,Ukraine,47987,DELTAHOST-KYIV,lt-50,2,lt-50,lt-50,88.0,VPN-Infrastructure-Atlas
VPNSecure,US,United States,36007,KAMATERA,lt-50,2,lt-50,lt-50,88.0,VPN-Infrastructure-Atlas
VPNUK,FR,France,12876,Online SAS,lt-50,2,lt-50,lt-50,82.5,VPN-Infrastructure-Atlas
VPNUK,IT,Italy,49367,ASSEFLOW,lt-50,2,lt-50,lt-50,95.0,VPN-Infrastructure-Atlas
VPNUK,US,United States,33387,NOCIX,lt-50,2,lt-50,lt-50,95.0,VPN-Infrastructure-Atlas
Vpnbook,FR,France,16276,OVH,lt-50,2,lt-50,lt-50,78.0,VPN-Infrastructure-Atlas
Vpnht,SG,Singapore,0,,lt-50,1,lt-50,lt-50,78.0,VPN-Infrastructure-Atlas
WorldVPN,AT,Austria,63473,HOSTHATCH,lt-50,1,lt-50,lt-50,88.0,VPN-Infrastructure-Atlas
WorldVPN,NL,Netherlands,209847,THE,lt-50,2,lt-50,lt-50,88.0,VPN-Infrastructure-Atlas
WorldVPN,NL,Netherlands,21100,ITLDC-EU,lt-50,2,lt-50,lt-50,88.0,VPN-Infrastructure-Atlas
WorldVPN,SE,Sweden,63473,HOSTHATCH,lt-50,2,lt-50,lt-50,88.0,VPN-Infrastructure-Atlas
WorldVPN,US,United States,8254,ROUTE95,lt-50,1,lt-50,lt-50,88.0,VPN-Infrastructure-Atlas
Zoogvpn,DE,Germany,24961,MYLOC-AS IP Backbone of WIIT AG formerly myLoc managed IT AG,lt-50,2,lt-50,lt-50,78.0,VPN-Infrastructure-Atlas
Zoogvpn,GB,United Kingdom,212238,CDNEXT,lt-50,2,lt-50,lt-50,78.0,VPN-Infrastructure-Atlas
Zoogvpn,NL,Netherlands,60781,LEASEWEB-NL-AMS-01 Netherlands,lt-50,2,lt-50,lt-50,78.0,VPN-Infrastructure-Atlas
Zoogvpn,UA,Ukraine,200000,UKRAINE-AS,lt-50,2,lt-50,lt-50,78.0,VPN-Infrastructure-Atlas
uVPN,DE,Germany,24940,HETZNER-AS,lt-50,2,lt-50,lt-50,70.0,VPN-Infrastructure-Atlas
Anonvpn,CA,Canada,32489,AMANAHA-NEW,lt-50,1,lt-50,lt-50,78.0,VPN-Infrastructure-Atlas
Anonvpn,GB,United Kingdom,42831,"UKSERVERS-AS UK Dedicated Servers, Hosting and Co-Location",lt-50,1,lt-50,lt-50,78.0,VPN-Infrastructure-Atlas
Anonvpn,US,United States,30058,FDCSERVERS,lt-50,1,lt-50,lt-50,78.0,VPN-Infrastructure-Atlas
AnonymousVPN,CZ,Czechia,24971,MASTER-AS Czech Republic  www.master.cz,lt-50,1,lt-50,lt-50,95.0,VPN-Infrastructure-Atlas
AnonymousVPN,DE,Germany,202401,WEBHOSTING24-AS Webhosting24 GmbH,lt-50,1,lt-50,lt-50,95.0,VPN-Infrastructure-Atlas
AnonymousVPN,FR,France,12876,Online SAS,lt-50,1,lt-50,lt-50,95.0,VPN-Infrastructure-Atlas
AnonymousVPN,IT,Italy,49367,ASSEFLOW,lt-50,1,lt-50,lt-50,95.0,VPN-Infrastructure-Atlas
AnonymousVPN,LT,Lithuania,15440,BALTNETA Customers AS,lt-50,1,lt-50,lt-50,95.0,VPN-Infrastructure-Atlas
AnonymousVPN,LV,Latvia,3281,SIA_2CLOUD,lt-50,1,lt-50,lt-50,95.0,VPN-Infrastructure-Atlas
AnonymousVPN,LV,Latvia,52173,MAKONIX,lt-50,1,lt-50,lt-50,95.0,VPN-Infrastructure-Atlas
AnonymousVPN,RO,Romania,6718,NAV NAV Communications,lt-50,1,lt-50,lt-50,95.0,VPN-Infrastructure-Atlas
AnonymousVPN,SE,Sweden,1299,"TWELVE99 Arelion, fka Telia Carrier",lt-50,1,lt-50,lt-50,95.0,VPN-Infrastructure-Atlas
AnonymousVPN,UA,Ukraine,48031,XSERVERCLOUD,lt-50,1,lt-50,lt-50,95.0,VPN-Infrastructure-Atlas
AnonymousVPN,US,United States,204957,GREENFLOID-AS,lt-50,1,lt-50,lt-50,95.0,VPN-Infrastructure-Atlas
AnonymousVPN,US,United States,61317,ASDETUK www.heficed.com,lt-50,1,lt-50,lt-50,95.0,VPN-Infrastructure-Atlas
AnonymousVPN,US,United States,63473,HOSTHATCH,lt-50,1,lt-50,lt-50,95.0,VPN-Infrastructure-Atlas
AnonymousVPN,ZA,South Africa,329184,Host-Africa-AS2,lt-50,1,lt-50,lt-50,95.0,VPN-Infrastructure-Atlas
Astrill,HK,Hong Kong,4760,HKTIMS-AP HKT Limited,lt-50,1,lt-50,lt-50,78.0,VPN-Infrastructure-Atlas
Astrill,ID,Indonesia,45731,"ARDH-AS-ID ARDH GLOBAL INDONESIA, PT",lt-50,1,lt-50,lt-50,80.0,VPN-Infrastructure-Atlas
Astrill,KZ,Kazakhstan,214789,NOVA-CLOUD-,lt-50,1,lt-50,lt-50,78.0,VPN-Infrastructure-Atlas
Astrill,SE,Sweden,42708,GLESYS glesys.com,lt-50,1,lt-50,lt-50,78.0,VPN-Infrastructure-Atlas
Astrill,SI,Slovenia,25467,AKTON-AS Akton Autonomous System,lt-50,1,lt-50,lt-50,78.0,VPN-Infrastructure-Atlas
Astrill,TR,Türkiye,48011,DIGITURUNC,lt-50,1,lt-50,lt-50,80.0,VPN-Infrastructure-Atlas
Astrill,US,United States,17356,VERMONT-TELE,lt-50,1,lt-50,lt-50,78.0,VPN-Infrastructure-Atlas
Astrill,US,United States,5650,FRONTIER-FRTR,lt-50,1,lt-50,lt-50,78.0,VPN-Infrastructure-Atlas
AzireVPN,AU,Australia,136557,HOST-AS-AP Host Universal Pty Ltd,lt-50,1,lt-50,lt-50,95.0,VPN-Infrastructure-Atlas
AzireVPN,CA,Canada,394256,CLOUDSINGULARITY,lt-50,1,lt-50,lt-50,95.0,VPN-Infrastructure-Atlas
AzireVPN,CA,Canada,40028,AS40028 - 1651884 Ontario Inc.,lt-50,1,lt-50,lt-50,95.0,VPN-Infrastructure-Atlas
AzireVPN,ID,Indonesia,137373,IDNIC-SUITEN-AS-ID PT. SUITEN INOVASI SUKSES,lt-50,1,lt-50,lt-50,95.0,VPN-Infrastructure-Atlas
AzireVPN,NO,Norway,61292,BLXGRP,lt-50,1,lt-50,lt-50,95.0,VPN-Infrastructure-Atlas
AzireVPN,TH,Thailand,58955,"BANGMODENTERPRISE-TH Bangmod Enterprise Co., Ltd.",lt-50,1,lt-50,lt-50,95.0,VPN-Infrastructure-Atlas
AzireVPN,UA,Ukraine,3236,SERVER server.ua,lt-50,1,lt-50,lt-50,95.0,VPN-Infrastructure-Atlas
AzireVPN,US,United States,18747,IFX18747,lt-50,1,lt-50,lt-50,95.0,VPN-Infrastructure-Atlas
AzireVPN,US,United States,63018,DEDICATED,lt-50,1,lt-50,lt-50,95.0,VPN-Infrastructure-Atlas
AzireVPN,VU,Vanuatu,23959,OWL-AS-AP Owl Limited,lt-50,1,lt-50,lt-50,95.0,VPN-Infrastructure-Atlas
AzireVPN,ZA,South Africa,328915,MANN-IT-AS,lt-50,1,lt-50,lt-50,95.0,VPN-Infrastructure-Atlas
BTGuard,CA,Canada,32489,AMANAHA-NEW,lt-50,1,lt-50,lt-50,70.0,VPN-Infrastructure-Atlas
BTGuard,LT,Lithuania,8849,MELBICOM-EU-AS Melbikomas UAB,lt-50,1,lt-50,lt-50,70.0,VPN-Infrastructure-Atlas
BTGuard,US,United States,20473,AS-VULTR,lt-50,1,lt-50,lt-50,70.0,VPN-Infrastructure-Atlas
CCrypto VPN,EE,Estonia,207083,HOSTSLIM-GLOBAL-NETWORK,lt-50,1,lt-50,lt-50,88.0,VPN-Infrastructure-Atlas
CCrypto VPN,US,United States,11878,TZULO,lt-50,1,lt-50,lt-50,88.0,VPN-Infrastructure-Atlas
CactusVPN,AU,Australia,16276,OVH,lt-50,1,lt-50,lt-50,95.0,VPN-Infrastructure-Atlas
CactusVPN,BR,Brazil,268581,QNAX LTDA,lt-50,1,lt-50,lt-50,95.0,VPN-Infrastructure-Atlas
CactusVPN,BR,Brazil,396356,LATITUDE-SH,lt-50,1,lt-50,lt-50,95.0,VPN-Infrastructure-Atlas
CactusVPN,CH,Switzerland,200019,ALEXHOST,lt-50,1,lt-50,lt-50,95.0,VPN-Infrastructure-Atlas
CactusVPN,CH,Switzerland,51852,PLI-AS,lt-50,1,lt-50,lt-50,95.0,VPN-Infrastructure-Atlas
CactusVPN,ES,Spain,62005,BV-EU-AS,lt-50,1,lt-50,lt-50,95.0,VPN-Infrastructure-Atlas
CactusVPN,ES,Spain,9009,M247,lt-50,1,lt-50,lt-50,95.0,VPN-Infrastructure-Atlas
CactusVPN,FR,France,12876,Online SAS,lt-50,1,lt-50,lt-50,95.0,VPN-Infrastructure-Atlas
CactusVPN,HK,Hong Kong,133398,TELE-AS Tele Asia Limited,lt-50,1,lt-50,lt-50,95.0,VPN-Infrastructure-Atlas
CactusVPN,HK,Hong Kong,133752,LEASEWEB-APAC-HKG-10 LEASEWEB HONG KONG LIMITED,lt-50,1,lt-50,lt-50,95.0,VPN-Infrastructure-Atlas
CactusVPN,IN,India,136258,"ONEPROVIDER-AS BrainStorm Network, Inc",lt-50,1,lt-50,lt-50,95.0,VPN-Infrastructure-Atlas
CactusVPN,IN,India,44259,ULTAHOST-AP-AS,lt-50,1,lt-50,lt-50,95.0,VPN-Infrastructure-Atlas
CactusVPN,IT,Italy,31034,ARUBA-ASN,lt-50,1,lt-50,lt-50,95.0,VPN-Infrastructure-Atlas
CactusVPN,IT,Italy,62005,BV-EU-AS,lt-50,1,lt-50,lt-50,95.0,VPN-Infrastructure-Atlas
CactusVPN,JP,Japan,138915,KAOPU-HK Kaopu Cloud HK Limited,lt-50,1,lt-50,lt-50,95.0,VPN-Infrastructure-Atlas
CactusVPN,JP,Japan,212238,CDNEXT,lt-50,1,lt-50,lt-50,95.0,VPN-Infrastructure-Atlas
CactusVPN,MD,Moldova,200019,ALEXHOST,lt-50,1,lt-50,lt-50,95.0,VPN-Infrastructure-Atlas
CactusVPN,MD,Moldova,44388,"TOPHOST-MD-AS R.Moldova, Chisinau, Paris 18A",lt-50,1,lt-50,lt-50,95.0,VPN-Infrastructure-Atlas
CactusVPN,MY,Malaysia,45839,SHINJIRU-MY-AS-AP Shinjiru Technology Sdn Bhd,lt-50,1,lt-50,lt-50,95.0,VPN-Infrastructure-Atlas
CactusVPN,NL,Netherlands,211154,MFBANKA-AS,lt-50,1,lt-50,lt-50,95.0,VPN-Infrastructure-Atlas
CactusVPN,NL,Netherlands,30058,FDCSERVERS,lt-50,1,lt-50,lt-50,95.0,VPN-Infrastructure-Atlas
CactusVPN,NL,Netherlands,62005,BV-EU-AS,lt-50,1,lt-50,lt-50,95.0,VPN-Infrastructure-Atlas
CactusVPN,NL,Netherlands,62068,SPECTRAIP SpectraIP B.V.,lt-50,1,lt-50,lt-50,95.0,VPN-Infrastructure-Atlas
CactusVPN,PT,Portugal,136258,"ONEPROVIDER-AS BrainStorm Network, Inc",lt-50,1,lt-50,lt-50,95.0,VPN-Infrastructure-Atlas
CactusVPN,PT,Portugal,204094,I4W,lt-50,1,lt-50,lt-50,95.0,VPN-Infrastructure-Atlas
CactusVPN,SG,Singapore,16276,OVH,lt-50,1,lt-50,lt-50,95.0,VPN-Infrastructure-Atlas
CactusVPN,UA,Ukraine,3236,SERVER server.ua,lt-50,1,lt-50,lt-50,95.0,VPN-Infrastructure-Atlas
CactusVPN,UA,Ukraine,6698,VIRTUALSYSTEMS,lt-50,1,lt-50,lt-50,95.0,VPN-Infrastructure-Atlas
CactusVPN,US,United States,14586,NUCLEARFALLOUT-CHI,lt-50,1,lt-50,lt-50,95.0,VPN-Infrastructure-Atlas
CactusVPN,US,United States,32374,NUCLEARFALLOUT-LAX,lt-50,1,lt-50,lt-50,95.0,VPN-Infrastructure-Atlas
CactusVPN,US,United States,32751,NUCLEARFALLOUT-SEA,lt-50,1,lt-50,lt-50,95.0,VPN-Infrastructure-Atlas
CactusVPN,US,United States,393458,NUCLEARFALLOUT-ATL,lt-50,1,lt-50,lt-50,95.0,VPN-Infrastructure-Atlas
CactusVPN,US,United States,400475,NUCLEARFALLOUT-DAL,lt-50,1,lt-50,lt-50,95.0,VPN-Infrastructure-Atlas
CactusVPN,US,United States,401263,NUCLEARFALLOUT-NYC,lt-50,1,lt-50,lt-50,95.0,VPN-Infrastructure-Atlas
CyberGhost,AU,Australia,45671,AS45671-NET-AU Wholesale Services Provider,lt-50,1,lt-50,lt-50,95.0,VPN-Infrastructure-Atlas
CyberGhost,US,United States,4213,EVOCATIVE-GLOBAL,lt-50,1,lt-50,lt-50,70.0,VPN-Infrastructure-Atlas
EasyHideIP,SE,Sweden,42708,GLESYS glesys.com,lt-50,1,lt-50,lt-50,95.0,VPN-Infrastructure-Atlas
FastestVPN,GB,United Kingdom,58325,BANDWIDTH-ASIA,lt-50,1,lt-50,lt-50,95.0,VPN-Infrastructure-Atlas
FastestVPN,KR,South Korea,45382,EHOSTIDC-AS-KR Hostcenter,lt-50,1,lt-50,lt-50,95.0,VPN-Infrastructure-Atlas
FastestVPN,PT,Portugal,59787,WEBHS WEBSP LDA,lt-50,1,lt-50,lt-50,95.0,VPN-Infrastructure-Atlas
FastestVPN,TR,Türkiye,206991,IXIR,lt-50,1,lt-50,lt-50,95.0,VPN-Infrastructure-Atlas
FastestVPN,UA,Ukraine,48031,XSERVERCLOUD,lt-50,1,lt-50,lt-50,95.0,VPN-Infrastructure-Atlas
FastestVPN,UK,United Kingdom,3170,VELOXSERV,lt-50,1,lt-50,lt-50,95.0,VPN-Infrastructure-Atlas
FastestVPN,US,United States,30633,LEASEWEB-USA-WDC,lt-50,1,lt-50,lt-50,95.0,VPN-Infrastructure-Atlas
FastestVPN,ZA,South Africa,37153,xneelo,lt-50,1,lt-50,lt-50,95.0,VPN-Infrastructure-Atlas
FlowVPN,AM,Armenia,0,,lt-50,1,lt-50,lt-50,70.0,VPN-Infrastructure-Atlas
FlowVPN,AR,Argentina,61493,InterBS S.R.L. BAEHOST,lt-50,1,lt-50,lt-50,70.0,VPN-Infrastructure-Atlas
FlowVPN,AT,Austria,40994,"ALWYZON Alwyzon, a trading name of Hohl IT e.U.",lt-50,1,lt-50,lt-50,70.0,VPN-Infrastructure-Atlas
FlowVPN,AT,Austria,64457,PIPEHOST-AS PIPEHOST,lt-50,1,lt-50,lt-50,70.0,VPN-Infrastructure-Atlas
FlowVPN,AU,Australia,136557,HOST-AS-AP Host Universal Pty Ltd,lt-50,1,lt-50,lt-50,70.0,VPN-Infrastructure-Atlas
FlowVPN,AZ,Azerbaijan,29049,DELTA-TELECOM-AS International Communication Operator,lt-50,1,lt-50,lt-50,70.0,VPN-Infrastructure-Atlas
FlowVPN,CA,Canada,0,,lt-50,1,lt-50,lt-50,70.0,VPN-Infrastructure-Atlas
FlowVPN,CA,Canada,54643,IDIGITAL,lt-50,1,lt-50,lt-50,70.0,VPN-Infrastructure-Atlas
FlowVPN,CA,Canada,835,GOCODEIT-EDGE,lt-50,1,lt-50,lt-50,70.0,VPN-Infrastructure-Atlas
FlowVPN,CH,Switzerland,50837,CLOUDSIGMA-AS,lt-50,1,lt-50,lt-50,70.0,VPN-Infrastructure-Atlas
FlowVPN,CL,Chile,52368,ZAM LTDA.,lt-50,1,lt-50,lt-50,70.0,VPN-Infrastructure-Atlas
FlowVPN,CR,Costa Rica,52423,Data Miners S.A.  Racknation.cr,lt-50,1,lt-50,lt-50,70.0,VPN-Infrastructure-Atlas
FlowVPN,CY,Cyprus,197648,CL8ASN1,lt-50,1,lt-50,lt-50,70.0,VPN-Infrastructure-Atlas
FlowVPN,DE,Germany,201011,CORE-BACKBONE CORE-BACKBONE GMBH GLOBAL NETWORK,lt-50,1,lt-50,lt-50,70.0,VPN-Infrastructure-Atlas
FlowVPN,DE,Germany,24679,SSERV-AS,lt-50,1,lt-50,lt-50,70.0,VPN-Infrastructure-Atlas
FlowVPN,DE,Germany,8648,ONE-NETWORK,lt-50,1,lt-50,lt-50,70.0,VPN-Infrastructure-Atlas
FlowVPN,DK,Denmark,215052,DINSERVGRO-NET,lt-50,1,lt-50,lt-50,70.0,VPN-Infrastructure-Atlas
FlowVPN,EE,Estonia,202759,FAIRYHOSTING,lt-50,1,lt-50,lt-50,70.0,VPN-Infrastructure-Atlas
FlowVPN,FI,Finland,51765,CREANOVA-AS Oy Creanova Hosting Solutions Ltd.,lt-50,1,lt-50,lt-50,70.0,VPN-Infrastructure-Atlas
FlowVPN,FR,France,12876,Online SAS,lt-50,1,lt-50,lt-50,70.0,VPN-Infrastructure-Atlas
FlowVPN,FR,France,207992,FEELB,lt-50,1,lt-50,lt-50,70.0,VPN-Infrastructure-Atlas
FlowVPN,FR,France,35661,VIRTUASYS-EU Lift weight. Push bytes. Never drop. Repeat.,lt-50,1,lt-50,lt-50,70.0,VPN-Infrastructure-Atlas
FlowVPN,GB,United Kingdom,207108,AHCLOUD,lt-50,1,lt-50,lt-50,70.0,VPN-Infrastructure-Atlas
FlowVPN,GB,United Kingdom,215730,H2NEXUS-AS,lt-50,1,lt-50,lt-50,70.0,VPN-Infrastructure-Atlas
FlowVPN,GB,United Kingdom,25369,BANDWIDTH-AS,lt-50,1,lt-50,lt-50,70.0,VPN-Infrastructure-Atlas
FlowVPN,GB,United Kingdom,42831,"UKSERVERS-AS UK Dedicated Servers, Hosting and Co-Location",lt-50,1,lt-50,lt-50,70.0,VPN-Infrastructure-Atlas
FlowVPN,GB,United Kingdom,44684,MYTHIC Mythic Beasts Ltd,lt-50,1,lt-50,lt-50,70.0,VPN-Infrastructure-Atlas
FlowVPN,GB,United Kingdom,47264,LDEX,lt-50,1,lt-50,lt-50,70.0,VPN-Infrastructure-Atlas
FlowVPN,GB,United Kingdom,49592,PIPE-NET pipehost.net,lt-50,1,lt-50,lt-50,70.0,VPN-Infrastructure-Atlas
FlowVPN,GB,United Kingdom,59895,BINARYRACKS-AS,lt-50,1,lt-50,lt-50,70.0,VPN-Infrastructure-Atlas
FlowVPN,GB,United Kingdom,64080,SYN-UK SYN,lt-50,1,lt-50,lt-50,70.0,VPN-Infrastructure-Atlas
FlowVPN,GE,Georgia,203647,WORLDBUS,lt-50,1,lt-50,lt-50,70.0,VPN-Infrastructure-Atlas
FlowVPN,HK,Hong Kong,132839,POWERLINE-AS-AP POWER LINE DATACENTER,lt-50,1,lt-50,lt-50,70.0,VPN-Infrastructure-Atlas
FlowVPN,HK,Hong Kong,17497,LGHL-AS-AP Liasail Global Hongkong Limited,lt-50,1,lt-50,lt-50,70.0,VPN-Infrastructure-Atlas
FlowVPN,HR,Croatia,61211,SETCOR,lt-50,1,lt-50,lt-50,70.0,VPN-Infrastructure-Atlas
FlowVPN,ID,Indonesia,136052,IDNIC-IDCLOUDHOST-AS-ID PT Cloud Hosting Indonesia,lt-50,1,lt-50,lt-50,70.0,VPN-Infrastructure-Atlas
FlowVPN,IL,Israel,44709,CLOUDWEBMANAGE-,lt-50,1,lt-50,lt-50,70.0,VPN-Infrastructure-Atlas
FlowVPN,IN,India,213167,CHOCIZ-AS,lt-50,1,lt-50,lt-50,70.0,VPN-Infrastructure-Atlas
FlowVPN,IT,Italy,0,,lt-50,1,lt-50,lt-50,70.0,VPN-Infrastructure-Atlas
FlowVPN,IT,Italy,197075,ACTIVENETWORK-AS Active Network S.p.A.,lt-50,1,lt-50,lt-50,70.0,VPN-Infrastructure-Atlas
FlowVPN,IT,Italy,199653,ARUBAFR-AS,lt-50,1,lt-50,lt-50,70.0,VPN-Infrastructure-Atlas
FlowVPN,IT,Italy,31034,ARUBA-ASN,lt-50,1,lt-50,lt-50,70.0,VPN-Infrastructure-Atlas
FlowVPN,KZ,Kazakhstan,41798,TTC-AS JSC Transtelecom,lt-50,1,lt-50,lt-50,70.0,VPN-Infrastructure-Atlas
FlowVPN,LT,Lithuania,15440,BALTNETA Customers AS,lt-50,1,lt-50,lt-50,70.0,VPN-Infrastructure-Atlas
FlowVPN,LT,Lithuania,56630,MELBICOM-EU-AS Melbikomas UAB,lt-50,1,lt-50,lt-50,70.0,VPN-Infrastructure-Atlas
FlowVPN,LT,Lithuania,8849,MELBICOM-EU-AS Melbikomas UAB,lt-50,1,lt-50,lt-50,70.0,VPN-Infrastructure-Atlas
FlowVPN,MD,Moldova,48753,AVAHOHST,lt-50,1,lt-50,lt-50,70.0,VPN-Infrastructure-Atlas
FlowVPN,MX,Mexico,28423,Truxgo S. de R.L de C.V,lt-50,1,lt-50,lt-50,70.0,VPN-Infrastructure-Atlas
FlowVPN,MY,Malaysia,149440,EVOXTENTERPRISE-AS-AP Evoxt Enterprise,lt-50,1,lt-50,lt-50,70.0,VPN-Infrastructure-Atlas
FlowVPN,PA,Panama,52469,Offshore Racks S.A,lt-50,1,lt-50,lt-50,70.0,VPN-Infrastructure-Atlas
FlowVPN,PL,Poland,203210,SZYBKINET,lt-50,1,lt-50,lt-50,70.0,VPN-Infrastructure-Atlas
FlowVPN,PT,Portugal,24768,ALMOUROLTEC,lt-50,1,lt-50,lt-50,70.0,VPN-Infrastructure-Atlas
FlowVPN,SE,Sweden,42708,GLESYS glesys.com,lt-50,1,lt-50,lt-50,70.0,VPN-Infrastructure-Atlas
FlowVPN,SE,Sweden,51519,KARABRO Karabro AB,lt-50,1,lt-50,lt-50,70.0,VPN-Infrastructure-Atlas
FlowVPN,SG,Singapore,38001,NEWMEDIAEXPRESS-AS-AP NewMedia Express Pte Ltd,lt-50,1,lt-50,lt-50,70.0,VPN-Infrastructure-Atlas
FlowVPN,SG,Singapore,59364,VHOST-HOLDINGS-SG vHost Holdings Pte Ltd,lt-50,1,lt-50,lt-50,70.0,VPN-Infrastructure-Atlas
FlowVPN,TN,Tunisia,329268,SS7-AS,lt-50,1,lt-50,lt-50,70.0,VPN-Infrastructure-Atlas
FlowVPN,UA,Ukraine,0,,lt-50,1,lt-50,lt-50,70.0,VPN-Infrastructure-Atlas
FlowVPN,UA,Ukraine,47987,DELTAHOST-KYIV,lt-50,1,lt-50,lt-50,70.0,VPN-Infrastructure-Atlas
FlowVPN,UA,Ukraine,6698,VIRTUALSYSTEMS,lt-50,1,lt-50,lt-50,70.0,VPN-Infrastructure-Atlas
FlowVPN,US,United States,15083,INFOLINK-MIA-,lt-50,1,lt-50,lt-50,70.0,VPN-Infrastructure-Atlas
FlowVPN,US,United States,203156,RELAYIFY-LLC,lt-50,1,lt-50,lt-50,70.0,VPN-Infrastructure-Atlas
FlowVPN,US,United States,22439,PERFECT-INTERNATIONAL,lt-50,1,lt-50,lt-50,70.0,VPN-Infrastructure-Atlas
FlowVPN,US,United States,23352,SERVERCENTRAL,lt-50,1,lt-50,lt-50,70.0,VPN-Infrastructure-Atlas
FlowVPN,US,United States,29951,SYPTEC-NOC,lt-50,1,lt-50,lt-50,70.0,VPN-Infrastructure-Atlas
FlowVPN,US,United States,33387,NOCIX,lt-50,1,lt-50,lt-50,70.0,VPN-Infrastructure-Atlas
FlowVPN,US,United States,36007,KAMATERA,lt-50,1,lt-50,lt-50,70.0,VPN-Infrastructure-Atlas
FlowVPN,US,United States,36351,SOFTLAYER,lt-50,1,lt-50,lt-50,70.0,VPN-Infrastructure-Atlas
FlowVPN,US,United States,394065,ESSENSYSINC,lt-50,1,lt-50,lt-50,70.0,VPN-Infrastructure-Atlas
FlowVPN,US,United States,401443,WAP-AC,lt-50,1,lt-50,lt-50,70.0,VPN-Infrastructure-Atlas
FlowVPN,US,United States,40244,TURNKEY-INTERNET,lt-50,1,lt-50,lt-50,70.0,VPN-Infrastructure-Atlas
FlowVPN,US,United States,50979,ITL-LV,lt-50,1,lt-50,lt-50,70.0,VPN-Infrastructure-Atlas
FlowVPN,US,United States,53850,GORILLASERVERS,lt-50,1,lt-50,lt-50,70.0,VPN-Infrastructure-Atlas
FlowVPN,US,United States,61138,ZAPPIE-HOST-AS Zappie Host,lt-50,1,lt-50,lt-50,70.0,VPN-Infrastructure-Atlas
FlowVPN,US,United States,61317,ASDETUK www.heficed.com,lt-50,1,lt-50,lt-50,70.0,VPN-Infrastructure-Atlas
FreeVPN,CH,Switzerland,53667,PONYNET,lt-50,1,lt-50,lt-50,88.0,VPN-Infrastructure-Atlas
FreeVPN,DE,Germany,208208,CYBERSE Cyberse GmbH & Co. KG,lt-50,1,lt-50,lt-50,88.0,VPN-Infrastructure-Atlas
FreeVPN,DE,Germany,41745,FORTIS-AS Hosting services,lt-50,1,lt-50,lt-50,88.0,VPN-Infrastructure-Atlas
FreeVPN,EE,Estonia,214790,BRAINOZA,lt-50,1,lt-50,lt-50,88.0,VPN-Infrastructure-Atlas
FreeVPN,FI,Finland,26383,ASNET,lt-50,1,lt-50,lt-50,88.0,VPN-Infrastructure-Atlas
FreeVPN,GB,United Kingdom,63023,AS-GLOBALTELEHOST,lt-50,1,lt-50,lt-50,88.0,VPN-Infrastructure-Atlas
FreeVPN,LU,Luxembourg,53667,PONYNET,lt-50,1,lt-50,lt-50,88.0,VPN-Infrastructure-Atlas
FreeVPN,NL,Netherlands,214677,DELUXHOST,lt-50,1,lt-50,lt-50,88.0,VPN-Infrastructure-Atlas
FreeVPN,SE,Sweden,52173,MAKONIX,lt-50,1,lt-50,lt-50,88.0,VPN-Infrastructure-Atlas
FreeVPN,SG,Singapore,133210,ENTECHNOLOGIES-AS-AP EN Technologies Pte Ltd,lt-50,1,lt-50,lt-50,88.0,VPN-Infrastructure-Atlas
FreeVPN,US,United States,36352,AS-COLOCROSSING,lt-50,1,lt-50,lt-50,88.0,VPN-Infrastructure-Atlas
FreeVPN,US,United States,399646,DARTNODE,lt-50,1,lt-50,lt-50,88.0,VPN-Infrastructure-Atlas
Freevpn,FR,France,12876,Online SAS,lt-50,1,lt-50,lt-50,78.0,VPN-Infrastructure-Atlas
Freevpn,FR,France,16276,OVH,lt-50,1,lt-50,lt-50,78.0,VPN-Infrastructure-Atlas
Freevpn,NL,Netherlands,49981,WORLDSTREAM,lt-50,1,lt-50,lt-50,78.0,VPN-Infrastructure-Atlas
Froot,CA,Canada,11831,ESECUREDATA,lt-50,1,lt-50,lt-50,78.0,VPN-Infrastructure-Atlas
Froot,CA,Canada,36666,GTCOMM,lt-50,1,lt-50,lt-50,78.0,VPN-Infrastructure-Atlas
Froot,CA,Canada,54643,IDIGITAL,lt-50,1,lt-50,lt-50,78.0,VPN-Infrastructure-Atlas
Froot,CA,Canada,62563,AS-GLOBALTELEHOST,lt-50,1,lt-50,lt-50,78.0,VPN-Infrastructure-Atlas
Froot,FR,France,16276,OVH,lt-50,1,lt-50,lt-50,78.0,VPN-Infrastructure-Atlas
Froot,PA,Panama,51852,PLI-AS,lt-50,1,lt-50,lt-50,78.0,VPN-Infrastructure-Atlas
Froot,US,United States,62904,AS62904 - Eonix Corporation,lt-50,1,lt-50,lt-50,78.0,VPN-Infrastructure-Atlas
Getflix,AU,Australia,45671,AS45671-NET-AU Wholesale Services Provider,lt-50,1,lt-50,lt-50,78.0,VPN-Infrastructure-Atlas
Getflix,CA,Canada,32489,AMANAHA-NEW,lt-50,1,lt-50,lt-50,78.0,VPN-Infrastructure-Atlas
Getflix,DK,Denmark,30736,ASERGO-AS,lt-50,1,lt-50,lt-50,78.0,VPN-Infrastructure-Atlas
Getflix,GB,United Kingdom,13213,UK2NET-AS,lt-50,1,lt-50,lt-50,78.0,VPN-Infrastructure-Atlas
Getflix,GB,United Kingdom,60068,CDN77 _,lt-50,1,lt-50,lt-50,78.0,VPN-Infrastructure-Atlas
Getflix,GR,Greece,47521,IPHOST .GR IpDomain,lt-50,1,lt-50,lt-50,78.0,VPN-Infrastructure-Atlas
Getflix,NL,Netherlands,213035,AS-SERVERION Serverion B.V.,lt-50,1,lt-50,lt-50,78.0,VPN-Infrastructure-Atlas
Getflix,NO,Norway,34989,SERVETHEWORLD-AS,lt-50,1,lt-50,lt-50,78.0,VPN-Infrastructure-Atlas
Getflix,PA,Panama,51852,PLI-AS,lt-50,1,lt-50,lt-50,78.0,VPN-Infrastructure-Atlas
Getflix,SE,Sweden,42708,GLESYS glesys.com,lt-50,1,lt-50,lt-50,78.0,VPN-Infrastructure-Atlas
Getflix,US,United States,18978,ENZUINC-,lt-50,1,lt-50,lt-50,78.0,VPN-Infrastructure-Atlas
Getflix,US,United States,399471,AS-SERVERION,lt-50,1,lt-50,lt-50,78.0,VPN-Infrastructure-Atlas
Getflix,US,United States,6364,ATLANTIC-NET-1,lt-50,1,lt-50,lt-50,78.0,VPN-Infrastructure-Atlas
GhostPath,AT,Austria,57169,EDIS-AS-EU,lt-50,1,lt-50,lt-50,88.0,VPN-Infrastructure-Atlas
GhostPath,AU,Australia,0,,lt-50,1,lt-50,lt-50,88.0,VPN-Infrastructure-Atlas
GhostPath,AU,Australia,58940,DEDAUS-AS-AP Dedicated Servers Australia,lt-50,1,lt-50,lt-50,88.0,VPN-Infrastructure-Atlas
GhostPath,BR,Brazil,262287,Latitude.sh LTDA,lt-50,1,lt-50,lt-50,88.0,VPN-Infrastructure-Atlas
GhostPath,CA,Canada,0,,lt-50,1,lt-50,lt-50,88.0,VPN-Infrastructure-Atlas
GhostPath,CA,Canada,10929,ESTRUXTURE-QC-10929,lt-50,1,lt-50,lt-50,88.0,VPN-Infrastructure-Atlas
GhostPath,CH,Switzerland,29691,NINE,lt-50,1,lt-50,lt-50,88.0,VPN-Infrastructure-Atlas
GhostPath,CL,Chile,28099,iHosting Servicios Internet Ltda.,lt-50,1,lt-50,lt-50,88.0,VPN-Infrastructure-Atlas
GhostPath,CZ,Czechia,174,COGENT-174,lt-50,1,lt-50,lt-50,88.0,VPN-Infrastructure-Atlas
GhostPath,DE,Germany,13213,UK2NET-AS,lt-50,1,lt-50,lt-50,88.0,VPN-Infrastructure-Atlas
GhostPath,DE,Germany,201011,CORE-BACKBONE CORE-BACKBONE GMBH GLOBAL NETWORK,lt-50,1,lt-50,lt-50,88.0,VPN-Infrastructure-Atlas
GhostPath,DK,Denmark,45032,FABIT-AS,lt-50,1,lt-50,lt-50,88.0,VPN-Infrastructure-Atlas
GhostPath,EE,Estonia,202759,FAIRYHOSTING,lt-50,1,lt-50,lt-50,88.0,VPN-Infrastructure-Atlas
GhostPath,ES,Spain,39020,COMVIVE-AS Seville - Spain,lt-50,1,lt-50,lt-50,88.0,VPN-Infrastructure-Atlas
GhostPath,ES,Spain,59432,GINERNET,lt-50,1,lt-50,lt-50,88.0,VPN-Infrastructure-Atlas
GhostPath,FR,France,13213,UK2NET-AS,lt-50,1,lt-50,lt-50,88.0,VPN-Infrastructure-Atlas
GhostPath,FR,France,16276,OVH,lt-50,1,lt-50,lt-50,88.0,VPN-Infrastructure-Atlas
GhostPath,FR,France,9009,M247,lt-50,1,lt-50,lt-50,88.0,VPN-Infrastructure-Atlas
GhostPath,GB,United Kingdom,0,,lt-50,1,lt-50,lt-50,88.0,VPN-Infrastructure-Atlas
GhostPath,GB,United Kingdom,29302,HSI-EUROPE,lt-50,1,lt-50,lt-50,88.0,VPN-Infrastructure-Atlas
GhostPath,GB,United Kingdom,39326,HSO-GROUP,lt-50,1,lt-50,lt-50,88.0,VPN-Infrastructure-Atlas
GhostPath,GB,United Kingdom,42831,"UKSERVERS-AS UK Dedicated Servers, Hosting and Co-Location",lt-50,1,lt-50,lt-50,88.0,VPN-Infrastructure-Atlas
GhostPath,GB,United Kingdom,62217,VOOSERVERS,lt-50,1,lt-50,lt-50,88.0,VPN-Infrastructure-Atlas
GhostPath,GR,Greece,205053,AWEB-ASN,lt-50,1,lt-50,lt-50,88.0,VPN-Infrastructure-Atlas
GhostPath,GR,Greece,8280,SYNAPSECOM-AS SYNAPSECOM TELECOMS S.A.,lt-50,1,lt-50,lt-50,88.0,VPN-Infrastructure-Atlas
GhostPath,HK,Hong Kong,9009,M247,lt-50,1,lt-50,lt-50,88.0,VPN-Infrastructure-Atlas
GhostPath,HU,Hungary,56322,SERVERASTRA-AS,lt-50,1,lt-50,lt-50,88.0,VPN-Infrastructure-Atlas
GhostPath,ID,Indonesia,45146,RAJASA-AS-ID-AP PT. Raja Sepadan Abadi,lt-50,1,lt-50,lt-50,88.0,VPN-Infrastructure-Atlas
GhostPath,IE,Ireland,31122,DIGIWEB-AS,lt-50,1,lt-50,lt-50,88.0,VPN-Infrastructure-Atlas
GhostPath,IL,Israel,61102,INTERHOST,lt-50,1,lt-50,lt-50,88.0,VPN-Infrastructure-Atlas
GhostPath,IN,India,14061,DIGITALOCEAN-ASN,lt-50,1,lt-50,lt-50,88.0,VPN-Infrastructure-Atlas
GhostPath,IN,India,63949,AKAMAI-LINODE-AP Akamai Connected Cloud,lt-50,1,lt-50,lt-50,88.0,VPN-Infrastructure-Atlas
GhostPath,IS,Iceland,50613,THORDC-AS,lt-50,1,lt-50,lt-50,88.0,VPN-Infrastructure-Atlas
GhostPath,JP,Japan,63949,AKAMAI-LINODE-AP Akamai Connected Cloud,lt-50,1,lt-50,lt-50,88.0,VPN-Infrastructure-Atlas
GhostPath,LU,Luxembourg,7979,SERVERS-COM,lt-50,1,lt-50,lt-50,88.0,VPN-Infrastructure-Atlas
GhostPath,MD,Moldova,43289,TRABIA,lt-50,1,lt-50,lt-50,88.0,VPN-Infrastructure-Atlas
GhostPath,MY,Malaysia,46015,EXABYTES-AS-AP Exa Bytes Network Sdn.Bhd.,lt-50,1,lt-50,lt-50,88.0,VPN-Infrastructure-Atlas
GhostPath,NL,Netherlands,13213,UK2NET-AS,lt-50,1,lt-50,lt-50,88.0,VPN-Infrastructure-Atlas
GhostPath,NL,Netherlands,198203,ASN-ROUTELABEL,lt-50,1,lt-50,lt-50,88.0,VPN-Infrastructure-Atlas
GhostPath,NL,Netherlands,34971,PDDA-AS,lt-50,1,lt-50,lt-50,88.0,VPN-Infrastructure-Atlas
GhostPath,NO,Norway,56655,GIGAHOST,lt-50,1,lt-50,lt-50,88.0,VPN-Infrastructure-Atlas
GhostPath,PA,Panama,52469,Offshore Racks S.A,lt-50,1,lt-50,lt-50,88.0,VPN-Infrastructure-Atlas
GhostPath,PL,Poland,199319,VOICE-NET-AS,lt-50,1,lt-50,lt-50,88.0,VPN-Infrastructure-Atlas
GhostPath,PT,Portugal,59787,WEBHS WEBSP LDA,lt-50,1,lt-50,lt-50,88.0,VPN-Infrastructure-Atlas
GhostPath,RO,Romania,9009,M247,lt-50,1,lt-50,lt-50,88.0,VPN-Infrastructure-Atlas
GhostPath,RS,Serbia,9009,M247,lt-50,1,lt-50,lt-50,88.0,VPN-Infrastructure-Atlas
GhostPath,RU,Russia,52201,TCTEL,lt-50,1,lt-50,lt-50,88.0,VPN-Infrastructure-Atlas
GhostPath,SG,Singapore,0,,lt-50,1,lt-50,lt-50,88.0,VPN-Infrastructure-Atlas
GhostPath,SI,Slovenia,48894,OPTIMUS-AS,lt-50,1,lt-50,lt-50,88.0,VPN-Infrastructure-Atlas
GhostPath,TH,Thailand,45413,SERVENET-AS-TH-AP ServeNET Solution Limited Partnership,lt-50,1,lt-50,lt-50,88.0,VPN-Infrastructure-Atlas
GhostPath,TR,Türkiye,134094,"SERVERFIELD-AS Serverfield Co., Ltd.",lt-50,1,lt-50,lt-50,88.0,VPN-Infrastructure-Atlas
GhostPath,UA,Ukraine,47987,DELTAHOST-KYIV,lt-50,1,lt-50,lt-50,88.0,VPN-Infrastructure-Atlas
GhostPath,US,United States,10297,ENET-2,lt-50,1,lt-50,lt-50,88.0,VPN-Infrastructure-Atlas
GhostPath,US,United States,20454,SSASN2,lt-50,1,lt-50,lt-50,88.0,VPN-Infrastructure-Atlas
GhostPath,US,United States,21581,M5HOSTING,lt-50,1,lt-50,lt-50,88.0,VPN-Infrastructure-Atlas
GhostPath,US,United States,29802,HVC-AS,lt-50,1,lt-50,lt-50,88.0,VPN-Infrastructure-Atlas
GhostPath,US,United States,30058,FDCSERVERS,lt-50,1,lt-50,lt-50,88.0,VPN-Infrastructure-Atlas
GhostPath,US,United States,31863,DACEN-2,lt-50,1,lt-50,lt-50,88.0,VPN-Infrastructure-Atlas
GhostPath,US,United States,33083,AXCELX-NET,lt-50,1,lt-50,lt-50,88.0,VPN-Infrastructure-Atlas
GhostPath,US,United States,33387,NOCIX,lt-50,1,lt-50,lt-50,88.0,VPN-Infrastructure-Atlas
GhostPath,US,United States,36114,VERSAWEB-ASN,lt-50,1,lt-50,lt-50,88.0,VPN-Infrastructure-Atlas
GhostPath,US,United States,3842,RAMNODE,lt-50,1,lt-50,lt-50,88.0,VPN-Infrastructure-Atlas
GhostPath,US,United States,397423,TIER-NET,lt-50,1,lt-50,lt-50,88.0,VPN-Infrastructure-Atlas
GhostPath,US,United States,40156,THEOPT-HOU,lt-50,1,lt-50,lt-50,88.0,VPN-Infrastructure-Atlas
GhostPath,US,United States,63452,VELOCIHOST,lt-50,1,lt-50,lt-50,88.0,VPN-Infrastructure-Atlas
GhostPath,US,United States,6428,CDM,lt-50,1,lt-50,lt-50,88.0,VPN-Infrastructure-Atlas
Goosevpn,GB,United Kingdom,16247,"M247-UK M247 UK Ltd, trading as M247",lt-50,1,lt-50,lt-50,78.0,VPN-Infrastructure-Atlas
Goosevpn,US,United States,7018,ATT-INTERNET4,lt-50,1,lt-50,lt-50,78.0,VPN-Infrastructure-Atlas
Hide.me,CH,Switzerland,56803,AS-DATASOURCE,lt-50,1,lt-50,lt-50,95.0,VPN-Infrastructure-Atlas
Hide.me,PL,Poland,43641,SOLLUTIUM-NL,lt-50,1,lt-50,lt-50,95.0,VPN-Infrastructure-Atlas
Hide.me,US,United States,33387,NOCIX,lt-50,1,lt-50,lt-50,95.0,VPN-Infrastructure-Atlas
HideIPVPN,ES,Spain,12479,UNI2-AS,lt-50,1,lt-50,lt-50,70.0,VPN-Infrastructure-Atlas
HideIPVPN,GB,United Kingdom,13213,UK2NET-AS,lt-50,1,lt-50,lt-50,70.0,VPN-Infrastructure-Atlas
HideIPVPN,LT,Lithuania,212531,INTERNETO-VIZIJA,lt-50,1,lt-50,lt-50,70.0,VPN-Infrastructure-Atlas
HideIPVPN,RU,Russia,56694,SMARTAPE,lt-50,1,lt-50,lt-50,70.0,VPN-Infrastructure-Atlas
HideIPVPN,US,United States,30633,LEASEWEB-USA-WDC,lt-50,1,lt-50,lt-50,70.0,VPN-Infrastructure-Atlas
HideIPVPN,US,United States,6364,ATLANTIC-NET-1,lt-50,1,lt-50,lt-50,70.0,VPN-Infrastructure-Atlas
HideIPVPN,US,United States,7979,SERVERS-COM,lt-50,1,lt-50,lt-50,70.0,VPN-Infrastructure-Atlas
Hotspotshield,BD,Bangladesh,154047,IT2-AS-AP IT Nut Hosting,lt-50,1,lt-50,lt-50,78.0,VPN-Infrastructure-Atlas
Hotspotshield,BR,Brazil,0,,lt-50,1,lt-50,lt-50,78.0,VPN-Infrastructure-Atlas
Hotspotshield,CN,China,0,,lt-50,1,lt-50,lt-50,78.0,VPN-Infrastructure-Atlas
Hotspotshield,DE,Germany,0,,lt-50,1,lt-50,lt-50,78.0,VPN-Infrastructure-Atlas
Hotspotshield,FR,France,12844,BOUYGTEL-B2B,lt-50,1,lt-50,lt-50,78.0,VPN-Infrastructure-Atlas
Hotspotshield,GB,United Kingdom,0,,lt-50,1,lt-50,lt-50,78.0,VPN-Infrastructure-Atlas
Hotspotshield,GB,United Kingdom,49372,WICHITA-INTER-KONNECTS-1LL4H,lt-50,1,lt-50,lt-50,78.0,VPN-Infrastructure-Atlas
Hotspotshield,LT,Lithuania,62282,RACKRAY UAB Rakrejus,lt-50,1,lt-50,lt-50,78.0,VPN-Infrastructure-Atlas
Hotspotshield,MH,Marshall Islands,50183,CENTURY-LTD,lt-50,1,lt-50,lt-50,78.0,VPN-Infrastructure-Atlas
Hotspotshield,PA,Panama,51852,PLI-AS,lt-50,1,lt-50,lt-50,78.0,VPN-Infrastructure-Atlas
Hotspotshield,SG,Singapore,205983,INDE-PTE-EU,lt-50,1,lt-50,lt-50,78.0,VPN-Infrastructure-Atlas
Hotspotshield,TW,Taiwan,134094,"SERVERFIELD-AS Serverfield Co., Ltd.",lt-50,1,lt-50,lt-50,78.0,VPN-Infrastructure-Atlas
Hotspotshield,UA,Ukraine,30860,YURTEH-AS,lt-50,1,lt-50,lt-50,78.0,VPN-Infrastructure-Atlas
Hotspotshield,US,United States,396356,LATITUDE-SH,lt-50,1,lt-50,lt-50,78.0,VPN-Infrastructure-Atlas
Hotspotshield,US,United States,40676,AS40676 - Psychz Networks,lt-50,1,lt-50,lt-50,78.0,VPN-Infrastructure-Atlas
Hotspotshield,ZA,South Africa,0,,lt-50,1,lt-50,lt-50,78.0,VPN-Infrastructure-Atlas
IVPN,BR,Brazil,268581,QNAX LTDA,lt-50,1,lt-50,lt-50,95.0,VPN-Infrastructure-Atlas
IVPN,GB,United Kingdom,16247,"M247-UK M247 UK Ltd, trading as M247",lt-50,1,lt-50,lt-50,95.0,VPN-Infrastructure-Atlas
IVPN,GB,United Kingdom,212238,CDNEXT,lt-50,1,lt-50,lt-50,95.0,VPN-Infrastructure-Atlas
IVPN,IS,Iceland,200651,FLOKINET,lt-50,1,lt-50,lt-50,95.0,VPN-Infrastructure-Atlas
IVPN,IS,Iceland,50613,THORDC-AS,lt-50,1,lt-50,lt-50,95.0,VPN-Infrastructure-Atlas
IVPN,LU,Luxembourg,199524,GCORE,lt-50,1,lt-50,lt-50,95.0,VPN-Infrastructure-Atlas
IVPN,UA,Ukraine,3236,SERVER server.ua,lt-50,1,lt-50,lt-50,95.0,VPN-Infrastructure-Atlas
IVPN,UA,Ukraine,48031,XSERVERCLOUD,lt-50,1,lt-50,lt-50,95.0,VPN-Infrastructure-Atlas
IVPN,US,United States,13213,UK2NET-AS,lt-50,1,lt-50,lt-50,95.0,VPN-Infrastructure-Atlas
IVPN,US,United States,203020,HOSTROYALE,lt-50,1,lt-50,lt-50,95.0,VPN-Infrastructure-Atlas
Integrityvpn,SE,Sweden,8473,BAHNHOF,lt-50,1,lt-50,lt-50,78.0,VPN-Infrastructure-Atlas
Ivacy,AF,Afghanistan,132372,GBNETWORK-AS-AP GB Network Solutions Sdn. Bhd.,lt-50,1,lt-50,lt-50,95.0,VPN-Infrastructure-Atlas
Ivacy,AL,Albania,197706,"KEMINET A datacenter located in TiranaAlbania. Webhosting, Dedicated Servers, VPS, IPv4IPv6 leasing",lt-50,1,lt-50,lt-50,95.0,VPN-Infrastructure-Atlas
Ivacy,AT,Austria,9009,M247,lt-50,1,lt-50,lt-50,95.0,VPN-Infrastructure-Atlas
Ivacy,BE,Belgium,9009,M247,lt-50,1,lt-50,lt-50,95.0,VPN-Infrastructure-Atlas
Ivacy,BG,Bulgaria,51430,ALTUS,lt-50,1,lt-50,lt-50,95.0,VPN-Infrastructure-Atlas
Ivacy,BN,Brunei,132372,GBNETWORK-AS-AP GB Network Solutions Sdn. Bhd.,lt-50,1,lt-50,lt-50,95.0,VPN-Infrastructure-Atlas
Ivacy,BR,Brazil,132372,GBNETWORK-AS-AP GB Network Solutions Sdn. Bhd.,lt-50,1,lt-50,lt-50,95.0,VPN-Infrastructure-Atlas
Ivacy,CH,Switzerland,212238,CDNEXT,lt-50,1,lt-50,lt-50,95.0,VPN-Infrastructure-Atlas
Ivacy,CL,Chile,396356,LATITUDE-SH,lt-50,1,lt-50,lt-50,95.0,VPN-Infrastructure-Atlas
Ivacy,DK,Denmark,212238,CDNEXT,lt-50,1,lt-50,lt-50,95.0,VPN-Infrastructure-Atlas
Ivacy,EG,Egypt,132372,GBNETWORK-AS-AP GB Network Solutions Sdn. Bhd.,lt-50,1,lt-50,lt-50,95.0,VPN-Infrastructure-Atlas
Ivacy,ES,Spain,9009,M247,lt-50,1,lt-50,lt-50,95.0,VPN-Infrastructure-Atlas
Ivacy,FI,Finland,209378,INIOS-AS,lt-50,1,lt-50,lt-50,95.0,VPN-Infrastructure-Atlas
Ivacy,FR,France,212238,CDNEXT,lt-50,1,lt-50,lt-50,95.0,VPN-Infrastructure-Atlas
Ivacy,GB,United Kingdom,60068,CDN77 _,lt-50,1,lt-50,lt-50,95.0,VPN-Infrastructure-Atlas
Ivacy,GR,Greece,212238,CDNEXT,lt-50,1,lt-50,lt-50,95.0,VPN-Infrastructure-Atlas
Ivacy,HU,Hungary,212238,CDNEXT,lt-50,1,lt-50,lt-50,95.0,VPN-Infrastructure-Atlas
Ivacy,IE,Ireland,212238,CDNEXT,lt-50,1,lt-50,lt-50,95.0,VPN-Infrastructure-Atlas
Ivacy,LT,Lithuania,56630,MELBICOM-EU-AS Melbikomas UAB,lt-50,1,lt-50,lt-50,95.0,VPN-Infrastructure-Atlas
Ivacy,LV,Latvia,56630,MELBICOM-EU-AS Melbikomas UAB,lt-50,1,lt-50,lt-50,95.0,VPN-Infrastructure-Atlas
Ivacy,MD,Moldova,43289,TRABIA,lt-50,1,lt-50,lt-50,95.0,VPN-Infrastructure-Atlas
Ivacy,NG,Nigeria,212238,CDNEXT,lt-50,1,lt-50,lt-50,95.0,VPN-Infrastructure-Atlas
Ivacy,NL,Netherlands,137409,GSLNETWORKS-AS-AP GSL Networks Pty LTD,lt-50,1,lt-50,lt-50,95.0,VPN-Infrastructure-Atlas
Ivacy,NO,Norway,9009,M247,lt-50,1,lt-50,lt-50,95.0,VPN-Infrastructure-Atlas
Ivacy,OM,Oman,137409,GSLNETWORKS-AS-AP GSL Networks Pty LTD,lt-50,1,lt-50,lt-50,95.0,VPN-Infrastructure-Atlas
Ivacy,PA,Panama,132372,GBNETWORK-AS-AP GB Network Solutions Sdn. Bhd.,lt-50,1,lt-50,lt-50,95.0,VPN-Infrastructure-Atlas
Ivacy,PH,Philippines,137409,GSLNETWORKS-AS-AP GSL Networks Pty LTD,lt-50,1,lt-50,lt-50,95.0,VPN-Infrastructure-Atlas
Ivacy,PL,Poland,212238,CDNEXT,lt-50,1,lt-50,lt-50,95.0,VPN-Infrastructure-Atlas
Ivacy,PT,Portugal,203020,HOSTROYALE,lt-50,1,lt-50,lt-50,95.0,VPN-Infrastructure-Atlas
Ivacy,RS,Serbia,9009,M247,lt-50,1,lt-50,lt-50,95.0,VPN-Infrastructure-Atlas
Ivacy,RU,Russia,132372,GBNETWORK-AS-AP GB Network Solutions Sdn. Bhd.,lt-50,1,lt-50,lt-50,95.0,VPN-Infrastructure-Atlas
Ivacy,SE,Sweden,212238,CDNEXT,lt-50,1,lt-50,lt-50,95.0,VPN-Infrastructure-Atlas
Ivacy,SG,Singapore,137409,GSLNETWORKS-AS-AP GSL Networks Pty LTD,lt-50,1,lt-50,lt-50,95.0,VPN-Infrastructure-Atlas
Ivacy,SK,Slovakia,212238,CDNEXT,lt-50,1,lt-50,lt-50,95.0,VPN-Infrastructure-Atlas
Ivacy,TR,Türkiye,212238,CDNEXT,lt-50,1,lt-50,lt-50,95.0,VPN-Infrastructure-Atlas
Ivacy,TW,Taiwan,132372,GBNETWORK-AS-AP GB Network Solutions Sdn. Bhd.,lt-50,1,lt-50,lt-50,95.0,VPN-Infrastructure-Atlas
Ivacy,UA,Ukraine,212238,CDNEXT,lt-50,1,lt-50,lt-50,95.0,VPN-Infrastructure-Atlas
Ivacy,UK,United Kingdom,3223,VOXILITY,lt-50,1,lt-50,lt-50,95.0,VPN-Infrastructure-Atlas
Ivacy,US,United States,30633,LEASEWEB-USA-WDC,lt-50,1,lt-50,lt-50,95.0,VPN-Infrastructure-Atlas
Ivacy,US,United States,396356,LATITUDE-SH,lt-50,1,lt-50,lt-50,95.0,VPN-Infrastructure-Atlas
Ivacy,US,United States,46475,LIMESTONENETWORKS,lt-50,1,lt-50,lt-50,95.0,VPN-Infrastructure-Atlas
Ivacy,US,United States,60068,CDN77 _,lt-50,1,lt-50,lt-50,95.0,VPN-Infrastructure-Atlas
Ivacy,VN,Vietnam,132372,GBNETWORK-AS-AP GB Network Solutions Sdn. Bhd.,lt-50,1,lt-50,lt-50,95.0,VPN-Infrastructure-Atlas
KevinVPN,CA,Canada,401665,HOSTBILBY,lt-50,1,lt-50,lt-50,70.0,VPN-Infrastructure-Atlas
KevinVPN,CH,Switzerland,29222,INFOMANIAK-AS,lt-50,1,lt-50,lt-50,70.0,VPN-Infrastructure-Atlas
KevinVPN,DE,Germany,208208,CYBERSE Cyberse GmbH & Co. KG,lt-50,1,lt-50,lt-50,70.0,VPN-Infrastructure-Atlas
KevinVPN,DE,Germany,215960,HEARTBEAT-IT,lt-50,1,lt-50,lt-50,70.0,VPN-Infrastructure-Atlas
KevinVPN,GB,United Kingdom,213887,WAICORE-LTD WAICORE LTD,lt-50,1,lt-50,lt-50,70.0,VPN-Infrastructure-Atlas
KevinVPN,IT,Italy,207590,LOCLIXIT-AS,lt-50,1,lt-50,lt-50,70.0,VPN-Infrastructure-Atlas
KevinVPN,LU,Luxembourg,202422,GHOST,lt-50,1,lt-50,lt-50,70.0,VPN-Infrastructure-Atlas
KevinVPN,NL,Netherlands,210429,HIZAKURA-,lt-50,1,lt-50,lt-50,70.0,VPN-Infrastructure-Atlas
KevinVPN,NL,Netherlands,57043,HOSTKEY-AS,lt-50,1,lt-50,lt-50,70.0,VPN-Infrastructure-Atlas
KevinVPN,RO,Romania,9009,M247,lt-50,1,lt-50,lt-50,70.0,VPN-Infrastructure-Atlas
KevinVPN,SE,Sweden,214640,HOSTUP HOSTUP,lt-50,1,lt-50,lt-50,70.0,VPN-Infrastructure-Atlas
KevinVPN,SG,Singapore,149020,WEBHORIZON-AS-AP WebHorizon Internet Services,lt-50,1,lt-50,lt-50,70.0,VPN-Infrastructure-Atlas
KevinVPN,TR,Türkiye,62425,KUZEYDC,lt-50,1,lt-50,lt-50,70.0,VPN-Infrastructure-Atlas
KevinVPN,US,United States,32181,ASN-GIGENET,lt-50,1,lt-50,lt-50,70.0,VPN-Infrastructure-Atlas
KevinVPN,US,United States,399646,DARTNODE,lt-50,1,lt-50,lt-50,70.0,VPN-Infrastructure-Atlas
KevinVPN,US,United States,49791,AS-3HCLOUD,lt-50,1,lt-50,lt-50,70.0,VPN-Infrastructure-Atlas
KevinVPN,US,United States,63473,HOSTHATCH,lt-50,1,lt-50,lt-50,70.0,VPN-Infrastructure-Atlas
KeyDrop,DE,Germany,197540,NETCUP-AS netcup GmbH,lt-50,1,lt-50,lt-50,70.0,VPN-Infrastructure-Atlas
KeyDrop,RU,Russia,200350,YANDEXCLOUD,lt-50,1,lt-50,lt-50,70.0,VPN-Infrastructure-Atlas
KeyDrop,RU,Russia,210644,AEZA-AS,lt-50,1,lt-50,lt-50,70.0,VPN-Infrastructure-Atlas
KeyDrop,RU,Russia,29182,RU-JSCIOT,lt-50,1,lt-50,lt-50,70.0,VPN-Infrastructure-Atlas
KeyDrop,RU,Russia,48347,MTW-AS,lt-50,1,lt-50,lt-50,70.0,VPN-Infrastructure-Atlas
Kompot VPN,AR,Argentina,20207,Gigared S.A.,lt-50,1,lt-50,lt-50,80.0,VPN-Infrastructure-Atlas
Kompot VPN,NL,Netherlands,6206,NETROUTING-AS,lt-50,1,lt-50,lt-50,80.0,VPN-Infrastructure-Atlas
Kompot VPN,RU,Russia,216246,RU-AEZA-AS,lt-50,1,lt-50,lt-50,80.0,VPN-Infrastructure-Atlas
Kompot VPN,RU,Russia,51659,ASBAXET,lt-50,1,lt-50,lt-50,70.0,VPN-Infrastructure-Atlas
Le VPN,ES,Spain,39020,COMVIVE-AS Seville - Spain,lt-50,1,lt-50,lt-50,70.0,VPN-Infrastructure-Atlas
Le VPN,GB,United Kingdom,42831,"UKSERVERS-AS UK Dedicated Servers, Hosting and Co-Location",lt-50,1,lt-50,lt-50,70.0,VPN-Infrastructure-Atlas
Le VPN,HK,Hong Kong,138915,KAOPU-HK Kaopu Cloud HK Limited,lt-50,1,lt-50,lt-50,70.0,VPN-Infrastructure-Atlas
Le VPN,IS,Iceland,50613,THORDC-AS,lt-50,1,lt-50,lt-50,70.0,VPN-Infrastructure-Atlas
Le VPN,SE,Sweden,42708,GLESYS glesys.com,lt-50,1,lt-50,lt-50,70.0,VPN-Infrastructure-Atlas
Le VPN,US,United States,395954,LEASEWEB-USA-LAX,lt-50,1,lt-50,lt-50,70.0,VPN-Infrastructure-Atlas
LimeVPN,US,United States,14586,NUCLEARFALLOUT-CHI,lt-50,1,lt-50,lt-50,70.0,VPN-Infrastructure-Atlas
LimeVPN,US,United States,214505,NUCLEARFALLOUT-FRA,lt-50,1,lt-50,lt-50,70.0,VPN-Infrastructure-Atlas
LimeVPN,US,United States,32374,NUCLEARFALLOUT-LAX,lt-50,1,lt-50,lt-50,70.0,VPN-Infrastructure-Atlas
LimeVPN,US,United States,400475,NUCLEARFALLOUT-DAL,lt-50,1,lt-50,lt-50,70.0,VPN-Infrastructure-Atlas
MoriVPN,US,United States,14544,RETEK,lt-50,1,lt-50,lt-50,80.0,VPN-Infrastructure-Atlas
NetShade,DE,Germany,29066,VELIANET-AS velia.net Internetdienste GmbH,lt-50,1,lt-50,lt-50,95.0,VPN-Infrastructure-Atlas
NetShade,GB,United Kingdom,205544,LEASEWEB-UK-LON-11,lt-50,1,lt-50,lt-50,95.0,VPN-Infrastructure-Atlas
NetShade,GB,United Kingdom,60068,CDN77 _,lt-50,1,lt-50,lt-50,95.0,VPN-Infrastructure-Atlas
NetShade,US,United States,29302,HSI-EUROPE,lt-50,1,lt-50,lt-50,95.0,VPN-Infrastructure-Atlas
NetShade,US,United States,6939,HURRICANE,lt-50,1,lt-50,lt-50,95.0,VPN-Infrastructure-Atlas
OVPN,CA,Canada,32489,AMANAHA-NEW,lt-50,1,lt-50,lt-50,95.0,VPN-Infrastructure-Atlas
OVPN,IT,Italy,49367,ASSEFLOW,lt-50,1,lt-50,lt-50,95.0,VPN-Infrastructure-Atlas
OVPN,SE,Sweden,3399,OBE-NET,lt-50,1,lt-50,lt-50,95.0,VPN-Infrastructure-Atlas
OVPN,SE,Sweden,42708,GLESYS glesys.com,lt-50,1,lt-50,lt-50,95.0,VPN-Infrastructure-Atlas
OysterVPN,AG,Antigua & Barbuda,138915,KAOPU-HK Kaopu Cloud HK Limited,lt-50,1,lt-50,lt-50,95.0,VPN-Infrastructure-Atlas
OysterVPN,AU,Australia,136258,"ONEPROVIDER-AS BrainStorm Network, Inc",lt-50,1,lt-50,lt-50,95.0,VPN-Infrastructure-Atlas
OysterVPN,BG,Bulgaria,136258,"ONEPROVIDER-AS BrainStorm Network, Inc",lt-50,1,lt-50,lt-50,95.0,VPN-Infrastructure-Atlas
OysterVPN,BR,Brazil,138915,KAOPU-HK Kaopu Cloud HK Limited,lt-50,1,lt-50,lt-50,95.0,VPN-Infrastructure-Atlas
OysterVPN,CH,Switzerland,136258,"ONEPROVIDER-AS BrainStorm Network, Inc",lt-50,1,lt-50,lt-50,95.0,VPN-Infrastructure-Atlas
OysterVPN,CY,Cyprus,136258,"ONEPROVIDER-AS BrainStorm Network, Inc",lt-50,1,lt-50,lt-50,95.0,VPN-Infrastructure-Atlas
OysterVPN,CZ,Czechia,136258,"ONEPROVIDER-AS BrainStorm Network, Inc",lt-50,1,lt-50,lt-50,95.0,VPN-Infrastructure-Atlas
OysterVPN,DE,Germany,136258,"ONEPROVIDER-AS BrainStorm Network, Inc",lt-50,1,lt-50,lt-50,95.0,VPN-Infrastructure-Atlas
OysterVPN,EU,European Union,30900,WEBWORLD-AS ta Web World Ireland,lt-50,1,lt-50,lt-50,95.0,VPN-Infrastructure-Atlas
OysterVPN,FL,FL,136258,"ONEPROVIDER-AS BrainStorm Network, Inc",lt-50,1,lt-50,lt-50,95.0,VPN-Infrastructure-Atlas
OysterVPN,FR,France,136258,"ONEPROVIDER-AS BrainStorm Network, Inc",lt-50,1,lt-50,lt-50,95.0,VPN-Infrastructure-Atlas
OysterVPN,GB,United Kingdom,136258,"ONEPROVIDER-AS BrainStorm Network, Inc",lt-50,1,lt-50,lt-50,95.0,VPN-Infrastructure-Atlas
OysterVPN,HK,Hong Kong,133752,LEASEWEB-APAC-HKG-10 LEASEWEB HONG KONG LIMITED,lt-50,1,lt-50,lt-50,95.0,VPN-Infrastructure-Atlas
OysterVPN,IT,Italy,136258,"ONEPROVIDER-AS BrainStorm Network, Inc",lt-50,1,lt-50,lt-50,95.0,VPN-Infrastructure-Atlas
OysterVPN,JP,Japan,136258,"ONEPROVIDER-AS BrainStorm Network, Inc",lt-50,1,lt-50,lt-50,95.0,VPN-Infrastructure-Atlas
OysterVPN,KR,South Korea,138915,KAOPU-HK Kaopu Cloud HK Limited,lt-50,1,lt-50,lt-50,95.0,VPN-Infrastructure-Atlas
OysterVPN,MY,Malaysia,136258,"ONEPROVIDER-AS BrainStorm Network, Inc",lt-50,1,lt-50,lt-50,95.0,VPN-Infrastructure-Atlas
OysterVPN,NA,Namibia,136258,"ONEPROVIDER-AS BrainStorm Network, Inc",lt-50,1,lt-50,lt-50,95.0,VPN-Infrastructure-Atlas
OysterVPN,NL,Netherlands,136258,"ONEPROVIDER-AS BrainStorm Network, Inc",lt-50,1,lt-50,lt-50,95.0,VPN-Infrastructure-Atlas
OysterVPN,NL,Netherlands,14061,DIGITALOCEAN-ASN,lt-50,1,lt-50,lt-50,95.0,VPN-Infrastructure-Atlas
OysterVPN,PH,Philippines,138915,KAOPU-HK Kaopu Cloud HK Limited,lt-50,1,lt-50,lt-50,95.0,VPN-Infrastructure-Atlas
OysterVPN,PK,Pakistan,136258,"ONEPROVIDER-AS BrainStorm Network, Inc",lt-50,1,lt-50,lt-50,95.0,VPN-Infrastructure-Atlas
OysterVPN,PL,Poland,136258,"ONEPROVIDER-AS BrainStorm Network, Inc",lt-50,1,lt-50,lt-50,95.0,VPN-Infrastructure-Atlas
OysterVPN,PT,Portugal,136258,"ONEPROVIDER-AS BrainStorm Network, Inc",lt-50,1,lt-50,lt-50,95.0,VPN-Infrastructure-Atlas
OysterVPN,RU,Russia,136258,"ONEPROVIDER-AS BrainStorm Network, Inc",lt-50,1,lt-50,lt-50,95.0,VPN-Infrastructure-Atlas
OysterVPN,SA,Saudi Arabia,138915,KAOPU-HK Kaopu Cloud HK Limited,lt-50,1,lt-50,lt-50,95.0,VPN-Infrastructure-Atlas
OysterVPN,SE,Sweden,136258,"ONEPROVIDER-AS BrainStorm Network, Inc",lt-50,1,lt-50,lt-50,95.0,VPN-Infrastructure-Atlas
OysterVPN,SG,Singapore,136258,"ONEPROVIDER-AS BrainStorm Network, Inc",lt-50,1,lt-50,lt-50,95.0,VPN-Infrastructure-Atlas
OysterVPN,TH,Thailand,138915,KAOPU-HK Kaopu Cloud HK Limited,lt-50,1,lt-50,lt-50,95.0,VPN-Infrastructure-Atlas
OysterVPN,TR,Türkiye,206991,IXIR,lt-50,1,lt-50,lt-50,95.0,VPN-Infrastructure-Atlas
OysterVPN,TW,Taiwan,136258,"ONEPROVIDER-AS BrainStorm Network, Inc",lt-50,1,lt-50,lt-50,95.0,VPN-Infrastructure-Atlas
OysterVPN,UA,Ukraine,136258,"ONEPROVIDER-AS BrainStorm Network, Inc",lt-50,1,lt-50,lt-50,95.0,VPN-Infrastructure-Atlas
OysterVPN,UK,United Kingdom,138915,KAOPU-HK Kaopu Cloud HK Limited,lt-50,1,lt-50,lt-50,95.0,VPN-Infrastructure-Atlas
OysterVPN,US,United States,395954,LEASEWEB-USA-LAX,lt-50,1,lt-50,lt-50,95.0,VPN-Infrastructure-Atlas
OysterVPN,US,United States,40676,AS40676 - Psychz Networks,lt-50,1,lt-50,lt-50,95.0,VPN-Infrastructure-Atlas
OysterVPN,VN,Vietnam,136258,"ONEPROVIDER-AS BrainStorm Network, Inc",lt-50,1,lt-50,lt-50,95.0,VPN-Infrastructure-Atlas
OysterVPN,VN,Vietnam,138915,KAOPU-HK Kaopu Cloud HK Limited,lt-50,1,lt-50,lt-50,95.0,VPN-Infrastructure-Atlas
PhantomPeer,CH,Switzerland,29691,NINE,lt-50,1,lt-50,lt-50,88.0,VPN-Infrastructure-Atlas
PhantomPeer,RO,Romania,9009,M247,lt-50,1,lt-50,lt-50,88.0,VPN-Infrastructure-Atlas
PhantomPeer,SE,Sweden,42708,GLESYS glesys.com,lt-50,1,lt-50,lt-50,88.0,VPN-Infrastructure-Atlas
Privado,RO,Romania,9009,M247,lt-50,1,lt-50,lt-50,95.0,VPN-Infrastructure-Atlas
Private Internet Access,CA,Canada,9009,M247,lt-50,1,lt-50,lt-50,95.0,VPN-Infrastructure-Atlas
Private Internet Access,IN,India,0,,lt-50,1,lt-50,lt-50,95.0,VPN-Infrastructure-Atlas
Private Internet Access,UK,United Kingdom,60068,CDN77 _,lt-50,1,lt-50,lt-50,95.0,VPN-Infrastructure-Atlas
Private Internet Access,US,United States,4213,EVOCATIVE-GLOBAL,lt-50,1,lt-50,lt-50,95.0,VPN-Infrastructure-Atlas
Private Internet Access,US,United States,46475,LIMESTONENETWORKS,lt-50,1,lt-50,lt-50,95.0,VPN-Infrastructure-Atlas
PrivateVPN,AE,United Arab Emirates,9009,M247,lt-50,1,lt-50,lt-50,95.0,VPN-Infrastructure-Atlas
PrivateVPN,AR,Argentina,18747,IFX18747,lt-50,1,lt-50,lt-50,95.0,VPN-Infrastructure-Atlas
PrivateVPN,AT,Austria,9009,M247,lt-50,1,lt-50,lt-50,95.0,VPN-Infrastructure-Atlas
PrivateVPN,AU,Australia,60068,CDN77 _,lt-50,1,lt-50,lt-50,95.0,VPN-Infrastructure-Atlas
PrivateVPN,BE,Belgium,9009,M247,lt-50,1,lt-50,lt-50,95.0,VPN-Infrastructure-Atlas
PrivateVPN,BG,Bulgaria,9009,M247,lt-50,1,lt-50,lt-50,95.0,VPN-Infrastructure-Atlas
PrivateVPN,BR,Brazil,268581,QNAX LTDA,lt-50,1,lt-50,lt-50,95.0,VPN-Infrastructure-Atlas
PrivateVPN,CA,Canada,11831,ESECUREDATA,lt-50,1,lt-50,lt-50,95.0,VPN-Infrastructure-Atlas
PrivateVPN,CL,Chile,18747,IFX18747,lt-50,1,lt-50,lt-50,95.0,VPN-Infrastructure-Atlas
PrivateVPN,CR,Costa Rica,3790,RADIOGRAFICA COSTARRICENSE,lt-50,1,lt-50,lt-50,95.0,VPN-Infrastructure-Atlas
PrivateVPN,CY,Cyprus,197648,CL8ASN1,lt-50,1,lt-50,lt-50,88.0,VPN-Infrastructure-Atlas
PrivateVPN,CY,Cyprus,6866,CYTA-NETWORK Internet Services,lt-50,1,lt-50,lt-50,95.0,VPN-Infrastructure-Atlas
PrivateVPN,CZ,Czechia,9009,M247,lt-50,1,lt-50,lt-50,95.0,VPN-Infrastructure-Atlas
PrivateVPN,DE,Germany,207821,INTERNETBOLAGET-DE,lt-50,1,lt-50,lt-50,95.0,VPN-Infrastructure-Atlas
PrivateVPN,EE,Estonia,202759,FAIRYHOSTING,lt-50,1,lt-50,lt-50,88.0,VPN-Infrastructure-Atlas
PrivateVPN,FI,Finland,16302,SUOMICOMMUNICATIONS,lt-50,1,lt-50,lt-50,88.0,VPN-Infrastructure-Atlas
PrivateVPN,GB,United Kingdom,25369,BANDWIDTH-AS,lt-50,1,lt-50,lt-50,95.0,VPN-Infrastructure-Atlas
PrivateVPN,GB,United Kingdom,9009,M247,lt-50,1,lt-50,lt-50,95.0,VPN-Infrastructure-Atlas
PrivateVPN,GR,Greece,60068,CDN77 _,lt-50,1,lt-50,lt-50,95.0,VPN-Infrastructure-Atlas
PrivateVPN,HK,Hong Kong,60068,CDN77 _,lt-50,1,lt-50,lt-50,95.0,VPN-Infrastructure-Atlas
PrivateVPN,HR,Croatia,29485,AMIS,lt-50,1,lt-50,lt-50,95.0,VPN-Infrastructure-Atlas
PrivateVPN,HU,Hungary,9009,M247,lt-50,1,lt-50,lt-50,95.0,VPN-Infrastructure-Atlas
PrivateVPN,ID,Indonesia,21859,ZEN-ECN,lt-50,1,lt-50,lt-50,95.0,VPN-Infrastructure-Atlas
PrivateVPN,IE,Ireland,9009,M247,lt-50,1,lt-50,lt-50,95.0,VPN-Infrastructure-Atlas
PrivateVPN,IL,Israel,199524,GCORE,lt-50,1,lt-50,lt-50,88.0,VPN-Infrastructure-Atlas
PrivateVPN,IM,Isle of Man,24851,UK-NETCETERA Netcetera Autonomous System Peers,lt-50,1,lt-50,lt-50,95.0,VPN-Infrastructure-Atlas
PrivateVPN,IS,Iceland,50613,THORDC-AS,lt-50,1,lt-50,lt-50,95.0,VPN-Infrastructure-Atlas
PrivateVPN,KR,South Korea,199524,GCORE,lt-50,1,lt-50,lt-50,95.0,VPN-Infrastructure-Atlas
PrivateVPN,LT,Lithuania,212531,INTERNETO-VIZIJA,lt-50,1,lt-50,lt-50,95.0,VPN-Infrastructure-Atlas
PrivateVPN,LU,Luxembourg,199524,GCORE,lt-50,1,lt-50,lt-50,88.0,VPN-Infrastructure-Atlas
PrivateVPN,LV,Latvia,20910,BALTKOM-AS,lt-50,1,lt-50,lt-50,95.0,VPN-Infrastructure-Atlas
PrivateVPN,MD,Moldova,43289,TRABIA,lt-50,1,lt-50,lt-50,95.0,VPN-Infrastructure-Atlas
PrivateVPN,MT,Malta,200805,MELITACABLE,lt-50,1,lt-50,lt-50,95.0,VPN-Infrastructure-Atlas
PrivateVPN,MX,Mexico,18747,IFX18747,lt-50,1,lt-50,lt-50,95.0,VPN-Infrastructure-Atlas
PrivateVPN,MY,Malaysia,21859,ZEN-ECN,lt-50,1,lt-50,lt-50,95.0,VPN-Infrastructure-Atlas
PrivateVPN,NZ,New Zealand,136557,HOST-AS-AP Host Universal Pty Ltd,lt-50,1,lt-50,lt-50,95.0,VPN-Infrastructure-Atlas
PrivateVPN,PA,Panama,18747,IFX18747,lt-50,1,lt-50,lt-50,95.0,VPN-Infrastructure-Atlas
PrivateVPN,PE,Peru,22411,GTD PERU S.A,lt-50,1,lt-50,lt-50,95.0,VPN-Infrastructure-Atlas
PrivateVPN,PH,Philippines,21859,ZEN-ECN,lt-50,1,lt-50,lt-50,95.0,VPN-Infrastructure-Atlas
PrivateVPN,PT,Portugal,24768,ALMOUROLTEC,lt-50,1,lt-50,lt-50,95.0,VPN-Infrastructure-Atlas
PrivateVPN,RO,Romania,9009,M247,lt-50,1,lt-50,lt-50,95.0,VPN-Infrastructure-Atlas
PrivateVPN,RS,Serbia,9009,M247,lt-50,1,lt-50,lt-50,95.0,VPN-Infrastructure-Atlas
PrivateVPN,SE,Sweden,204302,AUTO1-RIPE,lt-50,1,lt-50,lt-50,95.0,VPN-Infrastructure-Atlas
PrivateVPN,SG,Singapore,60068,CDN77 _,lt-50,1,lt-50,lt-50,95.0,VPN-Infrastructure-Atlas
PrivateVPN,SK,Slovakia,201924,LERTAS-AS,lt-50,1,lt-50,lt-50,95.0,VPN-Infrastructure-Atlas
PrivateVPN,TH,Thailand,58955,"BANGMODENTERPRISE-TH Bangmod Enterprise Co., Ltd.",lt-50,1,lt-50,lt-50,95.0,VPN-Infrastructure-Atlas
PrivateVPN,TR,Türkiye,202422,GHOST,lt-50,1,lt-50,lt-50,95.0,VPN-Infrastructure-Atlas
PrivateVPN,TW,Taiwan,9678,HOSTINGINSIDE HostingInside LTD.,lt-50,1,lt-50,lt-50,95.0,VPN-Infrastructure-Atlas
PrivateVPN,UA,Ukraine,3236,SERVER server.ua,lt-50,1,lt-50,lt-50,95.0,VPN-Infrastructure-Atlas
PrivateVPN,US,United States,18747,IFX18747,lt-50,1,lt-50,lt-50,95.0,VPN-Infrastructure-Atlas
PrivateVPN,US,United States,21859,ZEN-ECN,lt-50,1,lt-50,lt-50,88.0,VPN-Infrastructure-Atlas
PrivateVPN,US,United States,7979,SERVERS-COM,lt-50,1,lt-50,lt-50,95.0,VPN-Infrastructure-Atlas
PrivateVPN,VN,Vietnam,24085,QTSC-AS-VN Quang Trung Software City Development Company,lt-50,1,lt-50,lt-50,95.0,VPN-Infrastructure-Atlas
ProtonVPN,AU,Australia,137409,GSLNETWORKS-AS-AP GSL Networks Pty LTD,lt-50,1,lt-50,lt-50,95.0,VPN-Infrastructure-Atlas
ProtonVPN,BA,Bosnia and Herzegovina,200698,GLOBALHOST-BOSNIA-AS,lt-50,1,lt-50,lt-50,95.0,VPN-Infrastructure-Atlas
ProtonVPN,CA,Canada,32489,AMANAHA-NEW,lt-50,1,lt-50,lt-50,95.0,VPN-Infrastructure-Atlas
ProtonVPN,CY,Cyprus,35432,CABLENET-AS,lt-50,1,lt-50,lt-50,95.0,VPN-Infrastructure-Atlas
ProtonVPN,EU,European Union,1257,TELE2,lt-50,1,lt-50,lt-50,95.0,VPN-Infrastructure-Atlas
ProtonVPN,FI,Finland,51765,CREANOVA-AS Oy Creanova Hosting Solutions Ltd.,lt-50,1,lt-50,lt-50,95.0,VPN-Infrastructure-Atlas
ProtonVPN,GB,United Kingdom,58065,PACKETEXCHANGE,lt-50,1,lt-50,lt-50,95.0,VPN-Infrastructure-Atlas
ProtonVPN,HR,Croatia,12417,DHH-AS,lt-50,1,lt-50,lt-50,95.0,VPN-Infrastructure-Atlas
ProtonVPN,ID,Indonesia,137373,IDNIC-SUITEN-AS-ID PT. SUITEN INOVASI SUKSES,lt-50,1,lt-50,lt-50,95.0,VPN-Infrastructure-Atlas
ProtonVPN,IN,India,203020,HOSTROYALE,lt-50,1,lt-50,lt-50,95.0,VPN-Infrastructure-Atlas
ProtonVPN,JP,Japan,4785,XTOM-AS-JP xTom,lt-50,1,lt-50,lt-50,95.0,VPN-Infrastructure-Atlas
ProtonVPN,LT,Lithuania,61272,IST-AS,lt-50,1,lt-50,lt-50,95.0,VPN-Infrastructure-Atlas
ProtonVPN,MD,Moldova,39798,MIVOCLOUD,lt-50,1,lt-50,lt-50,95.0,VPN-Infrastructure-Atlas
ProtonVPN,MK,North Macedonia,200899,INTERSPACE-EUROPE,lt-50,1,lt-50,lt-50,95.0,VPN-Infrastructure-Atlas
ProtonVPN,NL,Netherlands,51430,ALTUS,lt-50,1,lt-50,lt-50,95.0,VPN-Infrastructure-Atlas
ProtonVPN,PS,Palestine,12975,PALTEL-AS PALTEL Autonomous System,lt-50,1,lt-50,lt-50,95.0,VPN-Infrastructure-Atlas
ProtonVPN,SC,Seychelles,37518,FIBERGRID,lt-50,1,lt-50,lt-50,95.0,VPN-Infrastructure-Atlas
ProtonVPN,SE,Sweden,8473,BAHNHOF,lt-50,1,lt-50,lt-50,95.0,VPN-Infrastructure-Atlas
ProtonVPN,TW,Taiwan,9678,HOSTINGINSIDE HostingInside LTD.,lt-50,1,lt-50,lt-50,95.0,VPN-Infrastructure-Atlas
ProtonVPN,US,United States,46475,LIMESTONENETWORKS,lt-50,1,lt-50,lt-50,95.0,VPN-Infrastructure-Atlas
ProtonVPN,US,United States,939,USA-2022,lt-50,1,lt-50,lt-50,95.0,VPN-Infrastructure-Atlas
Proxpn,CH,Switzerland,29691,NINE,lt-50,1,lt-50,lt-50,78.0,VPN-Infrastructure-Atlas
Proxpn,CR,Costa Rica,3790,RADIOGRAFICA COSTARRICENSE,lt-50,1,lt-50,lt-50,78.0,VPN-Infrastructure-Atlas
Proxpn,HK,Hong Kong,133752,LEASEWEB-APAC-HKG-10 LEASEWEB HONG KONG LIMITED,lt-50,1,lt-50,lt-50,78.0,VPN-Infrastructure-Atlas
Proxpn,IS,Iceland,50613,THORDC-AS,lt-50,1,lt-50,lt-50,78.0,VPN-Infrastructure-Atlas
PureVPN,AU,Australia,133480,INT-5GN-AS-AP 5G NETWORK OPERATIONS PTY LTD,lt-50,1,lt-50,lt-50,88.0,VPN-Infrastructure-Atlas
PureVPN,GB,United Kingdom,213790,LIMITEDNETWORK-AS,lt-50,1,lt-50,lt-50,88.0,VPN-Infrastructure-Atlas
PureVPN,US,United States,30633,LEASEWEB-USA-WDC,lt-50,1,lt-50,lt-50,88.0,VPN-Infrastructure-Atlas
PureVPN,US,United States,393886,LEASEWEB-USA-MIA,lt-50,1,lt-50,lt-50,88.0,VPN-Infrastructure-Atlas
RedShield VPN,CA,Canada,62563,AS-GLOBALTELEHOST,lt-50,1,lt-50,lt-50,95.0,VPN-Infrastructure-Atlas
RedShield VPN,FI,Finland,51765,CREANOVA-AS Oy Creanova Hosting Solutions Ltd.,lt-50,1,lt-50,lt-50,95.0,VPN-Infrastructure-Atlas
RedShield VPN,TH,Thailand,58955,"BANGMODENTERPRISE-TH Bangmod Enterprise Co., Ltd.",lt-50,1,lt-50,lt-50,95.0,VPN-Infrastructure-Atlas
RedShield VPN,TR,Türkiye,207459,AS-TEKNOSOS-INT,lt-50,1,lt-50,lt-50,95.0,VPN-Infrastructure-Atlas
Riseup VPN,US,United States,4224,CALYX-AS,lt-50,1,lt-50,lt-50,95.0,VPN-Infrastructure-Atlas
Safervpn,CH,Switzerland,29691,NINE,lt-50,1,lt-50,lt-50,78.0,VPN-Infrastructure-Atlas
Safervpn,CY,Cyprus,197648,CL8ASN1,lt-50,1,lt-50,lt-50,78.0,VPN-Infrastructure-Atlas
Safervpn,ES,Spain,39020,COMVIVE-AS Seville - Spain,lt-50,1,lt-50,lt-50,78.0,VPN-Infrastructure-Atlas
Safervpn,FI,Finland,202053,UPCLOUD,lt-50,1,lt-50,lt-50,78.0,VPN-Infrastructure-Atlas
Safervpn,FR,France,12876,Online SAS,lt-50,1,lt-50,lt-50,78.0,VPN-Infrastructure-Atlas
Safervpn,GB,United Kingdom,20860,IOMART-AS,lt-50,1,lt-50,lt-50,78.0,VPN-Infrastructure-Atlas
Safervpn,HK,Hong Kong,133752,LEASEWEB-APAC-HKG-10 LEASEWEB HONG KONG LIMITED,lt-50,1,lt-50,lt-50,78.0,VPN-Infrastructure-Atlas
Safervpn,HU,Hungary,210772,NEWPUSH,lt-50,1,lt-50,lt-50,78.0,VPN-Infrastructure-Atlas
Safervpn,IL,Israel,1680,NV-ASN CELLCOM ltd.,lt-50,1,lt-50,lt-50,78.0,VPN-Infrastructure-Atlas
Safervpn,NL,Netherlands,51430,ALTUS,lt-50,1,lt-50,lt-50,78.0,VPN-Infrastructure-Atlas
Safervpn,NL,Netherlands,60404,LITESERVER,lt-50,1,lt-50,lt-50,78.0,VPN-Infrastructure-Atlas
Safervpn,NO,Norway,34989,SERVETHEWORLD-AS,lt-50,1,lt-50,lt-50,78.0,VPN-Infrastructure-Atlas
Safervpn,PT,Portugal,204094,I4W,lt-50,1,lt-50,lt-50,78.0,VPN-Infrastructure-Atlas
Safervpn,RO,Romania,9009,M247,lt-50,1,lt-50,lt-50,78.0,VPN-Infrastructure-Atlas
Safervpn,TH,Thailand,23884,PROENNET-AS Proen Corp Public Company Limited.,lt-50,1,lt-50,lt-50,78.0,VPN-Infrastructure-Atlas
Safervpn,US,United States,27257,WEBAIR-INTERNET,lt-50,1,lt-50,lt-50,78.0,VPN-Infrastructure-Atlas
Safervpn,US,United States,27323,SERVERSTADIUM,lt-50,1,lt-50,lt-50,78.0,VPN-Infrastructure-Atlas
Safervpn,US,United States,61138,ZAPPIE-HOST-AS Zappie Host,lt-50,1,lt-50,lt-50,78.0,VPN-Infrastructure-Atlas
Safervpn,ZA,South Africa,37153,xneelo,lt-50,1,lt-50,lt-50,78.0,VPN-Infrastructure-Atlas
Sentinel dVPN,AE,United Arab Emirates,211273,-Reserved AS-,lt-50,1,lt-50,lt-50,95.0,VPN-Infrastructure-Atlas
Sentinel dVPN,AE,United Arab Emirates,216382,LAYER,lt-50,1,lt-50,lt-50,95.0,VPN-Infrastructure-Atlas
Sentinel dVPN,AL,Albania,213900,RS,lt-50,1,lt-50,lt-50,95.0,VPN-Infrastructure-Atlas
Sentinel dVPN,AR,Argentina,27879,Informatica y Telecomunicaciones S.A.,lt-50,1,lt-50,lt-50,95.0,VPN-Infrastructure-Atlas
Sentinel dVPN,AT,Austria,40994,"ALWYZON Alwyzon, a trading name of Hohl IT e.U.",lt-50,1,lt-50,lt-50,95.0,VPN-Infrastructure-Atlas
Sentinel dVPN,AU,Australia,133159,MAMMOTHMEDIA-AS-AP Mammoth Media Pty Ltd,lt-50,1,lt-50,lt-50,95.0,VPN-Infrastructure-Atlas
Sentinel dVPN,AU,Australia,133480,INT-5GN-AS-AP 5G NETWORK OPERATIONS PTY LTD,lt-50,1,lt-50,lt-50,95.0,VPN-Infrastructure-Atlas
Sentinel dVPN,AU,Australia,142064,VERGETEL1-AS-AP VERGETEL,lt-50,1,lt-50,lt-50,95.0,VPN-Infrastructure-Atlas
Sentinel dVPN,BG,Bulgaria,203380,DAINTERNATIONALGROUP,lt-50,1,lt-50,lt-50,95.0,VPN-Infrastructure-Atlas
Sentinel dVPN,CA,Canada,26832,RICAWEBSERVICES,lt-50,1,lt-50,lt-50,95.0,VPN-Infrastructure-Atlas
Sentinel dVPN,CA,Canada,32613,IWEB-AS,lt-50,1,lt-50,lt-50,95.0,VPN-Infrastructure-Atlas
Sentinel dVPN,CA,Canada,401665,HOSTBILBY,lt-50,1,lt-50,lt-50,95.0,VPN-Infrastructure-Atlas
Sentinel dVPN,CA,Canada,62563,AS-GLOBALTELEHOST,lt-50,1,lt-50,lt-50,95.0,VPN-Infrastructure-Atlas
Sentinel dVPN,CL,Chile,270013,J AND J SPA INFOFRACTAL,lt-50,1,lt-50,lt-50,95.0,VPN-Infrastructure-Atlas
Sentinel dVPN,CN,China,198588,TUNGSTEN,lt-50,1,lt-50,lt-50,95.0,VPN-Infrastructure-Atlas
Sentinel dVPN,CN,China,210634,YESONGIT,lt-50,1,lt-50,lt-50,95.0,VPN-Infrastructure-Atlas
Sentinel dVPN,CR,Costa Rica,52423,Data Miners S.A.  Racknation.cr,lt-50,1,lt-50,lt-50,95.0,VPN-Infrastructure-Atlas
Sentinel dVPN,CZ,Czechia,24971,MASTER-AS Czech Republic  www.master.cz,lt-50,1,lt-50,lt-50,95.0,VPN-Infrastructure-Atlas
Sentinel dVPN,CZ,Czechia,8251,NFX_ZSPO,lt-50,1,lt-50,lt-50,95.0,VPN-Infrastructure-Atlas
Sentinel dVPN,DE,Germany,197540,NETCUP-AS netcup GmbH,lt-50,1,lt-50,lt-50,95.0,VPN-Infrastructure-Atlas
Sentinel dVPN,DE,Germany,215859,HETZNER-CLOUD4-AS,lt-50,1,lt-50,lt-50,95.0,VPN-Infrastructure-Atlas
Sentinel dVPN,DE,Germany,24961,MYLOC-AS IP Backbone of WIIT AG formerly myLoc managed IT AG,lt-50,1,lt-50,lt-50,95.0,VPN-Infrastructure-Atlas
Sentinel dVPN,DE,Germany,47447,TTM,lt-50,1,lt-50,lt-50,95.0,VPN-Infrastructure-Atlas
Sentinel dVPN,DE,Germany,48314,IP-PROJECTS,lt-50,1,lt-50,lt-50,95.0,VPN-Infrastructure-Atlas
Sentinel dVPN,DE,Germany,51202,NUXOA,lt-50,1,lt-50,lt-50,95.0,VPN-Infrastructure-Atlas
Sentinel dVPN,DK,Denmark,44803,WEBDOCK-AS,lt-50,1,lt-50,lt-50,95.0,VPN-Infrastructure-Atlas
Sentinel dVPN,EE,Estonia,207083,HOSTSLIM-GLOBAL-NETWORK,lt-50,1,lt-50,lt-50,95.0,VPN-Infrastructure-Atlas
Sentinel dVPN,ES,Spain,41608,NEXTGENWEBS-NL,lt-50,1,lt-50,lt-50,95.0,VPN-Infrastructure-Atlas
Sentinel dVPN,FR,France,29447,TIF-AS Iliad Italia S.p.A,lt-50,1,lt-50,lt-50,95.0,VPN-Infrastructure-Atlas
Sentinel dVPN,FR,France,3215,France Telecom - Orange,lt-50,1,lt-50,lt-50,95.0,VPN-Infrastructure-Atlas
Sentinel dVPN,FR,France,5410,BOUYGTEL-ISP,lt-50,1,lt-50,lt-50,95.0,VPN-Infrastructure-Atlas
Sentinel dVPN,GB,United Kingdom,203363,KUROIT Kuroit Limited,lt-50,1,lt-50,lt-50,95.0,VPN-Infrastructure-Atlas
Sentinel dVPN,GB,United Kingdom,203758,AARONSMITH-AS,lt-50,1,lt-50,lt-50,95.0,VPN-Infrastructure-Atlas
Sentinel dVPN,GB,United Kingdom,204044,ONLYSERVERS Dedicated Server Hosting Provider,lt-50,1,lt-50,lt-50,95.0,VPN-Infrastructure-Atlas
Sentinel dVPN,GB,United Kingdom,205090,FIRST-SERVER-EUROPE,lt-50,1,lt-50,lt-50,95.0,VPN-Infrastructure-Atlas
Sentinel dVPN,GB,United Kingdom,209243,QUICKHOSTUK,lt-50,1,lt-50,lt-50,95.0,VPN-Infrastructure-Atlas
Sentinel dVPN,GB,United Kingdom,212027,PEBBLEHOST,lt-50,1,lt-50,lt-50,95.0,VPN-Infrastructure-Atlas
Sentinel dVPN,GB,United Kingdom,215089,FASTPANDA,lt-50,1,lt-50,lt-50,95.0,VPN-Infrastructure-Atlas
Sentinel dVPN,GB,United Kingdom,5607,BSKYB-BROADBAND-AS,lt-50,1,lt-50,lt-50,95.0,VPN-Infrastructure-Atlas
Sentinel dVPN,GE,Georgia,16010,MAGTICOMAS Magticom,lt-50,1,lt-50,lt-50,95.0,VPN-Infrastructure-Atlas
Sentinel dVPN,HK,Hong Kong,133752,LEASEWEB-APAC-HKG-10 LEASEWEB HONG KONG LIMITED,lt-50,1,lt-50,lt-50,95.0,VPN-Infrastructure-Atlas
Sentinel dVPN,HK,Hong Kong,151407,HNSL-AS-AP Hytron Network Services Limited,lt-50,1,lt-50,lt-50,95.0,VPN-Infrastructure-Atlas
Sentinel dVPN,HK,Hong Kong,154177,LIGHT4-AS-AP LIGHT NODE LIMITED,lt-50,1,lt-50,lt-50,95.0,VPN-Infrastructure-Atlas
Sentinel dVPN,HK,Hong Kong,4760,HKTIMS-AP HKT Limited,lt-50,1,lt-50,lt-50,95.0,VPN-Infrastructure-Atlas
Sentinel dVPN,HK,Hong Kong,7489,HOSTUS-GLOBAL-AS HostUS,lt-50,1,lt-50,lt-50,95.0,VPN-Infrastructure-Atlas
Sentinel dVPN,HK,Hong Kong,9269,HKBN-AS-AP Hong Kong Broadband Network Ltd.,lt-50,1,lt-50,lt-50,95.0,VPN-Infrastructure-Atlas
Sentinel dVPN,ID,Indonesia,133800,IDNIC-BIZNETGIO-AS-ID PT Biznet Gio Nusantara,lt-50,1,lt-50,lt-50,95.0,VPN-Infrastructure-Atlas
Sentinel dVPN,ID,Indonesia,140443,IDNIC-HERZA-AS-ID PT Herza Digital Indonesia,lt-50,1,lt-50,lt-50,95.0,VPN-Infrastructure-Atlas
Sentinel dVPN,IL,Israel,44709,CLOUDWEBMANAGE-,lt-50,1,lt-50,lt-50,95.0,VPN-Infrastructure-Atlas
Sentinel dVPN,IN,India,152565,JOYSVC-AS-IN JOY SERVICES,lt-50,1,lt-50,lt-50,95.0,VPN-Infrastructure-Atlas
Sentinel dVPN,IS,Iceland,44925,THE-1984-AS,lt-50,1,lt-50,lt-50,95.0,VPN-Infrastructure-Atlas
Sentinel dVPN,IS,Iceland,50613,THORDC-AS,lt-50,1,lt-50,lt-50,95.0,VPN-Infrastructure-Atlas
Sentinel dVPN,IT,Italy,213791,XENIAHOSTING,lt-50,1,lt-50,lt-50,95.0,VPN-Infrastructure-Atlas
Sentinel dVPN,IT,Italy,30722,VODAFONE-IT-ASN,lt-50,1,lt-50,lt-50,95.0,VPN-Infrastructure-Atlas
Sentinel dVPN,JM,Jamaica,33576,DIG001,lt-50,1,lt-50,lt-50,95.0,VPN-Infrastructure-Atlas
Sentinel dVPN,JO,Jordan,9038,BAT-AS9038,lt-50,1,lt-50,lt-50,95.0,VPN-Infrastructure-Atlas
Sentinel dVPN,MY,Malaysia,137552,TTSB-AS-AP Terabix,lt-50,1,lt-50,lt-50,95.0,VPN-Infrastructure-Atlas
Sentinel dVPN,MY,Malaysia,149440,EVOXTENTERPRISE-AS-AP Evoxt Enterprise,lt-50,1,lt-50,lt-50,95.0,VPN-Infrastructure-Atlas
Sentinel dVPN,MY,Malaysia,154376,CLOUDVALLEY-AS-AP Cloudvalley Sdn. Bhd.,lt-50,1,lt-50,lt-50,95.0,VPN-Infrastructure-Atlas
Sentinel dVPN,NL,Netherlands,210429,HIZAKURA-,lt-50,1,lt-50,lt-50,95.0,VPN-Infrastructure-Atlas
Sentinel dVPN,NL,Netherlands,214668,AXUSHOST,lt-50,1,lt-50,lt-50,95.0,VPN-Infrastructure-Atlas
Sentinel dVPN,NL,Netherlands,214970,STREADER,lt-50,1,lt-50,lt-50,95.0,VPN-Infrastructure-Atlas
Sentinel dVPN,NL,Netherlands,33915,TNF-AS,lt-50,1,lt-50,lt-50,95.0,VPN-Infrastructure-Atlas
Sentinel dVPN,NL,Netherlands,57043,HOSTKEY-AS,lt-50,1,lt-50,lt-50,95.0,VPN-Infrastructure-Atlas
Sentinel dVPN,NL,Netherlands,57717,FBX-AS,lt-50,1,lt-50,lt-50,95.0,VPN-Infrastructure-Atlas
Sentinel dVPN,NZ,New Zealand,9790,TWO-DEGREES-AS-AP Two Degrees Networks Limited,lt-50,1,lt-50,lt-50,95.0,VPN-Infrastructure-Atlas
Sentinel dVPN,PL,Poland,5617,TPNET,lt-50,1,lt-50,lt-50,95.0,VPN-Infrastructure-Atlas
Sentinel dVPN,PT,Portugal,209874,TECHTIDE,lt-50,1,lt-50,lt-50,95.0,VPN-Infrastructure-Atlas
Sentinel dVPN,PT,Portugal,24768,ALMOUROLTEC,lt-50,1,lt-50,lt-50,95.0,VPN-Infrastructure-Atlas
Sentinel dVPN,RO,Romania,39347,SELL-AS Orasul Navodari - Primaria Navodari,lt-50,1,lt-50,lt-50,95.0,VPN-Infrastructure-Atlas
Sentinel dVPN,RO,Romania,8708,RCS-RDS 73-75 Dr. Staicovici,lt-50,1,lt-50,lt-50,95.0,VPN-Infrastructure-Atlas
Sentinel dVPN,SC,Seychelles,213438,COLOCATEL-INC Colocatel Network - High Bandwidth Dedicated Servers,lt-50,1,lt-50,lt-50,95.0,VPN-Infrastructure-Atlas
Sentinel dVPN,SE,Sweden,214640,HOSTUP HOSTUP,lt-50,1,lt-50,lt-50,95.0,VPN-Infrastructure-Atlas
Sentinel dVPN,SE,Sweden,49770,INTERNETPORT-AS,lt-50,1,lt-50,lt-50,95.0,VPN-Infrastructure-Atlas
Sentinel dVPN,SE,Sweden,8434,TELENOR-SE Telenor Sverige AB,lt-50,1,lt-50,lt-50,95.0,VPN-Infrastructure-Atlas
Sentinel dVPN,TH,Thailand,9931,"CAT-AP The Communication Authoity of Thailand, CAT",lt-50,1,lt-50,lt-50,95.0,VPN-Infrastructure-Atlas
Sentinel dVPN,TR,Türkiye,12735,ASTURKNET,lt-50,1,lt-50,lt-50,95.0,VPN-Infrastructure-Atlas
Sentinel dVPN,TR,Türkiye,62425,KUZEYDC,lt-50,1,lt-50,lt-50,95.0,VPN-Infrastructure-Atlas
Sentinel dVPN,UA,Ukraine,42655,BESTHOSTING-AS,lt-50,1,lt-50,lt-50,95.0,VPN-Infrastructure-Atlas
Sentinel dVPN,UA,Ukraine,48031,XSERVERCLOUD,lt-50,1,lt-50,lt-50,95.0,VPN-Infrastructure-Atlas
Sentinel dVPN,US,United States,14061,DIGITALOCEAN-ASN,lt-50,1,lt-50,lt-50,95.0,VPN-Infrastructure-Atlas
Sentinel dVPN,US,United States,14956,ROUTERHOSTING,lt-50,1,lt-50,lt-50,95.0,VPN-Infrastructure-Atlas
Sentinel dVPN,US,United States,174,COGENT-174,lt-50,1,lt-50,lt-50,95.0,VPN-Infrastructure-Atlas
Sentinel dVPN,US,United States,19318,IS-AS-1,lt-50,1,lt-50,lt-50,95.0,VPN-Infrastructure-Atlas
Sentinel dVPN,US,United States,214483,FIBERPOWER-AS,lt-50,1,lt-50,lt-50,95.0,VPN-Infrastructure-Atlas
Sentinel dVPN,US,United States,36530,FUTURE-LAIN,lt-50,1,lt-50,lt-50,95.0,VPN-Infrastructure-Atlas
Sentinel dVPN,US,United States,44382,WHITELABEL,lt-50,1,lt-50,lt-50,95.0,VPN-Infrastructure-Atlas
Sentinel dVPN,US,United States,46844,SHARKTECH,lt-50,1,lt-50,lt-50,95.0,VPN-Infrastructure-Atlas
Sentinel dVPN,US,United States,63023,AS-GLOBALTELEHOST,lt-50,1,lt-50,lt-50,95.0,VPN-Infrastructure-Atlas
Sentinel dVPN,US,United States,701,UUNET,lt-50,1,lt-50,lt-50,95.0,VPN-Infrastructure-Atlas
Sentinel dVPN,US,United States,7018,ATT-INTERNET4,lt-50,1,lt-50,lt-50,95.0,VPN-Infrastructure-Atlas
Sentinel dVPN,VN,Vietnam,18403,FPT-AS-AP FPT Telecom Company,lt-50,1,lt-50,lt-50,95.0,VPN-Infrastructure-Atlas
Sentinel dVPN,ZA,South Africa,328364,Host-Africa-AS,lt-50,1,lt-50,lt-50,95.0,VPN-Infrastructure-Atlas
Sentinel dVPN,ZA,South Africa,37153,xneelo,lt-50,1,lt-50,lt-50,95.0,VPN-Infrastructure-Atlas
SlickVPN,AT,Austria,57169,EDIS-AS-EU,lt-50,1,lt-50,lt-50,88.0,VPN-Infrastructure-Atlas
SlickVPN,SG,Singapore,63949,AKAMAI-LINODE-AP Akamai Connected Cloud,lt-50,1,lt-50,lt-50,88.0,VPN-Infrastructure-Atlas
SlickVPN,US,United States,10297,ENET-2,lt-50,1,lt-50,lt-50,88.0,VPN-Infrastructure-Atlas
SlickVPN,US,United States,23470,RELIABLESITE,lt-50,1,lt-50,lt-50,88.0,VPN-Infrastructure-Atlas
SlickVPN,US,United States,33083,AXCELX-NET,lt-50,1,lt-50,lt-50,88.0,VPN-Infrastructure-Atlas
SlickVPN,US,United States,33387,NOCIX,lt-50,1,lt-50,lt-50,88.0,VPN-Infrastructure-Atlas
SlickVPN,US,United States,40156,THEOPT-HOU,lt-50,1,lt-50,lt-50,88.0,VPN-Infrastructure-Atlas
SlickVPN,US,United States,46261,QUICKPACKET,lt-50,1,lt-50,lt-50,88.0,VPN-Infrastructure-Atlas
SlickVPN,US,United States,6428,CDM,lt-50,1,lt-50,lt-50,88.0,VPN-Infrastructure-Atlas
SmartVPN,CH,Switzerland,29691,NINE,lt-50,1,lt-50,lt-50,88.0,VPN-Infrastructure-Atlas
SmartVPN,ES,Spain,39020,COMVIVE-AS Seville - Spain,lt-50,1,lt-50,lt-50,88.0,VPN-Infrastructure-Atlas
SmartVPN,FR,France,12876,Online SAS,lt-50,1,lt-50,lt-50,88.0,VPN-Infrastructure-Atlas
SmartVPN,IL,Israel,61102,INTERHOST,lt-50,1,lt-50,lt-50,88.0,VPN-Infrastructure-Atlas
SmartVPN,SE,Sweden,42708,GLESYS glesys.com,lt-50,1,lt-50,lt-50,88.0,VPN-Infrastructure-Atlas
SmartVPN,SI,Slovenia,48894,OPTIMUS-AS,lt-50,1,lt-50,lt-50,88.0,VPN-Infrastructure-Atlas
Smartdnsproxy,AT,Austria,57169,EDIS-AS-EU,lt-50,1,lt-50,lt-50,78.0,VPN-Infrastructure-Atlas
Smartdnsproxy,CA,Canada,32489,AMANAHA-NEW,lt-50,1,lt-50,lt-50,78.0,VPN-Infrastructure-Atlas
Smartdnsproxy,DK,Denmark,30736,ASERGO-AS,lt-50,1,lt-50,lt-50,78.0,VPN-Infrastructure-Atlas
Smartdnsproxy,GB,United Kingdom,20860,IOMART-AS,lt-50,1,lt-50,lt-50,78.0,VPN-Infrastructure-Atlas
Smartdnsproxy,GB,United Kingdom,212238,CDNEXT,lt-50,1,lt-50,lt-50,78.0,VPN-Infrastructure-Atlas
Smartdnsproxy,GR,Greece,47521,IPHOST .GR IpDomain,lt-50,1,lt-50,lt-50,78.0,VPN-Infrastructure-Atlas
Smartdnsproxy,IT,Italy,49367,ASSEFLOW,lt-50,1,lt-50,lt-50,78.0,VPN-Infrastructure-Atlas
Smartdnsproxy,NO,Norway,34989,SERVETHEWORLD-AS,lt-50,1,lt-50,lt-50,78.0,VPN-Infrastructure-Atlas
Smartdnsproxy,PA,Panama,51852,PLI-AS,lt-50,1,lt-50,lt-50,78.0,VPN-Infrastructure-Atlas
Smartdnsproxy,SE,Sweden,42708,GLESYS glesys.com,lt-50,1,lt-50,lt-50,78.0,VPN-Infrastructure-Atlas
Smartdnsproxy,TR,Türkiye,49334,SH-COM-,lt-50,1,lt-50,lt-50,78.0,VPN-Infrastructure-Atlas
Smartdnsproxy,US,United States,40676,AS40676 - Psychz Networks,lt-50,1,lt-50,lt-50,78.0,VPN-Infrastructure-Atlas
Smartdnsproxy,US,United States,6364,ATLANTIC-NET-1,lt-50,1,lt-50,lt-50,78.0,VPN-Infrastructure-Atlas
SotaVPN,LV,Latvia,42532,VEESP-LV-AS,lt-50,1,lt-50,lt-50,95.0,VPN-Infrastructure-Atlas
SotaVPN,NL,Netherlands,60404,LITESERVER,lt-50,1,lt-50,lt-50,95.0,VPN-Infrastructure-Atlas
StrongVPN,FI,Finland,51765,CREANOVA-AS Oy Creanova Hosting Solutions Ltd.,lt-50,1,lt-50,lt-50,80.0,VPN-Infrastructure-Atlas
StrongVPN,US,United States,396356,LATITUDE-SH,lt-50,1,lt-50,lt-50,95.0,VPN-Infrastructure-Atlas
StrongVPN,US,United States,46562,PERFORMIVE,lt-50,1,lt-50,lt-50,80.0,VPN-Infrastructure-Atlas
Surfshark,AT,Austria,212238,CDNEXT,lt-50,1,lt-50,lt-50,95.0,VPN-Infrastructure-Atlas
Surfshark,AU,Australia,212238,CDNEXT,lt-50,1,lt-50,lt-50,95.0,VPN-Infrastructure-Atlas
Surfshark,BG,Bulgaria,212238,CDNEXT,lt-50,1,lt-50,lt-50,95.0,VPN-Infrastructure-Atlas
Surfshark,BG,Bulgaria,9009,M247,lt-50,1,lt-50,lt-50,95.0,VPN-Infrastructure-Atlas
Surfshark,BR,Brazil,203020,HOSTROYALE,lt-50,1,lt-50,lt-50,95.0,VPN-Infrastructure-Atlas
Surfshark,BR,Brazil,9009,M247,lt-50,1,lt-50,lt-50,95.0,VPN-Infrastructure-Atlas
Surfshark,CA,Canada,209854,CYBERZONEHUB,lt-50,1,lt-50,lt-50,95.0,VPN-Infrastructure-Atlas
Surfshark,CA,Canada,9009,M247,lt-50,1,lt-50,lt-50,95.0,VPN-Infrastructure-Atlas
Surfshark,CH,Switzerland,25369,BANDWIDTH-AS,lt-50,1,lt-50,lt-50,95.0,VPN-Infrastructure-Atlas
Surfshark,CH,Switzerland,60068,CDN77 _,lt-50,1,lt-50,lt-50,95.0,VPN-Infrastructure-Atlas
Surfshark,CZ,Czechia,60068,CDN77 _,lt-50,1,lt-50,lt-50,95.0,VPN-Infrastructure-Atlas
Surfshark,CZ,Czechia,9009,M247,lt-50,1,lt-50,lt-50,95.0,VPN-Infrastructure-Atlas
Surfshark,DE,Germany,212238,CDNEXT,lt-50,1,lt-50,lt-50,95.0,VPN-Infrastructure-Atlas
Surfshark,DE,Germany,9009,M247,lt-50,1,lt-50,lt-50,95.0,VPN-Infrastructure-Atlas
Surfshark,ES,Spain,209854,CYBERZONEHUB,lt-50,1,lt-50,lt-50,95.0,VPN-Infrastructure-Atlas
Surfshark,FR,France,203020,HOSTROYALE,lt-50,1,lt-50,lt-50,95.0,VPN-Infrastructure-Atlas
Surfshark,FR,France,212238,CDNEXT,lt-50,1,lt-50,lt-50,95.0,VPN-Infrastructure-Atlas
Surfshark,HK,Hong Kong,209854,CYBERZONEHUB,lt-50,1,lt-50,lt-50,95.0,VPN-Infrastructure-Atlas
Surfshark,HK,Hong Kong,212238,CDNEXT,lt-50,1,lt-50,lt-50,95.0,VPN-Infrastructure-Atlas
Surfshark,IE,Ireland,212238,CDNEXT,lt-50,1,lt-50,lt-50,95.0,VPN-Infrastructure-Atlas
Surfshark,IE,Ireland,9009,M247,lt-50,1,lt-50,lt-50,95.0,VPN-Infrastructure-Atlas
Surfshark,JP,Japan,212238,CDNEXT,lt-50,1,lt-50,lt-50,95.0,VPN-Infrastructure-Atlas
Surfshark,JP,Japan,60068,CDN77 _,lt-50,1,lt-50,lt-50,95.0,VPN-Infrastructure-Atlas
Surfshark,KR,South Korea,209854,CYBERZONEHUB,lt-50,1,lt-50,lt-50,95.0,VPN-Infrastructure-Atlas
Surfshark,KR,South Korea,45382,EHOSTIDC-AS-KR Hostcenter,lt-50,1,lt-50,lt-50,95.0,VPN-Infrastructure-Atlas
Surfshark,LK,Sri Lanka,209854,CYBERZONEHUB,lt-50,1,lt-50,lt-50,95.0,VPN-Infrastructure-Atlas
Surfshark,MX,Mexico,212238,CDNEXT,lt-50,1,lt-50,lt-50,95.0,VPN-Infrastructure-Atlas
Surfshark,MX,Mexico,396356,LATITUDE-SH,lt-50,1,lt-50,lt-50,95.0,VPN-Infrastructure-Atlas
Surfshark,MY,Malaysia,209854,CYBERZONEHUB,lt-50,1,lt-50,lt-50,95.0,VPN-Infrastructure-Atlas
Surfshark,MY,Malaysia,212238,CDNEXT,lt-50,1,lt-50,lt-50,95.0,VPN-Infrastructure-Atlas
Surfshark,NL,Netherlands,25369,BANDWIDTH-AS,lt-50,1,lt-50,lt-50,95.0,VPN-Infrastructure-Atlas
Surfshark,NL,Netherlands,9009,M247,lt-50,1,lt-50,lt-50,95.0,VPN-Infrastructure-Atlas
Surfshark,PT,Portugal,203020,HOSTROYALE,lt-50,1,lt-50,lt-50,95.0,VPN-Infrastructure-Atlas
Surfshark,PT,Portugal,212238,CDNEXT,lt-50,1,lt-50,lt-50,95.0,VPN-Infrastructure-Atlas
Surfshark,RO,Romania,212238,CDNEXT,lt-50,1,lt-50,lt-50,95.0,VPN-Infrastructure-Atlas
Surfshark,SG,Singapore,212238,CDNEXT,lt-50,1,lt-50,lt-50,95.0,VPN-Infrastructure-Atlas
Surfshark,SG,Singapore,60068,CDN77 _,lt-50,1,lt-50,lt-50,95.0,VPN-Infrastructure-Atlas
Surfshark,UK,United Kingdom,62240,CLOUVIDER Clouvider - Global ASN,lt-50,1,lt-50,lt-50,95.0,VPN-Infrastructure-Atlas
Surfshark,US,United States,20278,NEXEON,lt-50,1,lt-50,lt-50,95.0,VPN-Infrastructure-Atlas
Surfshark,US,United States,207990,HR-CUSTOMER,lt-50,1,lt-50,lt-50,95.0,VPN-Infrastructure-Atlas
Surfshark,US,United States,36352,AS-COLOCROSSING,lt-50,1,lt-50,lt-50,95.0,VPN-Infrastructure-Atlas
SwitchVPN,AT,Austria,57169,EDIS-AS-EU,lt-50,1,lt-50,lt-50,88.0,VPN-Infrastructure-Atlas
SwitchVPN,BE,Belgium,42160,LCPDCO LCP AS dc oostkamp,lt-50,1,lt-50,lt-50,88.0,VPN-Infrastructure-Atlas
SwitchVPN,CH,Switzerland,15547,NETPLUS,lt-50,1,lt-50,lt-50,88.0,VPN-Infrastructure-Atlas
SwitchVPN,CZ,Czechia,24806,"INTERNET-CZ Ktis 2, 384 03 Ktis",lt-50,1,lt-50,lt-50,88.0,VPN-Infrastructure-Atlas
SwitchVPN,FR,France,16276,OVH,lt-50,1,lt-50,lt-50,88.0,VPN-Infrastructure-Atlas
SwitchVPN,GB,United Kingdom,42237,W1N,lt-50,1,lt-50,lt-50,88.0,VPN-Infrastructure-Atlas
SwitchVPN,IN,India,203020,HOSTROYALE,lt-50,1,lt-50,lt-50,88.0,VPN-Infrastructure-Atlas
SwitchVPN,KR,South Korea,45382,EHOSTIDC-AS-KR Hostcenter,lt-50,1,lt-50,lt-50,88.0,VPN-Infrastructure-Atlas
SwitchVPN,MY,Malaysia,55720,GIGABIT-MY Gigabit Hosting Sdn Bhd,lt-50,1,lt-50,lt-50,88.0,VPN-Infrastructure-Atlas
SwitchVPN,NO,Norway,50304,BLIX,lt-50,1,lt-50,lt-50,88.0,VPN-Infrastructure-Atlas
SwitchVPN,SG,Singapore,138199,TRANSATEL1-AS-AP Transatel,lt-50,1,lt-50,lt-50,88.0,VPN-Infrastructure-Atlas
SwitchVPN,US,United States,36352,AS-COLOCROSSING,lt-50,1,lt-50,lt-50,88.0,VPN-Infrastructure-Atlas
SwitchVPN,US,United States,53755,IOFLOOD,lt-50,1,lt-50,lt-50,88.0,VPN-Infrastructure-Atlas
SwitchVPN,US,United States,61317,ASDETUK www.heficed.com,lt-50,1,lt-50,lt-50,88.0,VPN-Infrastructure-Atlas
SwitchVPN,US,United States,7979,SERVERS-COM,lt-50,1,lt-50,lt-50,88.0,VPN-Infrastructure-Atlas
Trust.Zone,AL,Albania,197706,"KEMINET A datacenter located in TiranaAlbania. Webhosting, Dedicated Servers, VPS, IPv4IPv6 leasing",lt-50,1,lt-50,lt-50,70.0,VPN-Infrastructure-Atlas
Trust.Zone,AU,Australia,133480,INT-5GN-AS-AP 5G NETWORK OPERATIONS PTY LTD,lt-50,1,lt-50,lt-50,70.0,VPN-Infrastructure-Atlas
Trust.Zone,IL,Israel,206446,CLOUDLEASE,lt-50,1,lt-50,lt-50,70.0,VPN-Infrastructure-Atlas
Trust.Zone,PL,Poland,197155,ARTNET,lt-50,1,lt-50,lt-50,70.0,VPN-Infrastructure-Atlas
Trust.Zone,SC,Seychelles,206264,AMARUTU-TECHNOLOGY,lt-50,1,lt-50,lt-50,70.0,VPN-Infrastructure-Atlas
Trust.Zone,TR,Türkiye,42926,RADORE,lt-50,1,lt-50,lt-50,70.0,VPN-Infrastructure-Atlas
Trust.Zone,UA,Ukraine,3236,SERVER server.ua,lt-50,1,lt-50,lt-50,70.0,VPN-Infrastructure-Atlas
Trust.Zone,UA,Ukraine,6698,VIRTUALSYSTEMS,lt-50,1,lt-50,lt-50,70.0,VPN-Infrastructure-Atlas
Trust.Zone,US,United States,14061,DIGITALOCEAN-ASN,lt-50,1,lt-50,lt-50,70.0,VPN-Infrastructure-Atlas
Trust.Zone,US,United States,50979,ITL-LV,lt-50,1,lt-50,lt-50,70.0,VPN-Infrastructure-Atlas
Trust.Zone,US,United States,61317,ASDETUK www.heficed.com,lt-50,1,lt-50,lt-50,70.0,VPN-Infrastructure-Atlas
TunnelBear,CA,Canada,136258,"ONEPROVIDER-AS BrainStorm Network, Inc",lt-50,1,lt-50,lt-50,95.0,VPN-Infrastructure-Atlas
TunnelBear,IT,Italy,49367,ASSEFLOW,lt-50,1,lt-50,lt-50,95.0,VPN-Infrastructure-Atlas
VPN Gate,EU,European Union,1257,TELE2,lt-50,1,lt-50,lt-50,78.0,VPN-Infrastructure-Atlas
VPN Gate,JP,Japan,17506,UCOM ARTERIA Networks Corporation,lt-50,1,lt-50,lt-50,78.0,VPN-Infrastructure-Atlas
VPN Gate,JP,Japan,17511,OPTAGE OPTAGE Inc.,lt-50,1,lt-50,lt-50,78.0,VPN-Infrastructure-Atlas
VPN Gate,JP,Japan,23778,"CANET IMIZU CABLE NETWORK CO.,LTD.",lt-50,1,lt-50,lt-50,78.0,VPN-Infrastructure-Atlas
VPN Gate,JP,Japan,2497,IIJ Internet Initiative Japan Inc.,lt-50,1,lt-50,lt-50,78.0,VPN-Infrastructure-Atlas
VPN Gate,JP,Japan,9605,"DOCOMO NTT DOCOMO, INC.",lt-50,1,lt-50,lt-50,78.0,VPN-Infrastructure-Atlas
VPN Gate,KR,South Korea,10066,GAYANET-AS-KR LG HelloVision Corp.,lt-50,1,lt-50,lt-50,78.0,VPN-Infrastructure-Atlas
VPN Gate,KR,South Korea,17583,KCNNET-AS-KR Keumgang Cable Network,lt-50,1,lt-50,lt-50,78.0,VPN-Infrastructure-Atlas
VPN Gate,KR,South Korea,17858,POWERVIS-AS-KR LG POWERCOMM,lt-50,1,lt-50,lt-50,78.0,VPN-Infrastructure-Atlas
VPN Gate,KR,South Korea,17864,SKB-TBROAD_HANVIT-AS-KR SK Broadband Co Ltd,lt-50,1,lt-50,lt-50,78.0,VPN-Infrastructure-Atlas
VPN Gate,KR,South Korea,23578,SKB-NAMDONGNET-AS-KR SK Broadband Co Ltd,lt-50,1,lt-50,lt-50,78.0,VPN-Infrastructure-Atlas
VPN Gate,KR,South Korea,38673,KCTVNET-AS-KR Korea Cable TV Kwangju Broadcasting,lt-50,1,lt-50,lt-50,78.0,VPN-Infrastructure-Atlas
VPN Gate,KR,South Korea,38680,CMBHK-AS-KR CMB,lt-50,1,lt-50,lt-50,78.0,VPN-Infrastructure-Atlas
VPN Gate,LA,Laos,131267,UNITEL-LA Star Telecom,lt-50,1,lt-50,lt-50,78.0,VPN-Infrastructure-Atlas
VPN Gate,RO,Romania,9009,M247,lt-50,1,lt-50,lt-50,78.0,VPN-Infrastructure-Atlas
VPN Gate,RU,Russia,12389,ROSTELECOM-AS PJSC Rostelecom. Technical Team,lt-50,1,lt-50,lt-50,78.0,VPN-Infrastructure-Atlas
VPN Gate,RU,Russia,41349,MVMTECH-AS,lt-50,1,lt-50,lt-50,78.0,VPN-Infrastructure-Atlas
VPN Gate,RU,Russia,8749,"REDCOM-AS Redcom, Khabarovsk, Russia",lt-50,1,lt-50,lt-50,78.0,VPN-Infrastructure-Atlas
VPN Gate,TH,Thailand,23969,TOT-NET TOT Public Company Limited,lt-50,1,lt-50,lt-50,78.0,VPN-Infrastructure-Atlas
VPN Gate,UA,Ukraine,59478,IPSERVICE-AS,lt-50,1,lt-50,lt-50,78.0,VPN-Infrastructure-Atlas
VPN Gate,US,United States,11232,MIDCO-NET,lt-50,1,lt-50,lt-50,78.0,VPN-Infrastructure-Atlas
VPN Gate,VN,Vietnam,7552,VIETEL-AS-AP Viettel Group,lt-50,1,lt-50,lt-50,78.0,VPN-Infrastructure-Atlas
VPN Jantit,BG,Bulgaria,59711,HZ-EU-AS,lt-50,1,lt-50,lt-50,88.0,VPN-Infrastructure-Atlas
VPN Jantit,CN,China,37963,"ALIBABA-CN-NET Hangzhou Alibaba Advertising Co.,Ltd.",lt-50,1,lt-50,lt-50,88.0,VPN-Infrastructure-Atlas
VPN Jantit,EE,Estonia,42474,IL,lt-50,1,lt-50,lt-50,88.0,VPN-Infrastructure-Atlas
VPN Jantit,EE,Estonia,62212,AS62212,lt-50,1,lt-50,lt-50,88.0,VPN-Infrastructure-Atlas
VPN Jantit,FR,France,12876,Online SAS,lt-50,1,lt-50,lt-50,88.0,VPN-Infrastructure-Atlas
VPN Jantit,GB,United Kingdom,207569,I-SERVERS-NORTH-EU to AS51765 announce AS207569,lt-50,1,lt-50,lt-50,88.0,VPN-Infrastructure-Atlas
VPN Jantit,GB,United Kingdom,49683,MASSIVEGRID,lt-50,1,lt-50,lt-50,88.0,VPN-Infrastructure-Atlas
VPN Jantit,HU,Hungary,56322,SERVERASTRA-AS,lt-50,1,lt-50,lt-50,88.0,VPN-Infrastructure-Atlas
VPN Jantit,LU,Luxembourg,202422,GHOST,lt-50,1,lt-50,lt-50,88.0,VPN-Infrastructure-Atlas
VPN Jantit,MD,Moldova,56380,AS-ITFRUIT,lt-50,1,lt-50,lt-50,88.0,VPN-Infrastructure-Atlas
VPN Jantit,RO,Romania,41111,AS-GEOHOSTING,lt-50,1,lt-50,lt-50,88.0,VPN-Infrastructure-Atlas
VPN Jantit,SG,Singapore,59364,VHOST-HOLDINGS-SG vHost Holdings Pte Ltd,lt-50,1,lt-50,lt-50,88.0,VPN-Infrastructure-Atlas
VPN Jantit,TH,Thailand,9335,CAT-CLOUD-AP CAT Telecom Public Company Limited,lt-50,1,lt-50,lt-50,88.0,VPN-Infrastructure-Atlas
VPN Jantit,TR,Türkiye,203576,INTERNETBILISIM,lt-50,1,lt-50,lt-50,88.0,VPN-Infrastructure-Atlas
VPN Jantit,US,United States,21100,ITLDC-EU,lt-50,1,lt-50,lt-50,88.0,VPN-Infrastructure-Atlas
VPN Jantit,US,United States,216475,NKTELECOM,lt-50,1,lt-50,lt-50,88.0,VPN-Infrastructure-Atlas
VPN Jantit,US,United States,36352,AS-COLOCROSSING,lt-50,1,lt-50,lt-50,88.0,VPN-Infrastructure-Atlas
VPN Jantit,US,United States,53667,PONYNET,lt-50,1,lt-50,lt-50,88.0,VPN-Infrastructure-Atlas
VPN Jantit,US,United States,8254,ROUTE95,lt-50,1,lt-50,lt-50,88.0,VPN-Infrastructure-Atlas
VPN Jantit,ZA,South Africa,328364,Host-Africa-AS,lt-50,1,lt-50,lt-50,88.0,VPN-Infrastructure-Atlas
VPN Jantit,ZA,South Africa,329184,Host-Africa-AS2,lt-50,1,lt-50,lt-50,88.0,VPN-Infrastructure-Atlas
VPN Unlimited,UA,Ukraine,48031,XSERVERCLOUD,lt-50,1,lt-50,lt-50,70.0,VPN-Infrastructure-Atlas
VPN Unlimited,US,United States,174,COGENT-174,lt-50,1,lt-50,lt-50,70.0,VPN-Infrastructure-Atlas
VPN Unlimited,US,United States,27323,SERVERSTADIUM,lt-50,1,lt-50,lt-50,70.0,VPN-Infrastructure-Atlas
VPN Unlimited,US,United States,7203,LEASEWEB-USA-SFO,lt-50,1,lt-50,lt-50,70.0,VPN-Infrastructure-Atlas
VPN Unlimited,ZA,South Africa,37153,xneelo,lt-50,1,lt-50,lt-50,70.0,VPN-Infrastructure-Atlas
VPN.ac,DE,Germany,30083,AS-30083-US-VELIA-NET,lt-50,1,lt-50,lt-50,95.0,VPN-Infrastructure-Atlas
VPN.ac,GB,United Kingdom,13213,UK2NET-AS,lt-50,1,lt-50,lt-50,95.0,VPN-Infrastructure-Atlas
VPN.ac,GB,United Kingdom,205544,LEASEWEB-UK-LON-11,lt-50,1,lt-50,lt-50,95.0,VPN-Infrastructure-Atlas
VPN.ac,IT,Italy,0,,lt-50,1,lt-50,lt-50,95.0,VPN-Infrastructure-Atlas
VPN.ac,LT,Lithuania,16125,CHERRYSERVERS1-AS,lt-50,1,lt-50,lt-50,95.0,VPN-Infrastructure-Atlas
VPN.ac,NO,Norway,34989,SERVETHEWORLD-AS,lt-50,1,lt-50,lt-50,95.0,VPN-Infrastructure-Atlas
VPN.ac,PA,Panama,51852,PLI-AS,lt-50,1,lt-50,lt-50,95.0,VPN-Infrastructure-Atlas
VPN.ac,PT,Portugal,24768,ALMOUROLTEC,lt-50,1,lt-50,lt-50,95.0,VPN-Infrastructure-Atlas
VPN.ac,US,United States,30475,WEHOSTWEBSITES-COM,lt-50,1,lt-50,lt-50,95.0,VPN-Infrastructure-Atlas
VPN.ac,US,United States,61317,ASDETUK www.heficed.com,lt-50,1,lt-50,lt-50,95.0,VPN-Infrastructure-Atlas
VPNObratno,RU,Russia,34533,ESAMARA-AS,lt-50,1,lt-50,lt-50,88.0,VPN-Infrastructure-Atlas
VPNObratno,RU,Russia,41843,ERTH-OMSK-AS,lt-50,1,lt-50,lt-50,88.0,VPN-Infrastructure-Atlas
VPNObratno,RU,Russia,48327,RAY-AS,lt-50,1,lt-50,lt-50,88.0,VPN-Infrastructure-Atlas
VPNObratno,RU,Russia,59815,TRINITY-AS,lt-50,1,lt-50,lt-50,88.0,VPN-Infrastructure-Atlas
VPNSecure,GB,United Kingdom,199404,WHG-IN,lt-50,1,lt-50,lt-50,88.0,VPN-Infrastructure-Atlas
VPNSecure,GB,United Kingdom,215089,FASTPANDA,lt-50,1,lt-50,lt-50,88.0,VPN-Infrastructure-Atlas
VPNSecure,GB,United Kingdom,60800,NHL-AS1,lt-50,1,lt-50,lt-50,88.0,VPN-Infrastructure-Atlas
VPNSecure,HK,Hong Kong,133752,LEASEWEB-APAC-HKG-10 LEASEWEB HONG KONG LIMITED,lt-50,1,lt-50,lt-50,88.0,VPN-Infrastructure-Atlas
VPNSecure,IL,Israel,44709,CLOUDWEBMANAGE-,lt-50,1,lt-50,lt-50,88.0,VPN-Infrastructure-Atlas
VPNSecure,LV,Latvia,59615,SERVERUM-AS,lt-50,1,lt-50,lt-50,88.0,VPN-Infrastructure-Atlas
VPNSecure,SE,Sweden,8473,BAHNHOF,lt-50,1,lt-50,lt-50,88.0,VPN-Infrastructure-Atlas
VPNSecure,US,United States,210329,CLOUDWEBMANAGE-UK-1,lt-50,1,lt-50,lt-50,88.0,VPN-Infrastructure-Atlas
VPNUK,DE,Germany,24961,MYLOC-AS IP Backbone of WIIT AG formerly myLoc managed IT AG,lt-50,1,lt-50,lt-50,95.0,VPN-Infrastructure-Atlas
VPNUK,DE,Germany,28753,LEASEWEB-DE-FRA-10,lt-50,1,lt-50,lt-50,70.0,VPN-Infrastructure-Atlas
VPNUK,ES,Spain,39020,COMVIVE-AS Seville - Spain,lt-50,1,lt-50,lt-50,70.0,VPN-Infrastructure-Atlas
VPNUK,GB,United Kingdom,21130,IOMART-IE,lt-50,1,lt-50,lt-50,70.0,VPN-Infrastructure-Atlas
VPNUK,HK,Hong Kong,133752,LEASEWEB-APAC-HKG-10 LEASEWEB HONG KONG LIMITED,lt-50,1,lt-50,lt-50,95.0,VPN-Infrastructure-Atlas
VPNUK,IE,Ireland,30900,WEBWORLD-AS ta Web World Ireland,lt-50,1,lt-50,lt-50,95.0,VPN-Infrastructure-Atlas
VPNUK,TR,Türkiye,206991,IXIR,lt-50,1,lt-50,lt-50,95.0,VPN-Infrastructure-Atlas
VPNUK,US,United States,0,,lt-50,1,lt-50,lt-50,70.0,VPN-Infrastructure-Atlas
VPNUK,US,United States,29802,HVC-AS,lt-50,1,lt-50,lt-50,70.0,VPN-Infrastructure-Atlas
VPNUK,US,United States,32097,WII,lt-50,1,lt-50,lt-50,95.0,VPN-Infrastructure-Atlas
Vpnfacile,GB,United Kingdom,41000,FREETHOUGHT-AS,lt-50,1,lt-50,lt-50,78.0,VPN-Infrastructure-Atlas
Vpnfacile,US,United States,5650,FRONTIER-FRTR,lt-50,1,lt-50,lt-50,78.0,VPN-Infrastructure-Atlas
Vpnht,DK,Denmark,30736,ASERGO-AS,lt-50,1,lt-50,lt-50,78.0,VPN-Infrastructure-Atlas
Vpnht,JP,Japan,4694,IDCF IDC Frontier Inc.,lt-50,1,lt-50,lt-50,78.0,VPN-Infrastructure-Atlas
Vpnht,KR,South Korea,45382,EHOSTIDC-AS-KR Hostcenter,lt-50,1,lt-50,lt-50,78.0,VPN-Infrastructure-Atlas
Vpnht,NL,Netherlands,49870,AS49870-BV,lt-50,1,lt-50,lt-50,78.0,VPN-Infrastructure-Atlas
Vpnht,NL,Netherlands,50867,ORG-LVA15-AS,lt-50,1,lt-50,lt-50,78.0,VPN-Infrastructure-Atlas
Vpnht,NL,Netherlands,60781,LEASEWEB-NL-AMS-01 Netherlands,lt-50,1,lt-50,lt-50,78.0,VPN-Infrastructure-Atlas
Vpnht,US,United States,61138,ZAPPIE-HOST-AS Zappie Host,lt-50,1,lt-50,lt-50,78.0,VPN-Infrastructure-Atlas
WiTopia,EG,Egypt,0,,lt-50,1,lt-50,lt-50,95.0,VPN-Infrastructure-Atlas
WorldVPN,BE,Belgium,209847,THE,lt-50,1,lt-50,lt-50,88.0,VPN-Infrastructure-Atlas
WorldVPN,BR,Brazil,209847,THE,lt-50,1,lt-50,lt-50,88.0,VPN-Infrastructure-Atlas
WorldVPN,CA,Canada,16276,OVH,lt-50,1,lt-50,lt-50,88.0,VPN-Infrastructure-Atlas
WorldVPN,CA,Canada,53363,TANGRAM-CANADA-INC,lt-50,1,lt-50,lt-50,88.0,VPN-Infrastructure-Atlas
WorldVPN,CL,Chile,209847,THE,lt-50,1,lt-50,lt-50,88.0,VPN-Infrastructure-Atlas
WorldVPN,CN,China,45102,"ALIBABA-CN-NET Alibaba US Technology Co., Ltd.",lt-50,1,lt-50,lt-50,88.0,VPN-Infrastructure-Atlas
WorldVPN,ES,Spain,209847,THE,lt-50,1,lt-50,lt-50,88.0,VPN-Infrastructure-Atlas
WorldVPN,GR,Greece,209847,THE,lt-50,1,lt-50,lt-50,88.0,VPN-Infrastructure-Atlas
WorldVPN,IE,Ireland,209847,THE,lt-50,1,lt-50,lt-50,88.0,VPN-Infrastructure-Atlas
WorldVPN,IS,Iceland,209847,THE,lt-50,1,lt-50,lt-50,88.0,VPN-Infrastructure-Atlas
WorldVPN,JP,Japan,63473,HOSTHATCH,lt-50,1,lt-50,lt-50,88.0,VPN-Infrastructure-Atlas
WorldVPN,LI,Liechtenstein,209847,THE,lt-50,1,lt-50,lt-50,88.0,VPN-Infrastructure-Atlas
WorldVPN,LU,Luxembourg,209847,THE,lt-50,1,lt-50,lt-50,88.0,VPN-Infrastructure-Atlas
WorldVPN,MY,Malaysia,209847,THE,lt-50,1,lt-50,lt-50,88.0,VPN-Infrastructure-Atlas
WorldVPN,NO,Norway,63473,HOSTHATCH,lt-50,1,lt-50,lt-50,88.0,VPN-Infrastructure-Atlas
WorldVPN,PH,Philippines,45102,"ALIBABA-CN-NET Alibaba US Technology Co., Ltd.",lt-50,1,lt-50,lt-50,88.0,VPN-Infrastructure-Atlas
WorldVPN,PT,Portugal,209847,THE,lt-50,1,lt-50,lt-50,88.0,VPN-Infrastructure-Atlas
WorldVPN,RO,Romania,26383,ASNET,lt-50,1,lt-50,lt-50,88.0,VPN-Infrastructure-Atlas
WorldVPN,TR,Türkiye,209847,THE,lt-50,1,lt-50,lt-50,88.0,VPN-Infrastructure-Atlas
Zoogvpn,AM,Armenia,12297,TELECOM-ARMENIA Telecom Armenia AS,lt-50,1,lt-50,lt-50,78.0,VPN-Infrastructure-Atlas
Zoogvpn,AT,Austria,44133,IPAX-AS,lt-50,1,lt-50,lt-50,78.0,VPN-Infrastructure-Atlas
Zoogvpn,BR,Brazil,262287,Latitude.sh LTDA,lt-50,1,lt-50,lt-50,78.0,VPN-Infrastructure-Atlas
Zoogvpn,CA,Canada,11831,ESECUREDATA,lt-50,1,lt-50,lt-50,78.0,VPN-Infrastructure-Atlas
Zoogvpn,CA,Canada,55286,SERVER-MANIA,lt-50,1,lt-50,lt-50,78.0,VPN-Infrastructure-Atlas
Zoogvpn,EE,Estonia,202759,FAIRYHOSTING,lt-50,1,lt-50,lt-50,78.0,VPN-Infrastructure-Atlas
Zoogvpn,FI,Finland,51765,CREANOVA-AS Oy Creanova Hosting Solutions Ltd.,lt-50,1,lt-50,lt-50,78.0,VPN-Infrastructure-Atlas
Zoogvpn,FR,France,12876,Online SAS,lt-50,1,lt-50,lt-50,78.0,VPN-Infrastructure-Atlas
Zoogvpn,GB,United Kingdom,207569,I-SERVERS-NORTH-EU to AS51765 announce AS207569,lt-50,1,lt-50,lt-50,78.0,VPN-Infrastructure-Atlas
Zoogvpn,GE,Georgia,47810,PROSERVICE,lt-50,1,lt-50,lt-50,78.0,VPN-Infrastructure-Atlas
Zoogvpn,HK,Hong Kong,154177,LIGHT4-AS-AP LIGHT NODE LIMITED,lt-50,1,lt-50,lt-50,78.0,VPN-Infrastructure-Atlas
Zoogvpn,HU,Hungary,56322,SERVERASTRA-AS,lt-50,1,lt-50,lt-50,78.0,VPN-Infrastructure-Atlas
Zoogvpn,ID,Indonesia,23679,NUSANET-AS-ID PT. Media Antar Nusa,lt-50,1,lt-50,lt-50,78.0,VPN-Infrastructure-Atlas
Zoogvpn,IL,Israel,35758,HQSERV_NETWORKS,lt-50,1,lt-50,lt-50,78.0,VPN-Infrastructure-Atlas
Zoogvpn,IL,Israel,61102,INTERHOST,lt-50,1,lt-50,lt-50,78.0,VPN-Infrastructure-Atlas
Zoogvpn,IT,Italy,49367,ASSEFLOW,lt-50,1,lt-50,lt-50,78.0,VPN-Infrastructure-Atlas
Zoogvpn,KZ,Kazakhstan,211971,GOODHOSTKZ Goodhost.KZ - Hosting provider of Kazakhstan. Dedicated and VDSVPS hosting,lt-50,1,lt-50,lt-50,78.0,VPN-Infrastructure-Atlas
Zoogvpn,LT,Lithuania,61272,IST-AS,lt-50,1,lt-50,lt-50,78.0,VPN-Infrastructure-Atlas
Zoogvpn,LT,Lithuania,8849,MELBICOM-EU-AS Melbikomas UAB,lt-50,1,lt-50,lt-50,78.0,VPN-Infrastructure-Atlas
Zoogvpn,LV,Latvia,58061,SCALAXY-AS,lt-50,1,lt-50,lt-50,78.0,VPN-Infrastructure-Atlas
Zoogvpn,MD,Moldova,43289,TRABIA,lt-50,1,lt-50,lt-50,78.0,VPN-Infrastructure-Atlas
Zoogvpn,NL,Netherlands,43350,NFORCE,lt-50,1,lt-50,lt-50,78.0,VPN-Infrastructure-Atlas
Zoogvpn,NL,Netherlands,60404,LITESERVER,lt-50,1,lt-50,lt-50,78.0,VPN-Infrastructure-Atlas
Zoogvpn,NZ,New Zealand,133950,HOOPLAHOSTING-AS-AP Hoopla Hosting Limited,lt-50,1,lt-50,lt-50,78.0,VPN-Infrastructure-Atlas
Zoogvpn,TH,Thailand,56067,METRABYTE-TH 453 Ladplacout Jorakhaebua,lt-50,1,lt-50,lt-50,78.0,VPN-Infrastructure-Atlas
Zoogvpn,TR,Türkiye,197450,SUNUCUN,lt-50,1,lt-50,lt-50,78.0,VPN-Infrastructure-Atlas
Zoogvpn,UA,Ukraine,6698,VIRTUALSYSTEMS,lt-50,1,lt-50,lt-50,78.0,VPN-Infrastructure-Atlas
Zoogvpn,US,United States,20473,AS-VULTR,lt-50,1,lt-50,lt-50,78.0,VPN-Infrastructure-Atlas
Zoogvpn,US,United States,212336,BYTEVIRTLLC,lt-50,1,lt-50,lt-50,78.0,VPN-Infrastructure-Atlas
Zoogvpn,US,United States,396356,LATITUDE-SH,lt-50,1,lt-50,lt-50,78.0,VPN-Infrastructure-Atlas
Zoogvpn,US,United States,906,DMIT,lt-50,1,lt-50,lt-50,78.0,VPN-Infrastructure-Atlas
Zoogvpn,VN,Vietnam,140787,LAMA-AS-VN LAM A ARCHITECTURE CONSTRUCTION COMPANY LIMITED,lt-50,1,lt-50,lt-50,78.0,VPN-Infrastructure-Atlas
Zoogvpn,ZA,South Africa,37153,xneelo,lt-50,1,lt-50,lt-50,78.0,VPN-Infrastructure-Atlas
uVPN,GB,United Kingdom,20860,IOMART-AS,lt-50,1,lt-50,lt-50,70.0,VPN-Infrastructure-Atlas
uVPN,GB,United Kingdom,39326,HSO-GROUP,lt-50,1,lt-50,lt-50,70.0,VPN-Infrastructure-Atlas
uVPN,LU,Luxembourg,202422,GHOST,lt-50,1,lt-50,lt-50,70.0,VPN-Infrastructure-Atlas
uVPN,US,United States,20473,AS-VULTR,lt-50,1,lt-50,lt-50,70.0,VPN-Infrastructure-Atlas
