provider,hosting_cluster,observed_records_bucket,dependency_score,dependency_class
NordVPN,HostingCluster-001,1k-4.9k,0.90,core-vpn-hosting
CyberGhost,HostingCluster-001,500-999,0.90,core-vpn-hosting
AirVPN,HostingCluster-001,500-999,0.90,core-vpn-hosting
ProtonVPN,HostingCluster-001,100-499,0.90,core-vpn-hosting
TorGuard,HostingCluster-001,100-499,0.90,core-vpn-hosting
Windscribe,HostingCluster-001,100-499,0.90,core-vpn-hosting
Mullvad,HostingCluster-001,100-499,0.90,core-vpn-hosting
TunnelBear,HostingCluster-001,100-499,0.90,core-vpn-hosting
WiTopia,HostingCluster-001,100-499,0.90,core-vpn-hosting
PureVPN,HostingCluster-001,50-99,0.90,core-vpn-hosting
Private Internet Access,HostingCluster-001,50-99,0.90,core-vpn-hosting
BoxPN,HostingCluster-001,50-99,0.90,core-vpn-hosting
FrootVPN,HostingCluster-001,50-99,0.90,core-vpn-hosting
Anonine,HostingCluster-001,50-99,0.90,core-vpn-hosting
EasyHideIP,HostingCluster-001,50-99,0.90,core-vpn-hosting
Cryptostorm,HostingCluster-001,lt-50,0.90,core-vpn-hosting
Trust.Zone,HostingCluster-001,lt-50,0.90,core-vpn-hosting
FastestVPN,HostingCluster-001,lt-50,0.90,core-vpn-hosting
WLVPN,HostingCluster-001,lt-50,0.90,core-vpn-hosting
IPVanish,HostingCluster-001,lt-50,0.90,core-vpn-hosting
Goosevpn,HostingCluster-001,lt-50,0.90,core-vpn-hosting
IVPN,HostingCluster-001,lt-50,0.90,core-vpn-hosting
Psiphon,HostingCluster-001,lt-50,0.90,core-vpn-hosting
Astrill,HostingCluster-001,lt-50,0.90,core-vpn-hosting
Sentinel dVPN,HostingCluster-001,lt-50,0.90,core-vpn-hosting
Surfshark,HostingCluster-001,lt-50,0.90,core-vpn-hosting
VPN.ac,HostingCluster-001,lt-50,0.90,core-vpn-hosting
Smartdnsproxy,HostingCluster-001,lt-50,0.90,core-vpn-hosting
OVPN,HostingCluster-001,lt-50,0.90,core-vpn-hosting
PrivateVPN,HostingCluster-001,lt-50,0.90,core-vpn-hosting
Hotspotshield,HostingCluster-001,lt-50,0.90,core-vpn-hosting
Ivacy,HostingCluster-001,lt-50,0.90,core-vpn-hosting
ExpressVPN,HostingCluster-001,lt-50,0.90,core-vpn-hosting
StrongVPN,HostingCluster-001,lt-50,0.90,core-vpn-hosting
Le VPN,HostingCluster-001,lt-50,0.90,core-vpn-hosting
VPN Unlimited,HostingCluster-001,lt-50,0.90,core-vpn-hosting
Zoogvpn,HostingCluster-001,lt-50,0.90,core-vpn-hosting
GhostPath,HostingCluster-001,lt-50,0.90,core-vpn-hosting
FlowVPN,HostingCluster-001,lt-50,0.90,core-vpn-hosting
RedShield VPN,HostingCluster-001,lt-50,0.90,core-vpn-hosting
VPNUK,HostingCluster-001,lt-50,0.90,core-vpn-hosting
uVPN,HostingCluster-001,lt-50,0.90,core-vpn-hosting
PhantomPeer,HostingCluster-001,lt-50,0.90,core-vpn-hosting
Getflix,HostingCluster-001,lt-50,0.90,core-vpn-hosting
Froot,HostingCluster-001,lt-50,0.90,core-vpn-hosting
KevinVPN,HostingCluster-001,lt-50,0.90,core-vpn-hosting
Privado,HostingCluster-001,lt-50,0.90,core-vpn-hosting
Safervpn,HostingCluster-001,lt-50,0.90,core-vpn-hosting
VPN Gate,HostingCluster-001,lt-50,0.90,core-vpn-hosting
CactusVPN,HostingCluster-001,lt-50,0.90,core-vpn-hosting
Astrill,HostingCluster-002,50-99,0.72,important-vpn-hosting
Psiphon,HostingCluster-002,50-99,0.72,important-vpn-hosting
WiTopia,HostingCluster-002,lt-50,0.72,important-vpn-hosting
VPNSecure,HostingCluster-002,lt-50,0.72,important-vpn-hosting
VPN Jantit,HostingCluster-002,lt-50,0.72,important-vpn-hosting
Sentinel dVPN,HostingCluster-002,lt-50,0.72,important-vpn-hosting
NetShade,HostingCluster-002,lt-50,0.72,important-vpn-hosting
HideIPVPN,HostingCluster-002,lt-50,0.72,important-vpn-hosting
CactusVPN,HostingCluster-002,lt-50,0.72,important-vpn-hosting
WorldVPN,HostingCluster-002,lt-50,0.72,important-vpn-hosting
FrootVPN,HostingCluster-002,lt-50,0.72,important-vpn-hosting
EasyHideIP,HostingCluster-002,lt-50,0.72,important-vpn-hosting
Anonine,HostingCluster-002,lt-50,0.72,important-vpn-hosting
BoxPN,HostingCluster-002,lt-50,0.72,important-vpn-hosting
VPN Unlimited,HostingCluster-002,lt-50,0.72,important-vpn-hosting
uVPN,HostingCluster-002,lt-50,0.72,important-vpn-hosting
Zoogvpn,HostingCluster-002,lt-50,0.72,important-vpn-hosting
FlowVPN,HostingCluster-002,lt-50,0.72,important-vpn-hosting
Vpnfacile,HostingCluster-002,lt-50,0.72,important-vpn-hosting
CCrypto VPN,HostingCluster-002,lt-50,0.72,important-vpn-hosting
WorkingVPN,HostingCluster-002,lt-50,0.72,important-vpn-hosting
VPN.ac,HostingCluster-002,lt-50,0.72,important-vpn-hosting
Vpnbook,HostingCluster-002,lt-50,0.72,important-vpn-hosting
FreeVPN,HostingCluster-002,lt-50,0.72,important-vpn-hosting
GhostPath,HostingCluster-002,lt-50,0.72,important-vpn-hosting
SwitchVPN,HostingCluster-002,lt-50,0.72,important-vpn-hosting
Freevpn,HostingCluster-002,lt-50,0.72,important-vpn-hosting
Froot,HostingCluster-002,lt-50,0.72,important-vpn-hosting
VPN Unlimited,HostingCluster-003,lt-50,0.62,important-vpn-hosting
Psiphon,HostingCluster-003,lt-50,0.62,important-vpn-hosting
Vpnht,HostingCluster-003,lt-50,0.62,important-vpn-hosting
Riseup VPN,HostingCluster-003,lt-50,0.62,important-vpn-hosting
VPN.ac,HostingCluster-003,lt-50,0.62,important-vpn-hosting
WiTopia,HostingCluster-003,lt-50,0.62,important-vpn-hosting
FrootVPN,HostingCluster-003,lt-50,0.62,important-vpn-hosting
EasyHideIP,HostingCluster-003,lt-50,0.62,important-vpn-hosting
NordVPN,HostingCluster-003,lt-50,0.62,important-vpn-hosting
Anonine,HostingCluster-003,lt-50,0.62,important-vpn-hosting
BoxPN,HostingCluster-003,lt-50,0.62,important-vpn-hosting
Trust.Zone,HostingCluster-003,lt-50,0.62,important-vpn-hosting
Astrill,HostingCluster-003,lt-50,0.62,important-vpn-hosting
VPNUK,HostingCluster-003,lt-50,0.62,important-vpn-hosting
Cryptostorm,HostingCluster-003,lt-50,0.62,important-vpn-hosting
VPNSecure,HostingCluster-003,lt-50,0.62,important-vpn-hosting
Zoogvpn,HostingCluster-003,lt-50,0.62,important-vpn-hosting
AnonymousVPN,HostingCluster-003,lt-50,0.62,important-vpn-hosting
Safervpn,HostingCluster-003,lt-50,0.62,important-vpn-hosting
CactusVPN,HostingCluster-003,lt-50,0.62,important-vpn-hosting
Freevpn,HostingCluster-003,lt-50,0.62,important-vpn-hosting
SmartVPN,HostingCluster-003,lt-50,0.62,important-vpn-hosting
VPN Jantit,HostingCluster-003,lt-50,0.62,important-vpn-hosting
FlowVPN,HostingCluster-003,lt-50,0.62,important-vpn-hosting
NordVPN,HostingCluster-004,1k-4.9k,0.79,important-vpn-hosting
CyberGhost,HostingCluster-004,500-999,0.79,important-vpn-hosting
ProtonVPN,HostingCluster-004,500-999,0.79,important-vpn-hosting
Windscribe,HostingCluster-004,100-499,0.79,important-vpn-hosting
Astrill,HostingCluster-004,100-499,0.79,important-vpn-hosting
Mullvad,HostingCluster-004,100-499,0.79,important-vpn-hosting
PureVPN,HostingCluster-004,100-499,0.79,important-vpn-hosting
Private Internet Access,HostingCluster-004,100-499,0.79,important-vpn-hosting
Surfshark,HostingCluster-004,50-99,0.79,important-vpn-hosting
ExpressVPN,HostingCluster-004,lt-50,0.79,important-vpn-hosting
WLVPN,HostingCluster-004,lt-50,0.79,important-vpn-hosting
IPVanish,HostingCluster-004,lt-50,0.79,important-vpn-hosting
Ivacy,HostingCluster-004,lt-50,0.79,important-vpn-hosting
OVPN,HostingCluster-004,lt-50,0.79,important-vpn-hosting
StrongVPN,HostingCluster-004,lt-50,0.79,important-vpn-hosting
Hotspotshield,HostingCluster-004,lt-50,0.79,important-vpn-hosting
VPNSecure,HostingCluster-004,lt-50,0.79,important-vpn-hosting
Zoogvpn,HostingCluster-004,lt-50,0.79,important-vpn-hosting
IVPN,HostingCluster-004,lt-50,0.79,important-vpn-hosting
Smartdnsproxy,HostingCluster-004,lt-50,0.79,important-vpn-hosting
CactusVPN,HostingCluster-004,lt-50,0.79,important-vpn-hosting
NordVPN,HostingCluster-005,100-499,0.73,important-vpn-hosting
ProtonVPN,HostingCluster-005,100-499,0.73,important-vpn-hosting
CyberGhost,HostingCluster-005,100-499,0.73,important-vpn-hosting
Mullvad,HostingCluster-005,100-499,0.73,important-vpn-hosting
IVPN,HostingCluster-005,lt-50,0.73,important-vpn-hosting
Windscribe,HostingCluster-005,lt-50,0.73,important-vpn-hosting
AzireVPN,HostingCluster-005,lt-50,0.73,important-vpn-hosting
Surfshark,HostingCluster-005,lt-50,0.73,important-vpn-hosting
PrivateVPN,HostingCluster-005,lt-50,0.73,important-vpn-hosting
Astrill,HostingCluster-005,lt-50,0.73,important-vpn-hosting
RedShield VPN,HostingCluster-005,lt-50,0.73,important-vpn-hosting
Trust.Zone,HostingCluster-005,lt-50,0.73,important-vpn-hosting
PureVPN,HostingCluster-005,lt-50,0.73,important-vpn-hosting
Ivacy,HostingCluster-005,lt-50,0.73,important-vpn-hosting
Hotspotshield,HostingCluster-005,lt-50,0.73,important-vpn-hosting
Smartdnsproxy,HostingCluster-005,lt-50,0.73,important-vpn-hosting
ExpressVPN,HostingCluster-005,lt-50,0.73,important-vpn-hosting
Riseup VPN,HostingCluster-005,lt-50,0.73,important-vpn-hosting
Getflix,HostingCluster-005,lt-50,0.73,important-vpn-hosting
Private Internet Access,HostingCluster-005,lt-50,0.73,important-vpn-hosting
NetShade,HostingCluster-005,lt-50,0.73,important-vpn-hosting
Psiphon,HostingCluster-006,100-499,0.62,important-vpn-hosting
TunnelBear,HostingCluster-006,50-99,0.62,important-vpn-hosting
VPN Unlimited,HostingCluster-006,lt-50,0.62,important-vpn-hosting
PhantomPeer,HostingCluster-006,lt-50,0.62,important-vpn-hosting
TorGuard,HostingCluster-006,lt-50,0.62,important-vpn-hosting
uVPN,HostingCluster-006,lt-50,0.62,important-vpn-hosting
PrivateVPN,HostingCluster-006,lt-50,0.62,important-vpn-hosting
Goosevpn,HostingCluster-006,lt-50,0.62,important-vpn-hosting
VPN Jantit,HostingCluster-006,lt-50,0.62,important-vpn-hosting
Safervpn,HostingCluster-006,lt-50,0.62,important-vpn-hosting
VPNSTunnel,HostingCluster-006,lt-50,0.62,important-vpn-hosting
SmartVPN,HostingCluster-006,lt-50,0.62,important-vpn-hosting
Getflix,HostingCluster-006,lt-50,0.62,important-vpn-hosting
Smartdnsproxy,HostingCluster-006,lt-50,0.62,important-vpn-hosting
Astrill,HostingCluster-006,lt-50,0.62,important-vpn-hosting
Trust.Zone,HostingCluster-006,lt-50,0.62,important-vpn-hosting
GhostPath,HostingCluster-006,lt-50,0.62,important-vpn-hosting
Sentinel dVPN,HostingCluster-006,lt-50,0.62,important-vpn-hosting
OysterVPN,HostingCluster-006,lt-50,0.62,important-vpn-hosting
IPVanish,HostingCluster-007,lt-50,0.58,important-vpn-hosting
WLVPN,HostingCluster-007,lt-50,0.58,important-vpn-hosting
NordVPN,HostingCluster-007,lt-50,0.58,important-vpn-hosting
EasyHideIP,HostingCluster-007,lt-50,0.58,important-vpn-hosting
Anonine,HostingCluster-007,lt-50,0.58,important-vpn-hosting
FrootVPN,HostingCluster-007,lt-50,0.58,important-vpn-hosting
BoxPN,HostingCluster-007,lt-50,0.58,important-vpn-hosting
Sentinel dVPN,HostingCluster-007,lt-50,0.58,important-vpn-hosting
StrongVPN,HostingCluster-007,lt-50,0.58,important-vpn-hosting
Astrill,HostingCluster-007,lt-50,0.58,important-vpn-hosting
VPNUK,HostingCluster-007,lt-50,0.58,important-vpn-hosting
ExpressVPN,HostingCluster-007,lt-50,0.58,important-vpn-hosting
VPN.ac,HostingCluster-007,lt-50,0.58,important-vpn-hosting
VPN Unlimited,HostingCluster-007,lt-50,0.58,important-vpn-hosting
Proxpn,HostingCluster-007,lt-50,0.58,important-vpn-hosting
Le VPN,HostingCluster-007,lt-50,0.58,important-vpn-hosting
GhostPath,HostingCluster-007,lt-50,0.58,important-vpn-hosting
FlowVPN,HostingCluster-007,lt-50,0.58,important-vpn-hosting
Anonvpn,HostingCluster-007,lt-50,0.58,important-vpn-hosting
CyberGhost,HostingCluster-008,100-499,0.61,important-vpn-hosting
Private Internet Access,HostingCluster-008,lt-50,0.61,important-vpn-hosting
Anonine,HostingCluster-008,lt-50,0.61,important-vpn-hosting
Froot,HostingCluster-008,lt-50,0.61,important-vpn-hosting
FrootVPN,HostingCluster-008,lt-50,0.61,important-vpn-hosting
ExpressVPN,HostingCluster-008,lt-50,0.61,important-vpn-hosting
GhostPath,HostingCluster-008,lt-50,0.61,important-vpn-hosting
CactusVPN,HostingCluster-008,lt-50,0.61,important-vpn-hosting
PhantomPeer,HostingCluster-008,lt-50,0.61,important-vpn-hosting
IVPN,HostingCluster-008,lt-50,0.61,important-vpn-hosting
Getflix,HostingCluster-008,lt-50,0.61,important-vpn-hosting
Smartdnsproxy,HostingCluster-008,lt-50,0.61,important-vpn-hosting
Astrill,HostingCluster-008,lt-50,0.61,important-vpn-hosting
OVPN,HostingCluster-008,lt-50,0.61,important-vpn-hosting
FlowVPN,HostingCluster-008,lt-50,0.61,important-vpn-hosting
Le VPN,HostingCluster-008,lt-50,0.61,important-vpn-hosting
SmartVPN,HostingCluster-008,lt-50,0.61,important-vpn-hosting
EasyHideIP,HostingCluster-008,lt-50,0.61,important-vpn-hosting
Kompot VPN,HostingCluster-009,lt-50,0.60,important-vpn-hosting
Windscribe,HostingCluster-009,lt-50,0.60,important-vpn-hosting
SwitchVPN,HostingCluster-009,lt-50,0.60,important-vpn-hosting
Anonine,HostingCluster-009,lt-50,0.60,important-vpn-hosting
FrootVPN,HostingCluster-009,lt-50,0.60,important-vpn-hosting
BoxPN,HostingCluster-009,lt-50,0.60,important-vpn-hosting
EasyHideIP,HostingCluster-009,lt-50,0.60,important-vpn-hosting
Mullvad,HostingCluster-009,lt-50,0.60,important-vpn-hosting
WiTopia,HostingCluster-009,lt-50,0.60,important-vpn-hosting
Astrill,HostingCluster-009,lt-50,0.60,important-vpn-hosting
IVPN,HostingCluster-009,lt-50,0.60,important-vpn-hosting
Cryptostorm,HostingCluster-009,lt-50,0.60,important-vpn-hosting
Froot,HostingCluster-009,lt-50,0.60,important-vpn-hosting
CactusVPN,HostingCluster-009,lt-50,0.60,important-vpn-hosting
Hotspotshield,HostingCluster-009,lt-50,0.60,important-vpn-hosting
VPN.ac,HostingCluster-009,lt-50,0.60,important-vpn-hosting
Getflix,HostingCluster-009,lt-50,0.60,important-vpn-hosting
Smartdnsproxy,HostingCluster-009,lt-50,0.60,important-vpn-hosting
NordVPN,HostingCluster-010,100-499,0.62,important-vpn-hosting
ExpressVPN,HostingCluster-010,lt-50,0.62,important-vpn-hosting
Astrill,HostingCluster-010,lt-50,0.62,important-vpn-hosting
IPVanish,HostingCluster-010,lt-50,0.62,important-vpn-hosting
WLVPN,HostingCluster-010,lt-50,0.62,important-vpn-hosting
PureVPN,HostingCluster-010,lt-50,0.62,important-vpn-hosting
Private Internet Access,HostingCluster-010,lt-50,0.62,important-vpn-hosting
Windscribe,HostingCluster-010,lt-50,0.62,important-vpn-hosting
TunnelBear,HostingCluster-010,lt-50,0.62,important-vpn-hosting
ProtonVPN,HostingCluster-010,lt-50,0.62,important-vpn-hosting
Sentinel dVPN,HostingCluster-010,lt-50,0.62,important-vpn-hosting
Ivacy,HostingCluster-010,lt-50,0.62,important-vpn-hosting
Zoogvpn,HostingCluster-010,lt-50,0.62,important-vpn-hosting
Hotspotshield,HostingCluster-010,lt-50,0.62,important-vpn-hosting
Surfshark,HostingCluster-010,lt-50,0.62,important-vpn-hosting
StrongVPN,HostingCluster-010,lt-50,0.62,important-vpn-hosting
CactusVPN,HostingCluster-010,lt-50,0.62,important-vpn-hosting
Sentinel dVPN,HostingCluster-011,100-499,0.55,niche-vpn-hosting
Astrill,HostingCluster-011,50-99,0.55,niche-vpn-hosting
IPVanish,HostingCluster-011,50-99,0.55,niche-vpn-hosting
WLVPN,HostingCluster-011,50-99,0.55,niche-vpn-hosting
Windscribe,HostingCluster-011,lt-50,0.55,niche-vpn-hosting
VPN.ac,HostingCluster-011,lt-50,0.55,niche-vpn-hosting
TunnelBear,HostingCluster-011,lt-50,0.55,niche-vpn-hosting
PureVPN,HostingCluster-011,lt-50,0.55,niche-vpn-hosting
GhostPath,HostingCluster-011,lt-50,0.55,niche-vpn-hosting
Ivacy,HostingCluster-011,lt-50,0.55,niche-vpn-hosting
PrivateVPN,HostingCluster-011,lt-50,0.55,niche-vpn-hosting
IVPN,HostingCluster-011,lt-50,0.55,niche-vpn-hosting
VPN Jantit,HostingCluster-011,lt-50,0.55,niche-vpn-hosting
Surfshark,HostingCluster-011,lt-50,0.55,niche-vpn-hosting
FreeVPN,HostingCluster-011,lt-50,0.55,niche-vpn-hosting
SwitchVPN,HostingCluster-011,lt-50,0.55,niche-vpn-hosting
CyberGhost,HostingCluster-012,lt-50,0.58,important-vpn-hosting
AirVPN,HostingCluster-012,lt-50,0.58,important-vpn-hosting
Psiphon,HostingCluster-012,lt-50,0.58,important-vpn-hosting
NordVPN,HostingCluster-012,lt-50,0.58,important-vpn-hosting
Windscribe,HostingCluster-012,lt-50,0.58,important-vpn-hosting
VPN.ac,HostingCluster-012,lt-50,0.58,important-vpn-hosting
IPVanish,HostingCluster-012,lt-50,0.58,important-vpn-hosting
WLVPN,HostingCluster-012,lt-50,0.58,important-vpn-hosting
PureVPN,HostingCluster-012,lt-50,0.58,important-vpn-hosting
Astrill,HostingCluster-012,lt-50,0.58,important-vpn-hosting
StrongVPN,HostingCluster-012,lt-50,0.58,important-vpn-hosting
Private Internet Access,HostingCluster-012,lt-50,0.58,important-vpn-hosting
Cryptostorm,HostingCluster-012,lt-50,0.58,important-vpn-hosting
ProtonVPN,HostingCluster-012,lt-50,0.58,important-vpn-hosting
Safervpn,HostingCluster-012,lt-50,0.58,important-vpn-hosting
Ivacy,HostingCluster-012,lt-50,0.58,important-vpn-hosting
WLVPN,HostingCluster-013,lt-50,0.55,niche-vpn-hosting
IPVanish,HostingCluster-013,lt-50,0.55,niche-vpn-hosting
Mullvad,HostingCluster-013,lt-50,0.55,niche-vpn-hosting
FrootVPN,HostingCluster-013,lt-50,0.55,niche-vpn-hosting
EasyHideIP,HostingCluster-013,lt-50,0.55,niche-vpn-hosting
Anonine,HostingCluster-013,lt-50,0.55,niche-vpn-hosting
BoxPN,HostingCluster-013,lt-50,0.55,niche-vpn-hosting
Astrill,HostingCluster-013,lt-50,0.55,niche-vpn-hosting
WiTopia,HostingCluster-013,lt-50,0.55,niche-vpn-hosting
TorGuard,HostingCluster-013,lt-50,0.55,niche-vpn-hosting
IVPN,HostingCluster-013,lt-50,0.55,niche-vpn-hosting
StrongVPN,HostingCluster-013,lt-50,0.55,niche-vpn-hosting
RedShield VPN,HostingCluster-013,lt-50,0.55,niche-vpn-hosting
ProtonVPN,HostingCluster-013,lt-50,0.55,niche-vpn-hosting
Zoogvpn,HostingCluster-013,lt-50,0.55,niche-vpn-hosting
FlowVPN,HostingCluster-013,lt-50,0.55,niche-vpn-hosting
AirVPN,HostingCluster-014,100-499,0.54,niche-vpn-hosting
WiTopia,HostingCluster-014,lt-50,0.54,niche-vpn-hosting
VPN Unlimited,HostingCluster-014,lt-50,0.54,niche-vpn-hosting
Sentinel dVPN,HostingCluster-014,lt-50,0.54,niche-vpn-hosting
IVPN,HostingCluster-014,lt-50,0.54,niche-vpn-hosting
Astrill,HostingCluster-014,lt-50,0.54,niche-vpn-hosting
Trust.Zone,HostingCluster-014,lt-50,0.54,niche-vpn-hosting
VPN.ac,HostingCluster-014,lt-50,0.54,niche-vpn-hosting
Proxpn,HostingCluster-014,lt-50,0.54,niche-vpn-hosting
OVPN,HostingCluster-014,lt-50,0.54,niche-vpn-hosting
Smartdnsproxy,HostingCluster-014,lt-50,0.54,niche-vpn-hosting
Getflix,HostingCluster-014,lt-50,0.54,niche-vpn-hosting
ProtonVPN,HostingCluster-014,lt-50,0.54,niche-vpn-hosting
BTGuard,HostingCluster-014,lt-50,0.54,niche-vpn-hosting
Anonvpn,HostingCluster-014,lt-50,0.54,niche-vpn-hosting
Astrill,HostingCluster-015,50-99,0.54,niche-vpn-hosting
VPN Unlimited,HostingCluster-015,50-99,0.54,niche-vpn-hosting
SwitchVPN,HostingCluster-015,lt-50,0.54,niche-vpn-hosting
VPN Jantit,HostingCluster-015,lt-50,0.54,niche-vpn-hosting
FlowVPN,HostingCluster-015,lt-50,0.54,niche-vpn-hosting
Safervpn,HostingCluster-015,lt-50,0.54,niche-vpn-hosting
Smartdnsproxy,HostingCluster-015,lt-50,0.54,niche-vpn-hosting
VPNUK,HostingCluster-015,lt-50,0.54,niche-vpn-hosting
Proxpn,HostingCluster-015,lt-50,0.54,niche-vpn-hosting
TunnelBear,HostingCluster-015,lt-50,0.54,niche-vpn-hosting
IVPN,HostingCluster-015,lt-50,0.54,niche-vpn-hosting
Getflix,HostingCluster-015,lt-50,0.54,niche-vpn-hosting
uVPN,HostingCluster-015,lt-50,0.54,niche-vpn-hosting
BTGuard,HostingCluster-015,lt-50,0.54,niche-vpn-hosting
Zoogvpn,HostingCluster-015,lt-50,0.54,niche-vpn-hosting
Astrill,HostingCluster-016,lt-50,0.58,important-vpn-hosting
Anonine,HostingCluster-016,lt-50,0.58,important-vpn-hosting
FrootVPN,HostingCluster-016,lt-50,0.58,important-vpn-hosting
BoxPN,HostingCluster-016,lt-50,0.58,important-vpn-hosting
EasyHideIP,HostingCluster-016,lt-50,0.58,important-vpn-hosting
Windscribe,HostingCluster-016,lt-50,0.58,important-vpn-hosting
VPN Jantit,HostingCluster-016,lt-50,0.58,important-vpn-hosting
Zoogvpn,HostingCluster-016,lt-50,0.58,important-vpn-hosting
TorGuard,HostingCluster-016,lt-50,0.58,important-vpn-hosting
HideIPVPN,HostingCluster-016,lt-50,0.58,important-vpn-hosting
Sentinel dVPN,HostingCluster-016,lt-50,0.58,important-vpn-hosting
ProtonVPN,HostingCluster-016,lt-50,0.58,important-vpn-hosting
RedShield VPN,HostingCluster-016,lt-50,0.58,important-vpn-hosting
FreeVPN,HostingCluster-016,lt-50,0.58,important-vpn-hosting
Froot,HostingCluster-016,lt-50,0.58,important-vpn-hosting
Mullvad,HostingCluster-017,50-99,0.64,important-vpn-hosting
NordVPN,HostingCluster-017,50-99,0.64,important-vpn-hosting
Surfshark,HostingCluster-017,lt-50,0.64,important-vpn-hosting
Astrill,HostingCluster-017,lt-50,0.64,important-vpn-hosting
IPVanish,HostingCluster-017,lt-50,0.64,important-vpn-hosting
WLVPN,HostingCluster-017,lt-50,0.64,important-vpn-hosting
Privado,HostingCluster-017,lt-50,0.64,important-vpn-hosting
StrongVPN,HostingCluster-017,lt-50,0.64,important-vpn-hosting
PureVPN,HostingCluster-017,lt-50,0.64,important-vpn-hosting
ProtonVPN,HostingCluster-017,lt-50,0.64,important-vpn-hosting
Cryptostorm,HostingCluster-017,lt-50,0.64,important-vpn-hosting
IVPN,HostingCluster-017,lt-50,0.64,important-vpn-hosting
SwitchVPN,HostingCluster-017,lt-50,0.64,important-vpn-hosting
Ivacy,HostingCluster-017,lt-50,0.64,important-vpn-hosting
NordVPN,HostingCluster-018,50-99,0.55,important-vpn-hosting
Mullvad,HostingCluster-018,lt-50,0.55,important-vpn-hosting
ProtonVPN,HostingCluster-018,lt-50,0.55,important-vpn-hosting
Anonine,HostingCluster-018,lt-50,0.55,important-vpn-hosting
EasyHideIP,HostingCluster-018,lt-50,0.55,important-vpn-hosting
FrootVPN,HostingCluster-018,lt-50,0.55,important-vpn-hosting
BoxPN,HostingCluster-018,lt-50,0.55,important-vpn-hosting
Surfshark,HostingCluster-018,lt-50,0.55,important-vpn-hosting
Sentinel dVPN,HostingCluster-018,lt-50,0.55,important-vpn-hosting
PureVPN,HostingCluster-018,lt-50,0.55,important-vpn-hosting
Ivacy,HostingCluster-018,lt-50,0.55,important-vpn-hosting
AzireVPN,HostingCluster-018,lt-50,0.55,important-vpn-hosting
FlowVPN,HostingCluster-018,lt-50,0.55,important-vpn-hosting
PrivateVPN,HostingCluster-018,lt-50,0.55,important-vpn-hosting
ExpressVPN,HostingCluster-019,lt-50,0.60,important-vpn-hosting
WLVPN,HostingCluster-019,lt-50,0.60,important-vpn-hosting
IPVanish,HostingCluster-019,lt-50,0.60,important-vpn-hosting
Mullvad,HostingCluster-019,lt-50,0.60,important-vpn-hosting
Astrill,HostingCluster-019,lt-50,0.60,important-vpn-hosting
GhostPath,HostingCluster-019,lt-50,0.60,important-vpn-hosting
Windscribe,HostingCluster-019,lt-50,0.60,important-vpn-hosting
TunnelBear,HostingCluster-019,lt-50,0.60,important-vpn-hosting
TorGuard,HostingCluster-019,lt-50,0.60,important-vpn-hosting
SlickVPN,HostingCluster-019,lt-50,0.60,important-vpn-hosting
HideIPVPN,HostingCluster-019,lt-50,0.60,important-vpn-hosting
Getflix,HostingCluster-019,lt-50,0.60,important-vpn-hosting
IVPN,HostingCluster-019,lt-50,0.60,important-vpn-hosting
VPN.ac,HostingCluster-019,lt-50,0.60,important-vpn-hosting
Astrill,HostingCluster-020,lt-50,0.53,niche-vpn-hosting
VPN.ac,HostingCluster-020,lt-50,0.53,niche-vpn-hosting
Windscribe,HostingCluster-020,lt-50,0.53,niche-vpn-hosting
Zoogvpn,HostingCluster-020,lt-50,0.53,niche-vpn-hosting
WiTopia,HostingCluster-020,lt-50,0.53,niche-vpn-hosting
VPN Unlimited,HostingCluster-020,lt-50,0.53,niche-vpn-hosting
ExpressVPN,HostingCluster-020,lt-50,0.53,niche-vpn-hosting
Sentinel dVPN,HostingCluster-020,lt-50,0.53,niche-vpn-hosting
VPN Jantit,HostingCluster-020,lt-50,0.53,niche-vpn-hosting
TorGuard,HostingCluster-020,lt-50,0.53,niche-vpn-hosting
FastestVPN,HostingCluster-020,lt-50,0.53,niche-vpn-hosting
OysterVPN,HostingCluster-020,lt-50,0.53,niche-vpn-hosting
Hotspotshield,HostingCluster-020,lt-50,0.53,niche-vpn-hosting
Smartdnsproxy,HostingCluster-020,lt-50,0.53,niche-vpn-hosting
EasyHideIP,HostingCluster-021,lt-50,0.53,niche-vpn-hosting
BoxPN,HostingCluster-021,lt-50,0.53,niche-vpn-hosting
Anonine,HostingCluster-021,lt-50,0.53,niche-vpn-hosting
FrootVPN,HostingCluster-021,lt-50,0.53,niche-vpn-hosting
VPN.ac,HostingCluster-021,lt-50,0.53,niche-vpn-hosting
IVPN,HostingCluster-021,lt-50,0.53,niche-vpn-hosting
WiTopia,HostingCluster-021,lt-50,0.53,niche-vpn-hosting
SwitchVPN,HostingCluster-021,lt-50,0.53,niche-vpn-hosting
HideIPVPN,HostingCluster-021,lt-50,0.53,niche-vpn-hosting
TunnelBear,HostingCluster-021,lt-50,0.53,niche-vpn-hosting
Astrill,HostingCluster-021,lt-50,0.53,niche-vpn-hosting
Zoogvpn,HostingCluster-021,lt-50,0.53,niche-vpn-hosting
CactusVPN,HostingCluster-021,lt-50,0.53,niche-vpn-hosting
Vpnht,HostingCluster-021,lt-50,0.53,niche-vpn-hosting
CyberGhost,HostingCluster-022,lt-50,0.53,niche-vpn-hosting
IPVanish,HostingCluster-022,lt-50,0.53,niche-vpn-hosting
WLVPN,HostingCluster-022,lt-50,0.53,niche-vpn-hosting
Windscribe,HostingCluster-022,lt-50,0.53,niche-vpn-hosting
Astrill,HostingCluster-022,lt-50,0.53,niche-vpn-hosting
PureVPN,HostingCluster-022,lt-50,0.53,niche-vpn-hosting
TorGuard,HostingCluster-022,lt-50,0.53,niche-vpn-hosting
NordVPN,HostingCluster-022,lt-50,0.53,niche-vpn-hosting
Private Internet Access,HostingCluster-022,lt-50,0.53,niche-vpn-hosting
ExpressVPN,HostingCluster-022,lt-50,0.53,niche-vpn-hosting
PrivateVPN,HostingCluster-022,lt-50,0.53,niche-vpn-hosting
Zoogvpn,HostingCluster-022,lt-50,0.53,niche-vpn-hosting
Ivacy,HostingCluster-022,lt-50,0.53,niche-vpn-hosting
GhostPath,HostingCluster-022,lt-50,0.53,niche-vpn-hosting
VPNUK,HostingCluster-023,lt-50,0.55,important-vpn-hosting
HideIPVPN,HostingCluster-023,lt-50,0.55,important-vpn-hosting
WiTopia,HostingCluster-023,lt-50,0.55,important-vpn-hosting
FlowVPN,HostingCluster-023,lt-50,0.55,important-vpn-hosting
Anonine,HostingCluster-023,lt-50,0.55,important-vpn-hosting
BoxPN,HostingCluster-023,lt-50,0.55,important-vpn-hosting
CactusVPN,HostingCluster-023,lt-50,0.55,important-vpn-hosting
VPN Unlimited,HostingCluster-023,lt-50,0.55,important-vpn-hosting
VPN.ac,HostingCluster-023,lt-50,0.55,important-vpn-hosting
SwitchVPN,HostingCluster-023,lt-50,0.55,important-vpn-hosting
Cryptostorm,HostingCluster-023,lt-50,0.55,important-vpn-hosting
Safervpn,HostingCluster-023,lt-50,0.55,important-vpn-hosting
uVPN,HostingCluster-023,lt-50,0.55,important-vpn-hosting
Smartdnsproxy,HostingCluster-023,lt-50,0.55,important-vpn-hosting
OysterVPN,HostingCluster-024,lt-50,0.69,important-vpn-hosting
FlowVPN,HostingCluster-024,lt-50,0.69,important-vpn-hosting
VPN Unlimited,HostingCluster-024,lt-50,0.69,important-vpn-hosting
Sentinel dVPN,HostingCluster-024,lt-50,0.69,important-vpn-hosting
VPNUK,HostingCluster-024,lt-50,0.69,important-vpn-hosting
FastestVPN,HostingCluster-024,lt-50,0.69,important-vpn-hosting
Zoogvpn,HostingCluster-024,lt-50,0.69,important-vpn-hosting
VPNSecure,HostingCluster-024,lt-50,0.69,important-vpn-hosting
AnonymousVPN,HostingCluster-024,lt-50,0.69,important-vpn-hosting
TorGuard,HostingCluster-024,lt-50,0.69,important-vpn-hosting
Safervpn,HostingCluster-024,lt-50,0.69,important-vpn-hosting
CactusVPN,HostingCluster-024,lt-50,0.69,important-vpn-hosting
TunnelBear,HostingCluster-024,lt-50,0.69,important-vpn-hosting
NordVPN,HostingCluster-025,50-99,0.51,niche-vpn-hosting
ExpressVPN,HostingCluster-025,lt-50,0.51,niche-vpn-hosting
Windscribe,HostingCluster-025,lt-50,0.51,niche-vpn-hosting
BoxPN,HostingCluster-025,lt-50,0.51,niche-vpn-hosting
EasyHideIP,HostingCluster-025,lt-50,0.51,niche-vpn-hosting
FrootVPN,HostingCluster-025,lt-50,0.51,niche-vpn-hosting
Anonine,HostingCluster-025,lt-50,0.51,niche-vpn-hosting
WiTopia,HostingCluster-025,lt-50,0.51,niche-vpn-hosting
Astrill,HostingCluster-025,lt-50,0.51,niche-vpn-hosting
Cryptostorm,HostingCluster-025,lt-50,0.51,niche-vpn-hosting
PureVPN,HostingCluster-025,lt-50,0.51,niche-vpn-hosting
Zoogvpn,HostingCluster-025,lt-50,0.51,niche-vpn-hosting
GhostPath,HostingCluster-025,lt-50,0.51,niche-vpn-hosting
Windscribe,HostingCluster-026,lt-50,0.50,niche-vpn-hosting
CyberGhost,HostingCluster-026,lt-50,0.50,niche-vpn-hosting
WLVPN,HostingCluster-026,lt-50,0.50,niche-vpn-hosting
IPVanish,HostingCluster-026,lt-50,0.50,niche-vpn-hosting
ProtonVPN,HostingCluster-026,lt-50,0.50,niche-vpn-hosting
ExpressVPN,HostingCluster-026,lt-50,0.50,niche-vpn-hosting
AirVPN,HostingCluster-026,lt-50,0.50,niche-vpn-hosting
Private Internet Access,HostingCluster-026,lt-50,0.50,niche-vpn-hosting
StrongVPN,HostingCluster-026,lt-50,0.50,niche-vpn-hosting
TorGuard,HostingCluster-026,lt-50,0.50,niche-vpn-hosting
IVPN,HostingCluster-026,lt-50,0.50,niche-vpn-hosting
Astrill,HostingCluster-026,lt-50,0.50,niche-vpn-hosting
NordVPN,HostingCluster-027,100-499,0.57,important-vpn-hosting
CyberGhost,HostingCluster-027,100-499,0.57,important-vpn-hosting
Private Internet Access,HostingCluster-027,100-499,0.57,important-vpn-hosting
ExpressVPN,HostingCluster-027,50-99,0.57,important-vpn-hosting
PureVPN,HostingCluster-027,lt-50,0.57,important-vpn-hosting
IPVanish,HostingCluster-027,lt-50,0.57,important-vpn-hosting
WLVPN,HostingCluster-027,lt-50,0.57,important-vpn-hosting
Windscribe,HostingCluster-027,lt-50,0.57,important-vpn-hosting
Ivacy,HostingCluster-027,lt-50,0.57,important-vpn-hosting
StrongVPN,HostingCluster-027,lt-50,0.57,important-vpn-hosting
ProtonVPN,HostingCluster-027,lt-50,0.57,important-vpn-hosting
TunnelBear,HostingCluster-028,100-499,0.55,niche-vpn-hosting
IPVanish,HostingCluster-028,lt-50,0.55,niche-vpn-hosting
WLVPN,HostingCluster-028,lt-50,0.55,niche-vpn-hosting
Mullvad,HostingCluster-028,lt-50,0.55,niche-vpn-hosting
Windscribe,HostingCluster-028,lt-50,0.55,niche-vpn-hosting
PrivateVPN,HostingCluster-028,lt-50,0.55,niche-vpn-hosting
StrongVPN,HostingCluster-028,lt-50,0.55,niche-vpn-hosting
Astrill,HostingCluster-028,lt-50,0.55,niche-vpn-hosting
VPN Jantit,HostingCluster-028,lt-50,0.55,niche-vpn-hosting
Private Internet Access,HostingCluster-028,lt-50,0.55,niche-vpn-hosting
ExpressVPN,HostingCluster-028,lt-50,0.55,niche-vpn-hosting
CyberGhost,HostingCluster-029,lt-50,0.49,niche-vpn-hosting
WLVPN,HostingCluster-029,lt-50,0.49,niche-vpn-hosting
IPVanish,HostingCluster-029,lt-50,0.49,niche-vpn-hosting
Mullvad,HostingCluster-029,lt-50,0.49,niche-vpn-hosting
PureVPN,HostingCluster-029,lt-50,0.49,niche-vpn-hosting
ExpressVPN,HostingCluster-029,lt-50,0.49,niche-vpn-hosting
Private Internet Access,HostingCluster-029,lt-50,0.49,niche-vpn-hosting
Windscribe,HostingCluster-029,lt-50,0.49,niche-vpn-hosting
ProtonVPN,HostingCluster-029,lt-50,0.49,niche-vpn-hosting
Trust.Zone,HostingCluster-029,lt-50,0.49,niche-vpn-hosting
Ivacy,HostingCluster-029,lt-50,0.49,niche-vpn-hosting
WiTopia,HostingCluster-030,lt-50,0.49,niche-vpn-hosting
BoxPN,HostingCluster-030,lt-50,0.49,niche-vpn-hosting
FrootVPN,HostingCluster-030,lt-50,0.49,niche-vpn-hosting
Anonine,HostingCluster-030,lt-50,0.49,niche-vpn-hosting
EasyHideIP,HostingCluster-030,lt-50,0.49,niche-vpn-hosting
VPN Unlimited,HostingCluster-030,lt-50,0.49,niche-vpn-hosting
Trust.Zone,HostingCluster-030,lt-50,0.49,niche-vpn-hosting
VPN.ac,HostingCluster-030,lt-50,0.49,niche-vpn-hosting
Froot,HostingCluster-030,lt-50,0.49,niche-vpn-hosting
Zoogvpn,HostingCluster-030,lt-50,0.49,niche-vpn-hosting
PrivateVPN,HostingCluster-030,lt-50,0.49,niche-vpn-hosting
Astrill,HostingCluster-031,lt-50,0.49,niche-vpn-hosting
BoxPN,HostingCluster-031,lt-50,0.49,niche-vpn-hosting
Anonine,HostingCluster-031,lt-50,0.49,niche-vpn-hosting
EasyHideIP,HostingCluster-031,lt-50,0.49,niche-vpn-hosting
FrootVPN,HostingCluster-031,lt-50,0.49,niche-vpn-hosting
WiTopia,HostingCluster-031,lt-50,0.49,niche-vpn-hosting
FlowVPN,HostingCluster-031,lt-50,0.49,niche-vpn-hosting
FastestVPN,HostingCluster-031,lt-50,0.49,niche-vpn-hosting
Vpnht,HostingCluster-031,lt-50,0.49,niche-vpn-hosting
SwitchVPN,HostingCluster-031,lt-50,0.49,niche-vpn-hosting
Surfshark,HostingCluster-031,lt-50,0.49,niche-vpn-hosting
TunnelBear,HostingCluster-032,lt-50,0.49,niche-vpn-hosting
Astrill,HostingCluster-032,lt-50,0.49,niche-vpn-hosting
VPN.ac,HostingCluster-032,lt-50,0.49,niche-vpn-hosting
IVPN,HostingCluster-032,lt-50,0.49,niche-vpn-hosting
VPNSecure,HostingCluster-032,lt-50,0.49,niche-vpn-hosting
Proxpn,HostingCluster-032,lt-50,0.49,niche-vpn-hosting
Safervpn,HostingCluster-032,lt-50,0.49,niche-vpn-hosting
VPNUK,HostingCluster-032,lt-50,0.49,niche-vpn-hosting
OysterVPN,HostingCluster-032,lt-50,0.49,niche-vpn-hosting
CactusVPN,HostingCluster-032,lt-50,0.49,niche-vpn-hosting
Sentinel dVPN,HostingCluster-032,lt-50,0.49,niche-vpn-hosting
NordVPN,HostingCluster-033,1k-4.9k,0.52,niche-vpn-hosting
WLVPN,HostingCluster-033,500-999,0.52,niche-vpn-hosting
IPVanish,HostingCluster-033,500-999,0.52,niche-vpn-hosting
Astrill,HostingCluster-033,500-999,0.52,niche-vpn-hosting
ExpressVPN,HostingCluster-033,lt-50,0.52,niche-vpn-hosting
StrongVPN,HostingCluster-033,lt-50,0.52,niche-vpn-hosting
Windscribe,HostingCluster-033,lt-50,0.52,niche-vpn-hosting
KevinVPN,HostingCluster-033,lt-50,0.52,niche-vpn-hosting
Surfshark,HostingCluster-033,lt-50,0.52,niche-vpn-hosting
Private Internet Access,HostingCluster-033,lt-50,0.52,niche-vpn-hosting
Astrill,HostingCluster-034,100-499,0.53,niche-vpn-hosting
CyberGhost,HostingCluster-034,100-499,0.53,niche-vpn-hosting
IPVanish,HostingCluster-034,100-499,0.53,niche-vpn-hosting
WLVPN,HostingCluster-034,100-499,0.53,niche-vpn-hosting
Private Internet Access,HostingCluster-034,lt-50,0.53,niche-vpn-hosting
Psiphon,HostingCluster-034,lt-50,0.53,niche-vpn-hosting
StrongVPN,HostingCluster-034,lt-50,0.53,niche-vpn-hosting
VPN Unlimited,HostingCluster-034,lt-50,0.53,niche-vpn-hosting
GhostPath,HostingCluster-034,lt-50,0.53,niche-vpn-hosting
Sentinel dVPN,HostingCluster-034,lt-50,0.53,niche-vpn-hosting
NordVPN,HostingCluster-035,500-999,0.54,niche-vpn-hosting
WLVPN,HostingCluster-035,lt-50,0.54,niche-vpn-hosting
IPVanish,HostingCluster-035,lt-50,0.54,niche-vpn-hosting
Surfshark,HostingCluster-035,lt-50,0.54,niche-vpn-hosting
Astrill,HostingCluster-035,lt-50,0.54,niche-vpn-hosting
WiTopia,HostingCluster-035,lt-50,0.54,niche-vpn-hosting
PureVPN,HostingCluster-035,lt-50,0.54,niche-vpn-hosting
ProtonVPN,HostingCluster-035,lt-50,0.54,niche-vpn-hosting
FlowVPN,HostingCluster-035,lt-50,0.54,niche-vpn-hosting
PrivateVPN,HostingCluster-035,lt-50,0.54,niche-vpn-hosting
Windscribe,HostingCluster-036,lt-50,0.47,niche-vpn-hosting
VPN.ac,HostingCluster-036,lt-50,0.47,niche-vpn-hosting
WiTopia,HostingCluster-036,lt-50,0.47,niche-vpn-hosting
AirVPN,HostingCluster-036,lt-50,0.47,niche-vpn-hosting
TorGuard,HostingCluster-036,lt-50,0.47,niche-vpn-hosting
PrivateVPN,HostingCluster-036,lt-50,0.47,niche-vpn-hosting
GhostPath,HostingCluster-036,lt-50,0.47,niche-vpn-hosting
Sentinel dVPN,HostingCluster-036,lt-50,0.47,niche-vpn-hosting
Trust.Zone,HostingCluster-036,lt-50,0.47,niche-vpn-hosting
PureVPN,HostingCluster-036,lt-50,0.47,niche-vpn-hosting
Anonine,HostingCluster-037,lt-50,0.47,niche-vpn-hosting
BoxPN,HostingCluster-037,lt-50,0.47,niche-vpn-hosting
EasyHideIP,HostingCluster-037,lt-50,0.47,niche-vpn-hosting
FrootVPN,HostingCluster-037,lt-50,0.47,niche-vpn-hosting
VPN Unlimited,HostingCluster-037,lt-50,0.47,niche-vpn-hosting
Zoogvpn,HostingCluster-037,lt-50,0.47,niche-vpn-hosting
FastestVPN,HostingCluster-037,lt-50,0.47,niche-vpn-hosting
Sentinel dVPN,HostingCluster-037,lt-50,0.47,niche-vpn-hosting
Cryptostorm,HostingCluster-037,lt-50,0.47,niche-vpn-hosting
VPNUK,HostingCluster-037,lt-50,0.47,niche-vpn-hosting
IPVanish,HostingCluster-038,lt-50,0.45,niche-vpn-hosting
WLVPN,HostingCluster-038,lt-50,0.45,niche-vpn-hosting
ProtonVPN,HostingCluster-038,lt-50,0.45,niche-vpn-hosting
VPN.ac,HostingCluster-038,lt-50,0.45,niche-vpn-hosting
BTGuard,HostingCluster-038,lt-50,0.45,niche-vpn-hosting
Astrill,HostingCluster-038,lt-50,0.45,niche-vpn-hosting
Cryptostorm,HostingCluster-038,lt-50,0.45,niche-vpn-hosting
Smartdnsproxy,HostingCluster-038,lt-50,0.45,niche-vpn-hosting
Zoogvpn,HostingCluster-038,lt-50,0.45,niche-vpn-hosting
FrootVPN,HostingCluster-039,lt-50,0.45,niche-vpn-hosting
EasyHideIP,HostingCluster-039,lt-50,0.45,niche-vpn-hosting
Anonine,HostingCluster-039,lt-50,0.45,niche-vpn-hosting
BoxPN,HostingCluster-039,lt-50,0.45,niche-vpn-hosting
Windscribe,HostingCluster-039,lt-50,0.45,niche-vpn-hosting
IVPN,HostingCluster-039,lt-50,0.45,niche-vpn-hosting
TorGuard,HostingCluster-039,lt-50,0.45,niche-vpn-hosting
RedShield VPN,HostingCluster-039,lt-50,0.45,niche-vpn-hosting
Zoogvpn,HostingCluster-039,lt-50,0.45,niche-vpn-hosting
TunnelBear,HostingCluster-040,lt-50,0.45,niche-vpn-hosting
PureVPN,HostingCluster-040,lt-50,0.45,niche-vpn-hosting
Astrill,HostingCluster-040,lt-50,0.45,niche-vpn-hosting
Sentinel dVPN,HostingCluster-040,lt-50,0.45,niche-vpn-hosting
ExpressVPN,HostingCluster-040,lt-50,0.45,niche-vpn-hosting
VPN Unlimited,HostingCluster-040,lt-50,0.45,niche-vpn-hosting
ProtonVPN,HostingCluster-040,lt-50,0.45,niche-vpn-hosting
Private Internet Access,HostingCluster-040,lt-50,0.45,niche-vpn-hosting
Ivacy,HostingCluster-040,lt-50,0.45,niche-vpn-hosting
WLVPN,HostingCluster-041,lt-50,0.45,niche-vpn-hosting
IPVanish,HostingCluster-041,lt-50,0.45,niche-vpn-hosting
BoxPN,HostingCluster-041,lt-50,0.45,niche-vpn-hosting
Anonine,HostingCluster-041,lt-50,0.45,niche-vpn-hosting
FrootVPN,HostingCluster-041,lt-50,0.45,niche-vpn-hosting
EasyHideIP,HostingCluster-041,lt-50,0.45,niche-vpn-hosting
StrongVPN,HostingCluster-041,lt-50,0.45,niche-vpn-hosting
FlowVPN,HostingCluster-041,lt-50,0.45,niche-vpn-hosting
Sentinel dVPN,HostingCluster-041,lt-50,0.45,niche-vpn-hosting
FrootVPN,HostingCluster-042,lt-50,0.45,niche-vpn-hosting
Anonine,HostingCluster-042,lt-50,0.45,niche-vpn-hosting
BoxPN,HostingCluster-042,lt-50,0.45,niche-vpn-hosting
EasyHideIP,HostingCluster-042,lt-50,0.45,niche-vpn-hosting
SmartVPN,HostingCluster-042,lt-50,0.45,niche-vpn-hosting
Trust.Zone,HostingCluster-042,lt-50,0.45,niche-vpn-hosting
GhostPath,HostingCluster-042,lt-50,0.45,niche-vpn-hosting
Astrill,HostingCluster-042,lt-50,0.45,niche-vpn-hosting
Froot,HostingCluster-042,lt-50,0.45,niche-vpn-hosting
SwitchVPN,HostingCluster-043,lt-50,0.45,niche-vpn-hosting
WiTopia,HostingCluster-043,lt-50,0.45,niche-vpn-hosting
Astrill,HostingCluster-043,lt-50,0.45,niche-vpn-hosting
VPNUK,HostingCluster-043,lt-50,0.45,niche-vpn-hosting
TunnelBear,HostingCluster-043,lt-50,0.45,niche-vpn-hosting
AnonymousVPN,HostingCluster-043,lt-50,0.45,niche-vpn-hosting
OVPN,HostingCluster-043,lt-50,0.45,niche-vpn-hosting
Zoogvpn,HostingCluster-043,lt-50,0.45,niche-vpn-hosting
Smartdnsproxy,HostingCluster-043,lt-50,0.45,niche-vpn-hosting
VPN Unlimited,HostingCluster-044,lt-50,0.56,important-vpn-hosting
WorldVPN,HostingCluster-044,lt-50,0.56,important-vpn-hosting
AnonymousVPN,HostingCluster-044,lt-50,0.56,important-vpn-hosting
FlowVPN,HostingCluster-044,lt-50,0.56,important-vpn-hosting
VPNUK,HostingCluster-044,lt-50,0.56,important-vpn-hosting
VPN Jantit,HostingCluster-044,lt-50,0.56,important-vpn-hosting
Kompot VPN,HostingCluster-044,lt-50,0.56,important-vpn-hosting
Zoogvpn,HostingCluster-044,lt-50,0.56,important-vpn-hosting
FrootVPN,HostingCluster-045,lt-50,0.44,niche-vpn-hosting
Anonine,HostingCluster-045,lt-50,0.44,niche-vpn-hosting
BoxPN,HostingCluster-045,lt-50,0.44,niche-vpn-hosting
EasyHideIP,HostingCluster-045,lt-50,0.44,niche-vpn-hosting
Zoogvpn,HostingCluster-045,lt-50,0.44,niche-vpn-hosting
CactusVPN,HostingCluster-045,lt-50,0.44,niche-vpn-hosting
FlowVPN,HostingCluster-045,lt-50,0.44,niche-vpn-hosting
Trust.Zone,HostingCluster-045,lt-50,0.44,niche-vpn-hosting
GhostPath,HostingCluster-046,lt-50,0.50,niche-vpn-hosting
Safervpn,HostingCluster-046,lt-50,0.50,niche-vpn-hosting
Le VPN,HostingCluster-046,lt-50,0.50,niche-vpn-hosting
Astrill,HostingCluster-046,lt-50,0.50,niche-vpn-hosting
FlowVPN,HostingCluster-046,lt-50,0.50,niche-vpn-hosting
Smartdnsproxy,HostingCluster-046,lt-50,0.50,niche-vpn-hosting
SlickVPN,HostingCluster-046,lt-50,0.50,niche-vpn-hosting
SwitchVPN,HostingCluster-046,lt-50,0.50,niche-vpn-hosting
WiTopia,HostingCluster-047,lt-50,0.44,niche-vpn-hosting
Astrill,HostingCluster-047,lt-50,0.44,niche-vpn-hosting
VPNUK,HostingCluster-047,lt-50,0.44,niche-vpn-hosting
Sentinel dVPN,HostingCluster-047,lt-50,0.44,niche-vpn-hosting
Hide.me,HostingCluster-047,lt-50,0.44,niche-vpn-hosting
FlowVPN,HostingCluster-047,lt-50,0.44,niche-vpn-hosting
GhostPath,HostingCluster-047,lt-50,0.44,niche-vpn-hosting
SlickVPN,HostingCluster-047,lt-50,0.44,niche-vpn-hosting
Astrill,HostingCluster-048,lt-50,0.44,niche-vpn-hosting
FlowVPN,HostingCluster-048,lt-50,0.44,niche-vpn-hosting
PrivateVPN,HostingCluster-048,lt-50,0.44,niche-vpn-hosting
VPN Unlimited,HostingCluster-048,lt-50,0.44,niche-vpn-hosting
Safervpn,HostingCluster-048,lt-50,0.44,niche-vpn-hosting
FastestVPN,HostingCluster-048,lt-50,0.44,niche-vpn-hosting
Zoogvpn,HostingCluster-048,lt-50,0.44,niche-vpn-hosting
Sentinel dVPN,HostingCluster-048,lt-50,0.44,niche-vpn-hosting
Mullvad,HostingCluster-049,100-499,0.42,niche-vpn-hosting
AirVPN,HostingCluster-049,100-499,0.42,niche-vpn-hosting
Windscribe,HostingCluster-049,50-99,0.42,niche-vpn-hosting
IVPN,HostingCluster-049,lt-50,0.42,niche-vpn-hosting
Sentinel dVPN,HostingCluster-049,lt-50,0.42,niche-vpn-hosting
AzireVPN,HostingCluster-049,lt-50,0.42,niche-vpn-hosting
CCrypto VPN,HostingCluster-049,lt-50,0.42,niche-vpn-hosting
WLVPN,HostingCluster-050,lt-50,0.44,niche-vpn-hosting
IPVanish,HostingCluster-050,lt-50,0.44,niche-vpn-hosting
Vpnht,HostingCluster-050,lt-50,0.44,niche-vpn-hosting
PureVPN,HostingCluster-050,lt-50,0.44,niche-vpn-hosting
Psiphon,HostingCluster-050,lt-50,0.44,niche-vpn-hosting
StrongVPN,HostingCluster-050,lt-50,0.44,niche-vpn-hosting
Ivacy,HostingCluster-050,lt-50,0.44,niche-vpn-hosting
IPVanish,HostingCluster-051,lt-50,0.42,niche-vpn-hosting
WLVPN,HostingCluster-051,lt-50,0.42,niche-vpn-hosting
Windscribe,HostingCluster-051,lt-50,0.42,niche-vpn-hosting
StrongVPN,HostingCluster-051,lt-50,0.42,niche-vpn-hosting
Astrill,HostingCluster-051,lt-50,0.42,niche-vpn-hosting
Surfshark,HostingCluster-051,lt-50,0.42,niche-vpn-hosting
Sentinel dVPN,HostingCluster-051,lt-50,0.42,niche-vpn-hosting
CyberGhost,HostingCluster-052,lt-50,0.42,niche-vpn-hosting
Windscribe,HostingCluster-052,lt-50,0.42,niche-vpn-hosting
NordVPN,HostingCluster-052,lt-50,0.42,niche-vpn-hosting
ExpressVPN,HostingCluster-052,lt-50,0.42,niche-vpn-hosting
Private Internet Access,HostingCluster-052,lt-50,0.42,niche-vpn-hosting
ProtonVPN,HostingCluster-052,lt-50,0.42,niche-vpn-hosting
Psiphon,HostingCluster-052,lt-50,0.42,niche-vpn-hosting
CyberGhost,HostingCluster-053,lt-50,0.42,niche-vpn-hosting
Astrill,HostingCluster-053,lt-50,0.42,niche-vpn-hosting
WiTopia,HostingCluster-053,lt-50,0.42,niche-vpn-hosting
Private Internet Access,HostingCluster-053,lt-50,0.42,niche-vpn-hosting
ExpressVPN,HostingCluster-053,lt-50,0.42,niche-vpn-hosting
ProtonVPN,HostingCluster-053,lt-50,0.42,niche-vpn-hosting
Zoogvpn,HostingCluster-053,lt-50,0.42,niche-vpn-hosting
CyberGhost,HostingCluster-054,lt-50,0.44,niche-vpn-hosting
Windscribe,HostingCluster-054,lt-50,0.44,niche-vpn-hosting
Private Internet Access,HostingCluster-054,lt-50,0.44,niche-vpn-hosting
NordVPN,HostingCluster-054,lt-50,0.44,niche-vpn-hosting
Cryptostorm,HostingCluster-054,lt-50,0.44,niche-vpn-hosting
ExpressVPN,HostingCluster-054,lt-50,0.44,niche-vpn-hosting
ProtonVPN,HostingCluster-054,lt-50,0.44,niche-vpn-hosting
EasyHideIP,HostingCluster-055,lt-50,0.42,niche-vpn-hosting
Anonine,HostingCluster-055,lt-50,0.42,niche-vpn-hosting
BoxPN,HostingCluster-055,lt-50,0.42,niche-vpn-hosting
FrootVPN,HostingCluster-055,lt-50,0.42,niche-vpn-hosting
Windscribe,HostingCluster-055,lt-50,0.42,niche-vpn-hosting
Surfshark,HostingCluster-055,lt-50,0.42,niche-vpn-hosting
Trust.Zone,HostingCluster-055,lt-50,0.42,niche-vpn-hosting
Astrill,HostingCluster-056,lt-50,0.44,niche-vpn-hosting
PureVPN,HostingCluster-056,lt-50,0.44,niche-vpn-hosting
Sentinel dVPN,HostingCluster-056,lt-50,0.44,niche-vpn-hosting
FlowVPN,HostingCluster-056,lt-50,0.44,niche-vpn-hosting
Ivacy,HostingCluster-056,lt-50,0.44,niche-vpn-hosting
BTGuard,HostingCluster-056,lt-50,0.44,niche-vpn-hosting
Zoogvpn,HostingCluster-056,lt-50,0.44,niche-vpn-hosting
OysterVPN,HostingCluster-057,lt-50,0.53,niche-vpn-hosting
VPN Jantit,HostingCluster-057,lt-50,0.53,niche-vpn-hosting
Zoogvpn,HostingCluster-057,lt-50,0.53,niche-vpn-hosting
Sentinel dVPN,HostingCluster-057,lt-50,0.53,niche-vpn-hosting
FlowVPN,HostingCluster-057,lt-50,0.53,niche-vpn-hosting
Le VPN,HostingCluster-057,lt-50,0.53,niche-vpn-hosting
CactusVPN,HostingCluster-057,lt-50,0.53,niche-vpn-hosting
PureVPN,HostingCluster-058,lt-50,0.46,niche-vpn-hosting
PrivateVPN,HostingCluster-058,lt-50,0.46,niche-vpn-hosting
VPN Jantit,HostingCluster-058,lt-50,0.46,niche-vpn-hosting
Ivacy,HostingCluster-058,lt-50,0.46,niche-vpn-hosting
FlowVPN,HostingCluster-058,lt-50,0.46,niche-vpn-hosting
CactusVPN,HostingCluster-058,lt-50,0.46,niche-vpn-hosting
IVPN,HostingCluster-058,lt-50,0.46,niche-vpn-hosting
Le VPN,HostingCluster-059,lt-50,0.44,niche-vpn-hosting
Smartdnsproxy,HostingCluster-059,lt-50,0.44,niche-vpn-hosting
AnonymousVPN,HostingCluster-059,lt-50,0.44,niche-vpn-hosting
VPN Jantit,HostingCluster-059,lt-50,0.44,niche-vpn-hosting
uVPN,HostingCluster-059,lt-50,0.44,niche-vpn-hosting
KevinVPN,HostingCluster-059,lt-50,0.44,niche-vpn-hosting
PrivateVPN,HostingCluster-059,lt-50,0.44,niche-vpn-hosting
TorGuard,HostingCluster-060,lt-50,0.42,niche-vpn-hosting
Astrill,HostingCluster-060,lt-50,0.42,niche-vpn-hosting
IVPN,HostingCluster-060,lt-50,0.42,niche-vpn-hosting
PrivateVPN,HostingCluster-060,lt-50,0.42,niche-vpn-hosting
VPN.ac,HostingCluster-060,lt-50,0.42,niche-vpn-hosting
FlowVPN,HostingCluster-060,lt-50,0.42,niche-vpn-hosting
Sentinel dVPN,HostingCluster-060,lt-50,0.42,niche-vpn-hosting
WiTopia,HostingCluster-061,lt-50,0.42,niche-vpn-hosting
Le VPN,HostingCluster-061,lt-50,0.42,niche-vpn-hosting
GhostPath,HostingCluster-061,lt-50,0.42,niche-vpn-hosting
Proxpn,HostingCluster-061,lt-50,0.42,niche-vpn-hosting
IVPN,HostingCluster-061,lt-50,0.42,niche-vpn-hosting
PrivateVPN,HostingCluster-061,lt-50,0.42,niche-vpn-hosting
Sentinel dVPN,HostingCluster-061,lt-50,0.42,niche-vpn-hosting
Astrill,HostingCluster-062,100-499,0.39,niche-vpn-hosting
Anonine,HostingCluster-062,lt-50,0.39,niche-vpn-hosting
FrootVPN,HostingCluster-062,lt-50,0.39,niche-vpn-hosting
EasyHideIP,HostingCluster-062,lt-50,0.39,niche-vpn-hosting
BoxPN,HostingCluster-062,lt-50,0.39,niche-vpn-hosting
Froot,HostingCluster-062,lt-50,0.39,niche-vpn-hosting
WLVPN,HostingCluster-063,lt-50,0.39,niche-vpn-hosting
IPVanish,HostingCluster-063,lt-50,0.39,niche-vpn-hosting
Astrill,HostingCluster-063,lt-50,0.39,niche-vpn-hosting
StrongVPN,HostingCluster-063,lt-50,0.39,niche-vpn-hosting
TorGuard,HostingCluster-063,lt-50,0.39,niche-vpn-hosting
Zoogvpn,HostingCluster-063,lt-50,0.39,niche-vpn-hosting
WorldVPN,HostingCluster-064,50-99,0.42,niche-vpn-hosting
Sentinel dVPN,HostingCluster-064,lt-50,0.42,niche-vpn-hosting
Astrill,HostingCluster-064,lt-50,0.42,niche-vpn-hosting
uVPN,HostingCluster-064,lt-50,0.42,niche-vpn-hosting
HideIPVPN,HostingCluster-064,lt-50,0.42,niche-vpn-hosting
CactusVPN,HostingCluster-064,lt-50,0.42,niche-vpn-hosting
AirVPN,HostingCluster-065,lt-50,0.39,niche-vpn-hosting
WiTopia,HostingCluster-065,lt-50,0.39,niche-vpn-hosting
Astrill,HostingCluster-065,lt-50,0.39,niche-vpn-hosting
VPN Unlimited,HostingCluster-065,lt-50,0.39,niche-vpn-hosting
FastestVPN,HostingCluster-065,lt-50,0.39,niche-vpn-hosting
AzireVPN,HostingCluster-065,lt-50,0.39,niche-vpn-hosting
WorldVPN,HostingCluster-066,lt-50,0.48,niche-vpn-hosting
Sentinel dVPN,HostingCluster-066,lt-50,0.48,niche-vpn-hosting
AzireVPN,HostingCluster-066,lt-50,0.48,niche-vpn-hosting
FlowVPN,HostingCluster-066,lt-50,0.48,niche-vpn-hosting
KevinVPN,HostingCluster-066,lt-50,0.48,niche-vpn-hosting
AnonymousVPN,HostingCluster-066,lt-50,0.48,niche-vpn-hosting
Astrill,HostingCluster-067,lt-50,0.42,niche-vpn-hosting
Proxpn,HostingCluster-067,lt-50,0.42,niche-vpn-hosting
VPN Unlimited,HostingCluster-067,lt-50,0.42,niche-vpn-hosting
GhostPath,HostingCluster-067,lt-50,0.42,niche-vpn-hosting
CactusVPN,HostingCluster-067,lt-50,0.42,niche-vpn-hosting
Anonvpn,HostingCluster-067,lt-50,0.42,niche-vpn-hosting
TorGuard,HostingCluster-068,lt-50,0.39,niche-vpn-hosting
FrootVPN,HostingCluster-068,lt-50,0.39,niche-vpn-hosting
Anonine,HostingCluster-068,lt-50,0.39,niche-vpn-hosting
EasyHideIP,HostingCluster-068,lt-50,0.39,niche-vpn-hosting
BoxPN,HostingCluster-068,lt-50,0.39,niche-vpn-hosting
GhostPath,HostingCluster-068,lt-50,0.39,niche-vpn-hosting
EasyHideIP,HostingCluster-069,lt-50,0.39,niche-vpn-hosting
BoxPN,HostingCluster-069,lt-50,0.39,niche-vpn-hosting
Anonine,HostingCluster-069,lt-50,0.39,niche-vpn-hosting
FrootVPN,HostingCluster-069,lt-50,0.39,niche-vpn-hosting
VPNSecure,HostingCluster-069,lt-50,0.39,niche-vpn-hosting
VPNUK,HostingCluster-069,lt-50,0.39,niche-vpn-hosting
SwitchVPN,HostingCluster-070,lt-50,0.39,niche-vpn-hosting
FrootVPN,HostingCluster-070,lt-50,0.39,niche-vpn-hosting
EasyHideIP,HostingCluster-070,lt-50,0.39,niche-vpn-hosting
BoxPN,HostingCluster-070,lt-50,0.39,niche-vpn-hosting
Anonine,HostingCluster-070,lt-50,0.39,niche-vpn-hosting
CactusVPN,HostingCluster-070,lt-50,0.39,niche-vpn-hosting
EasyHideIP,HostingCluster-071,lt-50,0.39,niche-vpn-hosting
FrootVPN,HostingCluster-071,lt-50,0.39,niche-vpn-hosting
Anonine,HostingCluster-071,lt-50,0.39,niche-vpn-hosting
BoxPN,HostingCluster-071,lt-50,0.39,niche-vpn-hosting
Sentinel dVPN,HostingCluster-071,lt-50,0.39,niche-vpn-hosting
Trust.Zone,HostingCluster-071,lt-50,0.39,niche-vpn-hosting
FrootVPN,HostingCluster-072,lt-50,0.39,niche-vpn-hosting
BoxPN,HostingCluster-072,lt-50,0.39,niche-vpn-hosting
EasyHideIP,HostingCluster-072,lt-50,0.39,niche-vpn-hosting
Anonine,HostingCluster-072,lt-50,0.39,niche-vpn-hosting
Astrill,HostingCluster-072,lt-50,0.39,niche-vpn-hosting
CactusVPN,HostingCluster-072,lt-50,0.39,niche-vpn-hosting
BoxPN,HostingCluster-073,lt-50,0.39,niche-vpn-hosting
Anonine,HostingCluster-073,lt-50,0.39,niche-vpn-hosting
FrootVPN,HostingCluster-073,lt-50,0.39,niche-vpn-hosting
EasyHideIP,HostingCluster-073,lt-50,0.39,niche-vpn-hosting
FlowVPN,HostingCluster-073,lt-50,0.39,niche-vpn-hosting
Froot,HostingCluster-073,lt-50,0.39,niche-vpn-hosting
ProtonVPN,HostingCluster-074,lt-50,0.42,niche-vpn-hosting
WiTopia,HostingCluster-074,lt-50,0.42,niche-vpn-hosting
SwitchVPN,HostingCluster-074,lt-50,0.42,niche-vpn-hosting
HideIPVPN,HostingCluster-074,lt-50,0.42,niche-vpn-hosting
PrivateVPN,HostingCluster-074,lt-50,0.42,niche-vpn-hosting
GhostPath,HostingCluster-074,lt-50,0.42,niche-vpn-hosting
Astrill,HostingCluster-075,lt-50,0.39,niche-vpn-hosting
IVPN,HostingCluster-075,lt-50,0.39,niche-vpn-hosting
VPN.ac,HostingCluster-075,lt-50,0.39,niche-vpn-hosting
Safervpn,HostingCluster-075,lt-50,0.39,niche-vpn-hosting
Getflix,HostingCluster-075,lt-50,0.39,niche-vpn-hosting
Smartdnsproxy,HostingCluster-075,lt-50,0.39,niche-vpn-hosting
Smartdnsproxy,HostingCluster-076,lt-50,0.39,niche-vpn-hosting
AnonymousVPN,HostingCluster-076,lt-50,0.39,niche-vpn-hosting
Trust.Zone,HostingCluster-076,lt-50,0.39,niche-vpn-hosting
VPN.ac,HostingCluster-076,lt-50,0.39,niche-vpn-hosting
SwitchVPN,HostingCluster-076,lt-50,0.39,niche-vpn-hosting
FlowVPN,HostingCluster-076,lt-50,0.39,niche-vpn-hosting
WLVPN,HostingCluster-077,50-99,0.36,niche-vpn-hosting
IPVanish,HostingCluster-077,50-99,0.36,niche-vpn-hosting
Astrill,HostingCluster-077,lt-50,0.36,niche-vpn-hosting
StrongVPN,HostingCluster-077,lt-50,0.36,niche-vpn-hosting
Sentinel dVPN,HostingCluster-077,lt-50,0.36,niche-vpn-hosting
PureVPN,HostingCluster-078,lt-50,0.47,niche-vpn-hosting
IPVanish,HostingCluster-078,lt-50,0.47,niche-vpn-hosting
WLVPN,HostingCluster-078,lt-50,0.47,niche-vpn-hosting
Ivacy,HostingCluster-078,lt-50,0.47,niche-vpn-hosting
StrongVPN,HostingCluster-078,lt-50,0.47,niche-vpn-hosting
NordVPN,HostingCluster-079,lt-50,0.36,niche-vpn-hosting
Sentinel dVPN,HostingCluster-079,lt-50,0.36,niche-vpn-hosting
TorGuard,HostingCluster-079,lt-50,0.36,niche-vpn-hosting
Astrill,HostingCluster-079,lt-50,0.36,niche-vpn-hosting
Surfshark,HostingCluster-079,lt-50,0.36,niche-vpn-hosting
BoxPN,HostingCluster-080,lt-50,0.36,niche-vpn-hosting
EasyHideIP,HostingCluster-080,lt-50,0.36,niche-vpn-hosting
Anonine,HostingCluster-080,lt-50,0.36,niche-vpn-hosting
FrootVPN,HostingCluster-080,lt-50,0.36,niche-vpn-hosting
Froot,HostingCluster-080,lt-50,0.36,niche-vpn-hosting
BoxPN,HostingCluster-081,lt-50,0.36,niche-vpn-hosting
FrootVPN,HostingCluster-081,lt-50,0.36,niche-vpn-hosting
EasyHideIP,HostingCluster-081,lt-50,0.36,niche-vpn-hosting
Anonine,HostingCluster-081,lt-50,0.36,niche-vpn-hosting
Astrill,HostingCluster-081,lt-50,0.36,niche-vpn-hosting
WiTopia,HostingCluster-082,lt-50,0.36,niche-vpn-hosting
Astrill,HostingCluster-082,lt-50,0.36,niche-vpn-hosting
VPN Unlimited,HostingCluster-082,lt-50,0.36,niche-vpn-hosting
Le VPN,HostingCluster-082,lt-50,0.36,niche-vpn-hosting
OysterVPN,HostingCluster-082,lt-50,0.36,niche-vpn-hosting
Astrill,HostingCluster-083,lt-50,0.36,niche-vpn-hosting
CyberGhost,HostingCluster-083,lt-50,0.36,niche-vpn-hosting
Sentinel dVPN,HostingCluster-083,lt-50,0.36,niche-vpn-hosting
ExpressVPN,HostingCluster-083,lt-50,0.36,niche-vpn-hosting
NetShade,HostingCluster-083,lt-50,0.36,niche-vpn-hosting
NordVPN,HostingCluster-084,lt-50,0.41,niche-vpn-hosting
IPVanish,HostingCluster-084,lt-50,0.41,niche-vpn-hosting
WLVPN,HostingCluster-084,lt-50,0.41,niche-vpn-hosting
Surfshark,HostingCluster-084,lt-50,0.41,niche-vpn-hosting
Mullvad,HostingCluster-084,lt-50,0.41,niche-vpn-hosting
WiTopia,HostingCluster-085,lt-50,0.36,niche-vpn-hosting
Astrill,HostingCluster-085,lt-50,0.36,niche-vpn-hosting
VPN.ac,HostingCluster-085,lt-50,0.36,niche-vpn-hosting
VPN Unlimited,HostingCluster-085,lt-50,0.36,niche-vpn-hosting
Cryptostorm,HostingCluster-085,lt-50,0.36,niche-vpn-hosting
AirVPN,HostingCluster-086,lt-50,0.36,niche-vpn-hosting
Astrill,HostingCluster-086,lt-50,0.36,niche-vpn-hosting
WiTopia,HostingCluster-086,lt-50,0.36,niche-vpn-hosting
IVPN,HostingCluster-086,lt-50,0.36,niche-vpn-hosting
SwitchVPN,HostingCluster-086,lt-50,0.36,niche-vpn-hosting
Astrill,HostingCluster-087,lt-50,0.36,niche-vpn-hosting
Windscribe,HostingCluster-087,lt-50,0.36,niche-vpn-hosting
ProtonVPN,HostingCluster-087,lt-50,0.36,niche-vpn-hosting
TorGuard,HostingCluster-087,lt-50,0.36,niche-vpn-hosting
StrongVPN,HostingCluster-087,lt-50,0.36,niche-vpn-hosting
Kompot VPN,HostingCluster-088,lt-50,0.36,niche-vpn-hosting
Astrill,HostingCluster-088,lt-50,0.36,niche-vpn-hosting
RedShield VPN,HostingCluster-088,lt-50,0.36,niche-vpn-hosting
GhostPath,HostingCluster-088,lt-50,0.36,niche-vpn-hosting
SlickVPN,HostingCluster-088,lt-50,0.36,niche-vpn-hosting
Kompot VPN,HostingCluster-089,lt-50,0.36,niche-vpn-hosting
GhostPath,HostingCluster-089,lt-50,0.36,niche-vpn-hosting
Zoogvpn,HostingCluster-089,lt-50,0.36,niche-vpn-hosting
PrivateVPN,HostingCluster-089,lt-50,0.36,niche-vpn-hosting
FlowVPN,HostingCluster-089,lt-50,0.36,niche-vpn-hosting
Cryptostorm,HostingCluster-090,lt-50,0.36,niche-vpn-hosting
HideIPVPN,HostingCluster-090,lt-50,0.36,niche-vpn-hosting
FastestVPN,HostingCluster-090,lt-50,0.36,niche-vpn-hosting
PureVPN,HostingCluster-090,lt-50,0.36,niche-vpn-hosting
Ivacy,HostingCluster-090,lt-50,0.36,niche-vpn-hosting
PhantomPeer,HostingCluster-091,lt-50,0.36,niche-vpn-hosting
Safervpn,HostingCluster-091,lt-50,0.36,niche-vpn-hosting
SmartVPN,HostingCluster-091,lt-50,0.36,niche-vpn-hosting
GhostPath,HostingCluster-091,lt-50,0.36,niche-vpn-hosting
Proxpn,HostingCluster-091,lt-50,0.36,niche-vpn-hosting
VPN Unlimited,HostingCluster-092,lt-50,0.36,niche-vpn-hosting
FastestVPN,HostingCluster-092,lt-50,0.36,niche-vpn-hosting
IVPN,HostingCluster-092,lt-50,0.36,niche-vpn-hosting
Sentinel dVPN,HostingCluster-092,lt-50,0.36,niche-vpn-hosting
AnonymousVPN,HostingCluster-092,lt-50,0.36,niche-vpn-hosting
CactusVPN,HostingCluster-093,lt-50,0.36,niche-vpn-hosting
Trust.Zone,HostingCluster-093,lt-50,0.36,niche-vpn-hosting
PrivateVPN,HostingCluster-093,lt-50,0.36,niche-vpn-hosting
IVPN,HostingCluster-093,lt-50,0.36,niche-vpn-hosting
AzireVPN,HostingCluster-093,lt-50,0.36,niche-vpn-hosting
SmartVPN,HostingCluster-094,lt-50,0.36,niche-vpn-hosting
Le VPN,HostingCluster-094,lt-50,0.36,niche-vpn-hosting
Safervpn,HostingCluster-094,lt-50,0.36,niche-vpn-hosting
GhostPath,HostingCluster-094,lt-50,0.36,niche-vpn-hosting
VPNUK,HostingCluster-094,lt-50,0.36,niche-vpn-hosting
Psiphon,HostingCluster-095,100-499,0.43,niche-vpn-hosting
TunnelBear,HostingCluster-095,lt-50,0.43,niche-vpn-hosting
GhostPath,HostingCluster-095,lt-50,0.43,niche-vpn-hosting
SlickVPN,HostingCluster-095,lt-50,0.43,niche-vpn-hosting
Sentinel dVPN,HostingCluster-096,50-99,0.33,niche-vpn-hosting
Psiphon,HostingCluster-096,lt-50,0.33,niche-vpn-hosting
VPN Jantit,HostingCluster-096,lt-50,0.33,niche-vpn-hosting
Astrill,HostingCluster-096,lt-50,0.33,niche-vpn-hosting
AirVPN,HostingCluster-097,50-99,0.33,niche-vpn-hosting
AzireVPN,HostingCluster-097,lt-50,0.33,niche-vpn-hosting
VPN Unlimited,HostingCluster-097,lt-50,0.33,niche-vpn-hosting
Kompot VPN,HostingCluster-097,lt-50,0.33,niche-vpn-hosting
ProtonVPN,HostingCluster-098,50-99,0.33,niche-vpn-hosting
Astrill,HostingCluster-098,lt-50,0.33,niche-vpn-hosting
Trust.Zone,HostingCluster-098,lt-50,0.33,niche-vpn-hosting
Freevpn,HostingCluster-098,lt-50,0.33,niche-vpn-hosting
AirVPN,HostingCluster-099,lt-50,0.33,niche-vpn-hosting
Mullvad,HostingCluster-099,lt-50,0.33,niche-vpn-hosting
IVPN,HostingCluster-099,lt-50,0.33,niche-vpn-hosting
AzireVPN,HostingCluster-099,lt-50,0.33,niche-vpn-hosting
Astrill,HostingCluster-100,lt-50,0.33,niche-vpn-hosting
Windscribe,HostingCluster-100,lt-50,0.33,niche-vpn-hosting
Sentinel dVPN,HostingCluster-100,lt-50,0.33,niche-vpn-hosting
FlowVPN,HostingCluster-100,lt-50,0.33,niche-vpn-hosting
Astrill,HostingCluster-101,lt-50,0.33,niche-vpn-hosting
CactusVPN,HostingCluster-101,lt-50,0.33,niche-vpn-hosting
Sentinel dVPN,HostingCluster-101,lt-50,0.33,niche-vpn-hosting
VPNUK,HostingCluster-101,lt-50,0.33,niche-vpn-hosting
FrootVPN,HostingCluster-102,lt-50,0.33,niche-vpn-hosting
Anonine,HostingCluster-102,lt-50,0.33,niche-vpn-hosting
EasyHideIP,HostingCluster-102,lt-50,0.33,niche-vpn-hosting
BoxPN,HostingCluster-102,lt-50,0.33,niche-vpn-hosting
EasyHideIP,HostingCluster-103,lt-50,0.33,niche-vpn-hosting
Anonine,HostingCluster-103,lt-50,0.33,niche-vpn-hosting
BoxPN,HostingCluster-103,lt-50,0.33,niche-vpn-hosting
FrootVPN,HostingCluster-103,lt-50,0.33,niche-vpn-hosting
CyberGhost,HostingCluster-104,lt-50,0.36,niche-vpn-hosting
NordVPN,HostingCluster-104,lt-50,0.36,niche-vpn-hosting
Astrill,HostingCluster-104,lt-50,0.36,niche-vpn-hosting
Private Internet Access,HostingCluster-104,lt-50,0.36,niche-vpn-hosting
Mullvad,HostingCluster-105,lt-50,0.33,niche-vpn-hosting
AzireVPN,HostingCluster-105,lt-50,0.33,niche-vpn-hosting
PrivateVPN,HostingCluster-105,lt-50,0.33,niche-vpn-hosting
SwitchVPN,HostingCluster-105,lt-50,0.33,niche-vpn-hosting
VPN Gate,HostingCluster-106,lt-50,0.33,niche-vpn-hosting
Astrill,HostingCluster-106,lt-50,0.33,niche-vpn-hosting
FlowVPN,HostingCluster-106,lt-50,0.33,niche-vpn-hosting
Sentinel dVPN,HostingCluster-106,lt-50,0.33,niche-vpn-hosting
Windscribe,HostingCluster-107,lt-50,0.33,niche-vpn-hosting
WiTopia,HostingCluster-107,lt-50,0.33,niche-vpn-hosting
GhostPath,HostingCluster-107,lt-50,0.33,niche-vpn-hosting
Cryptostorm,HostingCluster-107,lt-50,0.33,niche-vpn-hosting
WiTopia,HostingCluster-108,lt-50,0.33,niche-vpn-hosting
Windscribe,HostingCluster-108,lt-50,0.33,niche-vpn-hosting
GhostPath,HostingCluster-108,lt-50,0.33,niche-vpn-hosting
SlickVPN,HostingCluster-108,lt-50,0.33,niche-vpn-hosting
VPN.ac,HostingCluster-109,lt-50,0.33,niche-vpn-hosting
Astrill,HostingCluster-109,lt-50,0.33,niche-vpn-hosting
IVPN,HostingCluster-109,lt-50,0.33,niche-vpn-hosting
VPNUK,HostingCluster-109,lt-50,0.33,niche-vpn-hosting
VPN.ac,HostingCluster-110,lt-50,0.33,niche-vpn-hosting
PureVPN,HostingCluster-110,lt-50,0.33,niche-vpn-hosting
Astrill,HostingCluster-110,lt-50,0.33,niche-vpn-hosting
SwitchVPN,HostingCluster-110,lt-50,0.33,niche-vpn-hosting
CyberGhost,HostingCluster-111,lt-50,0.33,niche-vpn-hosting
Windscribe,HostingCluster-111,lt-50,0.33,niche-vpn-hosting
NordVPN,HostingCluster-111,lt-50,0.33,niche-vpn-hosting
Private Internet Access,HostingCluster-111,lt-50,0.33,niche-vpn-hosting
FastestVPN,HostingCluster-112,lt-50,0.36,niche-vpn-hosting
Mullvad,HostingCluster-112,lt-50,0.36,niche-vpn-hosting
Sentinel dVPN,HostingCluster-112,lt-50,0.36,niche-vpn-hosting
AzireVPN,HostingCluster-112,lt-50,0.36,niche-vpn-hosting
Astrill,HostingCluster-113,lt-50,0.33,niche-vpn-hosting
VPN.ac,HostingCluster-113,lt-50,0.33,niche-vpn-hosting
Sentinel dVPN,HostingCluster-113,lt-50,0.33,niche-vpn-hosting
Proxpn,HostingCluster-113,lt-50,0.33,niche-vpn-hosting
Sentinel dVPN,HostingCluster-114,lt-50,0.38,niche-vpn-hosting
FlowVPN,HostingCluster-114,lt-50,0.38,niche-vpn-hosting
FreeVPN,HostingCluster-114,lt-50,0.38,niche-vpn-hosting
WorldVPN,HostingCluster-114,lt-50,0.38,niche-vpn-hosting
WorldVPN,HostingCluster-115,lt-50,0.33,niche-vpn-hosting
VPN Unlimited,HostingCluster-115,lt-50,0.33,niche-vpn-hosting
FlowVPN,HostingCluster-115,lt-50,0.33,niche-vpn-hosting
CactusVPN,HostingCluster-115,lt-50,0.33,niche-vpn-hosting
PureVPN,HostingCluster-116,lt-50,0.36,niche-vpn-hosting
Ivacy,HostingCluster-116,lt-50,0.36,niche-vpn-hosting
VPN Gate,HostingCluster-116,lt-50,0.36,niche-vpn-hosting
ProtonVPN,HostingCluster-116,lt-50,0.36,niche-vpn-hosting
Astrill,HostingCluster-117,lt-50,0.33,niche-vpn-hosting
VPN.ac,HostingCluster-117,lt-50,0.33,niche-vpn-hosting
GhostPath,HostingCluster-117,lt-50,0.33,niche-vpn-hosting
VPNUK,HostingCluster-117,lt-50,0.33,niche-vpn-hosting
VPN Unlimited,HostingCluster-118,lt-50,0.33,niche-vpn-hosting
FlowVPN,HostingCluster-118,lt-50,0.33,niche-vpn-hosting
Safervpn,HostingCluster-118,lt-50,0.33,niche-vpn-hosting
Vpnht,HostingCluster-118,lt-50,0.33,niche-vpn-hosting
Astrill,HostingCluster-119,lt-50,0.33,niche-vpn-hosting
VPN Unlimited,HostingCluster-119,lt-50,0.33,niche-vpn-hosting
SlickVPN,HostingCluster-119,lt-50,0.33,niche-vpn-hosting
GhostPath,HostingCluster-119,lt-50,0.33,niche-vpn-hosting
VPN Unlimited,HostingCluster-120,lt-50,0.33,niche-vpn-hosting
Astrill,HostingCluster-120,lt-50,0.33,niche-vpn-hosting
Smartdnsproxy,HostingCluster-120,lt-50,0.33,niche-vpn-hosting
Getflix,HostingCluster-120,lt-50,0.33,niche-vpn-hosting
WiTopia,HostingCluster-121,lt-50,0.33,niche-vpn-hosting
GhostPath,HostingCluster-121,lt-50,0.33,niche-vpn-hosting
SmartVPN,HostingCluster-121,lt-50,0.33,niche-vpn-hosting
Zoogvpn,HostingCluster-121,lt-50,0.33,niche-vpn-hosting
SotaVPN,HostingCluster-122,lt-50,0.33,niche-vpn-hosting
FreeVPN,HostingCluster-122,lt-50,0.33,niche-vpn-hosting
Safervpn,HostingCluster-122,lt-50,0.33,niche-vpn-hosting
Zoogvpn,HostingCluster-122,lt-50,0.33,niche-vpn-hosting
Private Internet Access,HostingCluster-123,lt-50,0.33,niche-vpn-hosting
Smartdnsproxy,HostingCluster-123,lt-50,0.33,niche-vpn-hosting
CyberGhost,HostingCluster-123,lt-50,0.33,niche-vpn-hosting
Getflix,HostingCluster-123,lt-50,0.33,niche-vpn-hosting
Windscribe,HostingCluster-124,lt-50,0.33,niche-vpn-hosting
CactusVPN,HostingCluster-124,lt-50,0.33,niche-vpn-hosting
IVPN,HostingCluster-124,lt-50,0.33,niche-vpn-hosting
PrivateVPN,HostingCluster-124,lt-50,0.33,niche-vpn-hosting
Astrill,HostingCluster-125,lt-50,0.33,niche-vpn-hosting
Sentinel dVPN,HostingCluster-125,lt-50,0.33,niche-vpn-hosting
FlowVPN,HostingCluster-125,lt-50,0.33,niche-vpn-hosting
VPNSecure,HostingCluster-125,lt-50,0.33,niche-vpn-hosting
Astrill,HostingCluster-126,lt-50,0.33,niche-vpn-hosting
VPN Jantit,HostingCluster-126,lt-50,0.33,niche-vpn-hosting
Zoogvpn,HostingCluster-126,lt-50,0.33,niche-vpn-hosting
GhostPath,HostingCluster-126,lt-50,0.33,niche-vpn-hosting
Astrill,HostingCluster-127,lt-50,0.33,niche-vpn-hosting
Smartdnsproxy,HostingCluster-127,lt-50,0.33,niche-vpn-hosting
Getflix,HostingCluster-127,lt-50,0.33,niche-vpn-hosting
Vpnht,HostingCluster-127,lt-50,0.33,niche-vpn-hosting
Trust.Zone,HostingCluster-128,lt-50,0.33,niche-vpn-hosting
Cryptostorm,HostingCluster-128,lt-50,0.33,niche-vpn-hosting
IVPN,HostingCluster-128,lt-50,0.33,niche-vpn-hosting
Goosevpn,HostingCluster-128,lt-50,0.33,niche-vpn-hosting
WLVPN,HostingCluster-129,1k-4.9k,0.29,limited-signal-hosting
IPVanish,HostingCluster-129,1k-4.9k,0.29,limited-signal-hosting
StrongVPN,HostingCluster-129,100-499,0.29,limited-signal-hosting
AirVPN,HostingCluster-130,500-999,0.32,niche-vpn-hosting
NordVPN,HostingCluster-130,lt-50,0.32,niche-vpn-hosting
Surfshark,HostingCluster-130,lt-50,0.32,niche-vpn-hosting
WLVPN,HostingCluster-131,100-499,0.29,limited-signal-hosting
IPVanish,HostingCluster-131,100-499,0.29,limited-signal-hosting
StrongVPN,HostingCluster-131,lt-50,0.29,limited-signal-hosting
StrongVPN,HostingCluster-132,100-499,0.29,limited-signal-hosting
WLVPN,HostingCluster-132,100-499,0.29,limited-signal-hosting
IPVanish,HostingCluster-132,100-499,0.29,limited-signal-hosting
OVPN,HostingCluster-133,50-99,0.29,limited-signal-hosting
AzireVPN,HostingCluster-133,lt-50,0.29,limited-signal-hosting
PrivateVPN,HostingCluster-133,lt-50,0.29,limited-signal-hosting
WLVPN,HostingCluster-134,lt-50,0.29,limited-signal-hosting
IPVanish,HostingCluster-134,lt-50,0.29,limited-signal-hosting
StrongVPN,HostingCluster-134,lt-50,0.29,limited-signal-hosting
Astrill,HostingCluster-135,50-99,0.29,limited-signal-hosting
NetShade,HostingCluster-135,lt-50,0.29,limited-signal-hosting
Sentinel dVPN,HostingCluster-135,lt-50,0.29,limited-signal-hosting
AirVPN,HostingCluster-136,lt-50,0.29,limited-signal-hosting
Windscribe,HostingCluster-136,lt-50,0.29,limited-signal-hosting
WiTopia,HostingCluster-136,lt-50,0.29,limited-signal-hosting
VPN Jantit,HostingCluster-137,lt-50,0.32,niche-vpn-hosting
Sentinel dVPN,HostingCluster-137,lt-50,0.32,niche-vpn-hosting
WorldVPN,HostingCluster-137,lt-50,0.32,niche-vpn-hosting
Sentinel dVPN,HostingCluster-138,lt-50,0.29,limited-signal-hosting
FlowVPN,HostingCluster-138,lt-50,0.29,limited-signal-hosting
Windscribe,HostingCluster-138,lt-50,0.29,limited-signal-hosting
VPN Jantit,HostingCluster-139,lt-50,0.29,limited-signal-hosting
Kompot VPN,HostingCluster-139,lt-50,0.29,limited-signal-hosting
FlowVPN,HostingCluster-139,lt-50,0.29,limited-signal-hosting
Sentinel dVPN,HostingCluster-140,lt-50,0.32,niche-vpn-hosting
FreeVPN,HostingCluster-140,lt-50,0.32,niche-vpn-hosting
KevinVPN,HostingCluster-140,lt-50,0.32,niche-vpn-hosting
WiTopia,HostingCluster-141,lt-50,0.29,limited-signal-hosting
Astrill,HostingCluster-141,lt-50,0.29,limited-signal-hosting
Cryptostorm,HostingCluster-141,lt-50,0.29,limited-signal-hosting
WLVPN,HostingCluster-142,lt-50,0.29,limited-signal-hosting
IPVanish,HostingCluster-142,lt-50,0.29,limited-signal-hosting
ProtonVPN,HostingCluster-142,lt-50,0.29,limited-signal-hosting
WorldVPN,HostingCluster-143,lt-50,0.32,niche-vpn-hosting
VPN Jantit,HostingCluster-143,lt-50,0.32,niche-vpn-hosting
AnonymousVPN,HostingCluster-143,lt-50,0.32,niche-vpn-hosting
Astrill,HostingCluster-144,lt-50,0.29,limited-signal-hosting
Sentinel dVPN,HostingCluster-144,lt-50,0.29,limited-signal-hosting
KevinVPN,HostingCluster-144,lt-50,0.29,limited-signal-hosting
Sentinel dVPN,HostingCluster-145,lt-50,0.29,limited-signal-hosting
KevinVPN,HostingCluster-145,lt-50,0.29,limited-signal-hosting
FreeVPN,HostingCluster-145,lt-50,0.29,limited-signal-hosting
PrivateVPN,HostingCluster-146,lt-50,0.34,niche-vpn-hosting
AzireVPN,HostingCluster-146,lt-50,0.34,niche-vpn-hosting
AnonymousVPN,HostingCluster-146,lt-50,0.34,niche-vpn-hosting
Astrill,HostingCluster-147,lt-50,0.29,limited-signal-hosting
ProtonVPN,HostingCluster-147,lt-50,0.29,limited-signal-hosting
Sentinel dVPN,HostingCluster-147,lt-50,0.29,limited-signal-hosting
NordVPN,HostingCluster-148,lt-50,0.29,limited-signal-hosting
Windscribe,HostingCluster-148,lt-50,0.29,limited-signal-hosting
Astrill,HostingCluster-148,lt-50,0.29,limited-signal-hosting
Windscribe,HostingCluster-149,lt-50,0.29,limited-signal-hosting
WiTopia,HostingCluster-149,lt-50,0.29,limited-signal-hosting
Astrill,HostingCluster-149,lt-50,0.29,limited-signal-hosting
FreeVPN,HostingCluster-150,lt-50,0.34,niche-vpn-hosting
FlowVPN,HostingCluster-150,lt-50,0.34,niche-vpn-hosting
VPN Jantit,HostingCluster-150,lt-50,0.34,niche-vpn-hosting
Astrill,HostingCluster-151,lt-50,0.29,limited-signal-hosting
Surfshark,HostingCluster-151,lt-50,0.29,limited-signal-hosting
GhostPath,HostingCluster-151,lt-50,0.29,limited-signal-hosting
VPN.ac,HostingCluster-152,lt-50,0.29,limited-signal-hosting
Windscribe,HostingCluster-152,lt-50,0.29,limited-signal-hosting
IVPN,HostingCluster-152,lt-50,0.29,limited-signal-hosting
WorldVPN,HostingCluster-153,lt-50,0.32,niche-vpn-hosting
VPN Unlimited,HostingCluster-153,lt-50,0.32,niche-vpn-hosting
VPN Jantit,HostingCluster-153,lt-50,0.32,niche-vpn-hosting
Astrill,HostingCluster-154,lt-50,0.29,limited-signal-hosting
WiTopia,HostingCluster-154,lt-50,0.29,limited-signal-hosting
PureVPN,HostingCluster-154,lt-50,0.29,limited-signal-hosting
Astrill,HostingCluster-155,lt-50,0.29,limited-signal-hosting
VPN.ac,HostingCluster-155,lt-50,0.29,limited-signal-hosting
VPN Unlimited,HostingCluster-155,lt-50,0.29,limited-signal-hosting
FlowVPN,HostingCluster-156,lt-50,0.29,limited-signal-hosting
VPN Gate,HostingCluster-156,lt-50,0.29,limited-signal-hosting
Windscribe,HostingCluster-156,lt-50,0.29,limited-signal-hosting
PureVPN,HostingCluster-157,lt-50,0.32,niche-vpn-hosting
Ivacy,HostingCluster-157,lt-50,0.32,niche-vpn-hosting
Trust.Zone,HostingCluster-157,lt-50,0.32,niche-vpn-hosting
Psiphon,HostingCluster-158,lt-50,0.29,limited-signal-hosting
Astrill,HostingCluster-158,lt-50,0.29,limited-signal-hosting
VPN.ac,HostingCluster-158,lt-50,0.29,limited-signal-hosting
WorldVPN,HostingCluster-159,lt-50,0.32,niche-vpn-hosting
AnonymousVPN,HostingCluster-159,lt-50,0.32,niche-vpn-hosting
VPN Jantit,HostingCluster-159,lt-50,0.32,niche-vpn-hosting
Vpnht,HostingCluster-160,lt-50,0.29,limited-signal-hosting
Kompot VPN,HostingCluster-160,lt-50,0.29,limited-signal-hosting
Sentinel dVPN,HostingCluster-160,lt-50,0.29,limited-signal-hosting
SotaVPN,HostingCluster-161,lt-50,0.29,limited-signal-hosting
Sentinel dVPN,HostingCluster-161,lt-50,0.29,limited-signal-hosting
FlowVPN,HostingCluster-161,lt-50,0.29,limited-signal-hosting
Astrill,HostingCluster-162,lt-50,0.29,limited-signal-hosting
FlowVPN,HostingCluster-162,lt-50,0.29,limited-signal-hosting
GhostPath,HostingCluster-162,lt-50,0.29,limited-signal-hosting
Astrill,HostingCluster-163,lt-50,0.32,niche-vpn-hosting
GhostPath,HostingCluster-163,lt-50,0.32,niche-vpn-hosting
NetShade,HostingCluster-163,lt-50,0.32,niche-vpn-hosting
Windscribe,HostingCluster-164,lt-50,0.29,limited-signal-hosting
Astrill,HostingCluster-164,lt-50,0.29,limited-signal-hosting
ProtonVPN,HostingCluster-164,lt-50,0.29,limited-signal-hosting
NordVPN,HostingCluster-165,lt-50,0.29,limited-signal-hosting
Sentinel dVPN,HostingCluster-165,lt-50,0.29,limited-signal-hosting
Astrill,HostingCluster-165,lt-50,0.29,limited-signal-hosting
WiTopia,HostingCluster-166,lt-50,0.29,limited-signal-hosting
GhostPath,HostingCluster-166,lt-50,0.29,limited-signal-hosting
FastestVPN,HostingCluster-166,lt-50,0.29,limited-signal-hosting
WorldVPN,HostingCluster-167,lt-50,0.32,niche-vpn-hosting
Trust.Zone,HostingCluster-167,lt-50,0.32,niche-vpn-hosting
FlowVPN,HostingCluster-167,lt-50,0.32,niche-vpn-hosting
Astrill,HostingCluster-168,lt-50,0.29,limited-signal-hosting
VPN Unlimited,HostingCluster-168,lt-50,0.29,limited-signal-hosting
VPN.ac,HostingCluster-168,lt-50,0.29,limited-signal-hosting
Astrill,HostingCluster-169,lt-50,0.32,niche-vpn-hosting
Hotspotshield,HostingCluster-169,lt-50,0.32,niche-vpn-hosting
GhostPath,HostingCluster-169,lt-50,0.32,niche-vpn-hosting
Cryptostorm,HostingCluster-170,lt-50,0.32,niche-vpn-hosting
Sentinel dVPN,HostingCluster-170,lt-50,0.32,niche-vpn-hosting
CactusVPN,HostingCluster-170,lt-50,0.32,niche-vpn-hosting
Astrill,HostingCluster-171,lt-50,0.29,limited-signal-hosting
AnonymousVPN,HostingCluster-171,lt-50,0.29,limited-signal-hosting
Hotspotshield,HostingCluster-171,lt-50,0.29,limited-signal-hosting
VPN Unlimited,HostingCluster-172,lt-50,0.29,limited-signal-hosting
GhostPath,HostingCluster-172,lt-50,0.29,limited-signal-hosting
SmartVPN,HostingCluster-172,lt-50,0.29,limited-signal-hosting
Windscribe,HostingCluster-173,lt-50,0.29,limited-signal-hosting
ExpressVPN,HostingCluster-173,lt-50,0.29,limited-signal-hosting
Zoogvpn,HostingCluster-173,lt-50,0.29,limited-signal-hosting
Astrill,HostingCluster-174,lt-50,0.29,limited-signal-hosting
Safervpn,HostingCluster-174,lt-50,0.29,limited-signal-hosting
VPN Unlimited,HostingCluster-174,lt-50,0.29,limited-signal-hosting
Astrill,HostingCluster-175,lt-50,0.32,niche-vpn-hosting
OysterVPN,HostingCluster-175,lt-50,0.32,niche-vpn-hosting
VPNUK,HostingCluster-175,lt-50,0.32,niche-vpn-hosting
Trust.Zone,HostingCluster-176,lt-50,0.29,limited-signal-hosting
VPN Unlimited,HostingCluster-176,lt-50,0.29,limited-signal-hosting
VPN Jantit,HostingCluster-176,lt-50,0.29,limited-signal-hosting
VPNSecure,HostingCluster-177,lt-50,0.29,limited-signal-hosting
FlowVPN,HostingCluster-177,lt-50,0.29,limited-signal-hosting
GhostPath,HostingCluster-177,lt-50,0.29,limited-signal-hosting
AzireVPN,HostingCluster-178,lt-50,0.29,limited-signal-hosting
PrivateVPN,HostingCluster-178,lt-50,0.29,limited-signal-hosting
RedShield VPN,HostingCluster-178,lt-50,0.29,limited-signal-hosting
HideIPVPN,HostingCluster-179,lt-50,0.29,limited-signal-hosting
Getflix,HostingCluster-179,lt-50,0.29,limited-signal-hosting
Smartdnsproxy,HostingCluster-179,lt-50,0.29,limited-signal-hosting
VPNSecure,HostingCluster-180,lt-50,0.29,limited-signal-hosting
ProtonVPN,HostingCluster-180,lt-50,0.29,limited-signal-hosting
Integrityvpn,HostingCluster-180,lt-50,0.29,limited-signal-hosting
PrivateVPN,HostingCluster-181,lt-50,0.29,limited-signal-hosting
Safervpn,HostingCluster-181,lt-50,0.29,limited-signal-hosting
FlowVPN,HostingCluster-181,lt-50,0.29,limited-signal-hosting
OysterVPN,HostingCluster-182,lt-50,0.29,limited-signal-hosting
VPNUK,HostingCluster-182,lt-50,0.29,limited-signal-hosting
FastestVPN,HostingCluster-182,lt-50,0.29,limited-signal-hosting
IPVanish,HostingCluster-183,50-99,0.24,limited-signal-hosting
WLVPN,HostingCluster-183,50-99,0.24,limited-signal-hosting
ExpressVPN,HostingCluster-184,100-499,0.27,limited-signal-hosting
Private Internet Access,HostingCluster-184,lt-50,0.27,limited-signal-hosting
Giganews,HostingCluster-185,50-99,0.24,limited-signal-hosting
VyprVPN,HostingCluster-185,50-99,0.24,limited-signal-hosting
Astrill,HostingCluster-186,50-99,0.24,limited-signal-hosting
FlowVPN,HostingCluster-186,lt-50,0.24,limited-signal-hosting
Mullvad,HostingCluster-187,lt-50,0.24,limited-signal-hosting
AzireVPN,HostingCluster-187,lt-50,0.24,limited-signal-hosting
AirVPN,HostingCluster-188,lt-50,0.24,limited-signal-hosting
TunnelBear,HostingCluster-188,lt-50,0.24,limited-signal-hosting
VyprVPN,HostingCluster-189,lt-50,0.24,limited-signal-hosting
Giganews,HostingCluster-189,lt-50,0.24,limited-signal-hosting
Sentinel dVPN,HostingCluster-190,lt-50,0.24,limited-signal-hosting
VPN Jantit,HostingCluster-190,lt-50,0.24,limited-signal-hosting
WiTopia,HostingCluster-191,lt-50,0.24,limited-signal-hosting
Astrill,HostingCluster-191,lt-50,0.24,limited-signal-hosting
NordVPN,HostingCluster-192,lt-50,0.24,limited-signal-hosting
FastestVPN,HostingCluster-192,lt-50,0.24,limited-signal-hosting
Sentinel dVPN,HostingCluster-193,lt-50,0.27,limited-signal-hosting
WorldVPN,HostingCluster-193,lt-50,0.27,limited-signal-hosting
VPN Unlimited,HostingCluster-194,lt-50,0.24,limited-signal-hosting
Hotspotshield,HostingCluster-194,lt-50,0.24,limited-signal-hosting
WiTopia,HostingCluster-195,lt-50,0.24,limited-signal-hosting
Astrill,HostingCluster-195,lt-50,0.24,limited-signal-hosting
Astrill,HostingCluster-196,lt-50,0.24,limited-signal-hosting
WiTopia,HostingCluster-196,lt-50,0.24,limited-signal-hosting
WiTopia,HostingCluster-197,lt-50,0.24,limited-signal-hosting
Astrill,HostingCluster-197,lt-50,0.24,limited-signal-hosting
Perimeter81,HostingCluster-198,lt-50,0.24,limited-signal-hosting
FlowVPN,HostingCluster-198,lt-50,0.24,limited-signal-hosting
Windscribe,HostingCluster-199,lt-50,0.24,limited-signal-hosting
FlowVPN,HostingCluster-199,lt-50,0.24,limited-signal-hosting
Vpnht,HostingCluster-200,lt-50,0.24,limited-signal-hosting
Sentinel dVPN,HostingCluster-200,lt-50,0.24,limited-signal-hosting
VPN Jantit,HostingCluster-201,lt-50,0.27,limited-signal-hosting
FreeVPN,HostingCluster-201,lt-50,0.27,limited-signal-hosting
Astrill,HostingCluster-202,lt-50,0.24,limited-signal-hosting
FlowVPN,HostingCluster-202,lt-50,0.24,limited-signal-hosting
Sentinel dVPN,HostingCluster-203,lt-50,0.24,limited-signal-hosting
KevinVPN,HostingCluster-203,lt-50,0.24,limited-signal-hosting
Astrill,HostingCluster-204,lt-50,0.24,limited-signal-hosting
FlowVPN,HostingCluster-204,lt-50,0.24,limited-signal-hosting
Sentinel dVPN,HostingCluster-205,lt-50,0.24,limited-signal-hosting
KevinVPN,HostingCluster-205,lt-50,0.24,limited-signal-hosting
Astrill,HostingCluster-206,lt-50,0.24,limited-signal-hosting
WiTopia,HostingCluster-206,lt-50,0.24,limited-signal-hosting
Astrill,HostingCluster-207,lt-50,0.24,limited-signal-hosting
Vpnht,HostingCluster-207,lt-50,0.24,limited-signal-hosting
Sentinel dVPN,HostingCluster-208,lt-50,0.24,limited-signal-hosting
KevinVPN,HostingCluster-208,lt-50,0.24,limited-signal-hosting
WiTopia,HostingCluster-209,lt-50,0.24,limited-signal-hosting
VPN.ac,HostingCluster-209,lt-50,0.24,limited-signal-hosting
Astrill,HostingCluster-210,lt-50,0.24,limited-signal-hosting
WiTopia,HostingCluster-210,lt-50,0.24,limited-signal-hosting
Astrill,HostingCluster-211,lt-50,0.24,limited-signal-hosting
Sentinel dVPN,HostingCluster-211,lt-50,0.24,limited-signal-hosting
Sentinel dVPN,HostingCluster-212,lt-50,0.24,limited-signal-hosting
Astrill,HostingCluster-212,lt-50,0.24,limited-signal-hosting
Windscribe,HostingCluster-213,lt-50,0.24,limited-signal-hosting
VPN Jantit,HostingCluster-213,lt-50,0.24,limited-signal-hosting
Sentinel dVPN,HostingCluster-214,lt-50,0.24,limited-signal-hosting
Astrill,HostingCluster-214,lt-50,0.24,limited-signal-hosting
Mullvad,HostingCluster-215,lt-50,0.24,limited-signal-hosting
AzireVPN,HostingCluster-215,lt-50,0.24,limited-signal-hosting
Sentinel dVPN,HostingCluster-216,lt-50,0.24,limited-signal-hosting
MoriVPN,HostingCluster-216,lt-50,0.24,limited-signal-hosting
FlowVPN,HostingCluster-217,lt-50,0.24,limited-signal-hosting
Safervpn,HostingCluster-217,lt-50,0.24,limited-signal-hosting
Mullvad,HostingCluster-218,lt-50,0.24,limited-signal-hosting
Astrill,HostingCluster-218,lt-50,0.24,limited-signal-hosting
VPN Jantit,HostingCluster-219,lt-50,0.24,limited-signal-hosting
FlowVPN,HostingCluster-219,lt-50,0.24,limited-signal-hosting
Kompot VPN,HostingCluster-220,lt-50,0.24,limited-signal-hosting
KeyDrop,HostingCluster-220,lt-50,0.24,limited-signal-hosting
Sentinel dVPN,HostingCluster-221,lt-50,0.24,limited-signal-hosting
KevinVPN,HostingCluster-221,lt-50,0.24,limited-signal-hosting
Windscribe,HostingCluster-222,lt-50,0.24,limited-signal-hosting
PrivateVPN,HostingCluster-222,lt-50,0.24,limited-signal-hosting
VPNObratno,HostingCluster-223,lt-50,0.24,limited-signal-hosting
VPN Gate,HostingCluster-223,lt-50,0.24,limited-signal-hosting
Sentinel dVPN,HostingCluster-224,lt-50,0.24,limited-signal-hosting
VPN Jantit,HostingCluster-224,lt-50,0.24,limited-signal-hosting
VPN Unlimited,HostingCluster-225,lt-50,0.24,limited-signal-hosting
Astrill,HostingCluster-225,lt-50,0.24,limited-signal-hosting
Astrill,HostingCluster-226,lt-50,0.24,limited-signal-hosting
Windscribe,HostingCluster-226,lt-50,0.24,limited-signal-hosting
VPN.ac,HostingCluster-227,lt-50,0.24,limited-signal-hosting
HideIPVPN,HostingCluster-227,lt-50,0.24,limited-signal-hosting
WiTopia,HostingCluster-228,lt-50,0.24,limited-signal-hosting
Zoogvpn,HostingCluster-228,lt-50,0.24,limited-signal-hosting
Astrill,HostingCluster-229,lt-50,0.24,limited-signal-hosting
FlowVPN,HostingCluster-229,lt-50,0.24,limited-signal-hosting
FlowVPN,HostingCluster-230,lt-50,0.24,limited-signal-hosting
Sentinel dVPN,HostingCluster-230,lt-50,0.24,limited-signal-hosting
Sentinel dVPN,HostingCluster-231,lt-50,0.24,limited-signal-hosting
Astrill,HostingCluster-231,lt-50,0.24,limited-signal-hosting
FlowVPN,HostingCluster-232,lt-50,0.24,limited-signal-hosting
GhostPath,HostingCluster-232,lt-50,0.24,limited-signal-hosting
PrivateVPN,HostingCluster-233,lt-50,0.31,niche-vpn-hosting
AzireVPN,HostingCluster-233,lt-50,0.31,niche-vpn-hosting
Sentinel dVPN,HostingCluster-234,lt-50,0.24,limited-signal-hosting
KevinVPN,HostingCluster-234,lt-50,0.24,limited-signal-hosting
Trust.Zone,HostingCluster-235,lt-50,0.24,limited-signal-hosting
Sentinel dVPN,HostingCluster-235,lt-50,0.24,limited-signal-hosting
Astrill,HostingCluster-236,lt-50,0.24,limited-signal-hosting
Sentinel dVPN,HostingCluster-236,lt-50,0.24,limited-signal-hosting
VPN Gate,HostingCluster-237,lt-50,0.24,limited-signal-hosting
FlowVPN,HostingCluster-237,lt-50,0.24,limited-signal-hosting
WiTopia,HostingCluster-238,lt-50,0.24,limited-signal-hosting
VPN Gate,HostingCluster-238,lt-50,0.24,limited-signal-hosting
Windscribe,HostingCluster-239,lt-50,0.24,limited-signal-hosting
AzireVPN,HostingCluster-239,lt-50,0.24,limited-signal-hosting
FlowVPN,HostingCluster-240,lt-50,0.24,limited-signal-hosting
Zoogvpn,HostingCluster-240,lt-50,0.24,limited-signal-hosting
Sentinel dVPN,HostingCluster-241,lt-50,0.24,limited-signal-hosting
KevinVPN,HostingCluster-241,lt-50,0.24,limited-signal-hosting
Kompot VPN,HostingCluster-242,lt-50,0.24,limited-signal-hosting
VPN Jantit,HostingCluster-242,lt-50,0.24,limited-signal-hosting
Sentinel dVPN,HostingCluster-243,lt-50,0.24,limited-signal-hosting
FlowVPN,HostingCluster-243,lt-50,0.24,limited-signal-hosting
Sentinel dVPN,HostingCluster-244,lt-50,0.24,limited-signal-hosting
VPN Jantit,HostingCluster-244,lt-50,0.24,limited-signal-hosting
TorGuard,HostingCluster-245,lt-50,0.24,limited-signal-hosting
Sentinel dVPN,HostingCluster-245,lt-50,0.24,limited-signal-hosting
VPN.ac,HostingCluster-246,lt-50,0.24,limited-signal-hosting
Sentinel dVPN,HostingCluster-246,lt-50,0.24,limited-signal-hosting
Private Internet Access,HostingCluster-247,lt-50,0.24,limited-signal-hosting
CyberGhost,HostingCluster-247,lt-50,0.24,limited-signal-hosting
VPN Jantit,HostingCluster-248,lt-50,0.24,limited-signal-hosting
Sentinel dVPN,HostingCluster-248,lt-50,0.24,limited-signal-hosting
Sentinel dVPN,HostingCluster-249,lt-50,0.24,limited-signal-hosting
KevinVPN,HostingCluster-249,lt-50,0.24,limited-signal-hosting
Astrill,HostingCluster-250,lt-50,0.24,limited-signal-hosting
SwitchVPN,HostingCluster-250,lt-50,0.24,limited-signal-hosting
Trust.Zone,HostingCluster-251,lt-50,0.24,limited-signal-hosting
VPN Jantit,HostingCluster-251,lt-50,0.24,limited-signal-hosting
Astrill,HostingCluster-252,lt-50,0.24,limited-signal-hosting
Trust.Zone,HostingCluster-252,lt-50,0.24,limited-signal-hosting
Astrill,HostingCluster-253,lt-50,0.24,limited-signal-hosting
FlowVPN,HostingCluster-253,lt-50,0.24,limited-signal-hosting
TorGuard,HostingCluster-254,lt-50,0.24,limited-signal-hosting
GhostPath,HostingCluster-254,lt-50,0.24,limited-signal-hosting
Astrill,HostingCluster-255,lt-50,0.24,limited-signal-hosting
PrivateVPN,HostingCluster-255,lt-50,0.24,limited-signal-hosting
Smartdnsproxy,HostingCluster-256,lt-50,0.24,limited-signal-hosting
Getflix,HostingCluster-256,lt-50,0.24,limited-signal-hosting
KevinVPN,HostingCluster-257,lt-50,0.24,limited-signal-hosting
Sentinel dVPN,HostingCluster-257,lt-50,0.24,limited-signal-hosting
Surfshark,HostingCluster-258,lt-50,0.24,limited-signal-hosting
CCrypto VPN,HostingCluster-258,lt-50,0.24,limited-signal-hosting
AnonymousVPN,HostingCluster-259,lt-50,0.24,limited-signal-hosting
WorldVPN,HostingCluster-259,lt-50,0.24,limited-signal-hosting
Astrill,HostingCluster-260,lt-50,0.24,limited-signal-hosting
Sentinel dVPN,HostingCluster-260,lt-50,0.24,limited-signal-hosting
Sentinel dVPN,HostingCluster-261,lt-50,0.24,limited-signal-hosting
VPN Jantit,HostingCluster-261,lt-50,0.24,limited-signal-hosting
VPNSecure,HostingCluster-262,lt-50,0.24,limited-signal-hosting
FlowVPN,HostingCluster-262,lt-50,0.24,limited-signal-hosting
MoriVPN,HostingCluster-263,lt-50,0.24,limited-signal-hosting
Sentinel dVPN,HostingCluster-263,lt-50,0.24,limited-signal-hosting
GhostPath,HostingCluster-264,lt-50,0.24,limited-signal-hosting
SlickVPN,HostingCluster-264,lt-50,0.24,limited-signal-hosting
Smartdnsproxy,HostingCluster-265,lt-50,0.24,limited-signal-hosting
Getflix,HostingCluster-265,lt-50,0.24,limited-signal-hosting
FreeVPN,HostingCluster-266,lt-50,0.24,limited-signal-hosting
Zoogvpn,HostingCluster-266,lt-50,0.24,limited-signal-hosting
CactusVPN,HostingCluster-267,lt-50,0.24,limited-signal-hosting
HideIPVPN,HostingCluster-267,lt-50,0.24,limited-signal-hosting
FlowVPN,HostingCluster-268,lt-50,0.24,limited-signal-hosting
VPNSecure,HostingCluster-268,lt-50,0.24,limited-signal-hosting
WorldVPN,HostingCluster-269,lt-50,0.27,limited-signal-hosting
VPN Jantit,HostingCluster-269,lt-50,0.27,limited-signal-hosting
Sentinel dVPN,HostingCluster-270,lt-50,0.24,limited-signal-hosting
FlowVPN,HostingCluster-270,lt-50,0.24,limited-signal-hosting
VPN Jantit,HostingCluster-271,lt-50,0.24,limited-signal-hosting
Sentinel dVPN,HostingCluster-271,lt-50,0.24,limited-signal-hosting
Sentinel dVPN,HostingCluster-272,lt-50,0.24,limited-signal-hosting
AnonymousVPN,HostingCluster-272,lt-50,0.24,limited-signal-hosting
VPN Unlimited,HostingCluster-273,lt-50,0.24,limited-signal-hosting
GhostPath,HostingCluster-273,lt-50,0.24,limited-signal-hosting
FlowVPN,HostingCluster-274,lt-50,0.24,limited-signal-hosting
Sentinel dVPN,HostingCluster-274,lt-50,0.24,limited-signal-hosting
VPN Jantit,HostingCluster-275,lt-50,0.27,limited-signal-hosting
CactusVPN,HostingCluster-275,lt-50,0.27,limited-signal-hosting
Sentinel dVPN,HostingCluster-276,lt-50,0.24,limited-signal-hosting
KeyDrop,HostingCluster-276,lt-50,0.24,limited-signal-hosting
KevinVPN,HostingCluster-277,lt-50,0.24,limited-signal-hosting
Sentinel dVPN,HostingCluster-277,lt-50,0.24,limited-signal-hosting
WorldVPN,HostingCluster-278,lt-50,0.24,limited-signal-hosting
VPN Jantit,HostingCluster-278,lt-50,0.24,limited-signal-hosting
KevinVPN,HostingCluster-279,lt-50,0.24,limited-signal-hosting
FreeVPN,HostingCluster-279,lt-50,0.24,limited-signal-hosting
PureVPN,HostingCluster-280,lt-50,0.24,limited-signal-hosting
Ivacy,HostingCluster-280,lt-50,0.24,limited-signal-hosting
ProtonVPN,HostingCluster-281,lt-50,0.24,limited-signal-hosting
AzireVPN,HostingCluster-281,lt-50,0.24,limited-signal-hosting
CCrypto VPN,HostingCluster-282,lt-50,0.24,limited-signal-hosting
Sentinel dVPN,HostingCluster-282,lt-50,0.24,limited-signal-hosting
VPN Jantit,HostingCluster-283,lt-50,0.24,limited-signal-hosting
FlowVPN,HostingCluster-283,lt-50,0.24,limited-signal-hosting
CactusVPN,HostingCluster-284,lt-50,0.24,limited-signal-hosting
LimeVPN,HostingCluster-284,lt-50,0.24,limited-signal-hosting
Goosevpn,HostingCluster-285,lt-50,0.24,limited-signal-hosting
Sentinel dVPN,HostingCluster-285,lt-50,0.24,limited-signal-hosting
Zoogvpn,HostingCluster-286,lt-50,0.24,limited-signal-hosting
Sentinel dVPN,HostingCluster-286,lt-50,0.24,limited-signal-hosting
Sentinel dVPN,HostingCluster-287,lt-50,0.24,limited-signal-hosting
KevinVPN,HostingCluster-287,lt-50,0.24,limited-signal-hosting
Sentinel dVPN,HostingCluster-288,lt-50,0.24,limited-signal-hosting
KevinVPN,HostingCluster-288,lt-50,0.24,limited-signal-hosting
VPN Jantit,HostingCluster-289,lt-50,0.24,limited-signal-hosting
Zoogvpn,HostingCluster-289,lt-50,0.24,limited-signal-hosting
AnonymousVPN,HostingCluster-290,lt-50,0.24,limited-signal-hosting
VPN Jantit,HostingCluster-290,lt-50,0.24,limited-signal-hosting
FlowVPN,HostingCluster-291,lt-50,0.24,limited-signal-hosting
GhostPath,HostingCluster-291,lt-50,0.24,limited-signal-hosting
Safervpn,HostingCluster-292,lt-50,0.24,limited-signal-hosting
CactusVPN,HostingCluster-292,lt-50,0.24,limited-signal-hosting
FlowVPN,HostingCluster-293,lt-50,0.24,limited-signal-hosting
AnonymousVPN,HostingCluster-293,lt-50,0.24,limited-signal-hosting
FreeVPN,HostingCluster-294,lt-50,0.27,limited-signal-hosting
AnonymousVPN,HostingCluster-294,lt-50,0.27,limited-signal-hosting
VPNSecure,HostingCluster-295,lt-50,0.24,limited-signal-hosting
Sentinel dVPN,HostingCluster-295,lt-50,0.24,limited-signal-hosting
uVPN,HostingCluster-296,lt-50,0.24,limited-signal-hosting
GhostPath,HostingCluster-296,lt-50,0.24,limited-signal-hosting
Proxpn,HostingCluster-297,lt-50,0.24,limited-signal-hosting
PrivateVPN,HostingCluster-297,lt-50,0.24,limited-signal-hosting
PrivateVPN,HostingCluster-298,lt-50,0.24,limited-signal-hosting
ProtonVPN,HostingCluster-298,lt-50,0.24,limited-signal-hosting
FlowVPN,HostingCluster-299,lt-50,0.24,limited-signal-hosting
Sentinel dVPN,HostingCluster-299,lt-50,0.24,limited-signal-hosting
GhostPath,HostingCluster-300,lt-50,0.24,limited-signal-hosting
SlickVPN,HostingCluster-300,lt-50,0.24,limited-signal-hosting
SlickVPN,HostingCluster-301,lt-50,0.24,limited-signal-hosting
GhostPath,HostingCluster-301,lt-50,0.24,limited-signal-hosting
CyberGhost,HostingCluster-302,lt-50,0.24,limited-signal-hosting
Private Internet Access,HostingCluster-302,lt-50,0.24,limited-signal-hosting
NetShade,HostingCluster-303,lt-50,0.24,limited-signal-hosting
VPN.ac,HostingCluster-303,lt-50,0.24,limited-signal-hosting
Vpnfacile,HostingCluster-304,lt-50,0.24,limited-signal-hosting
Astrill,HostingCluster-304,lt-50,0.24,limited-signal-hosting
GhostPath,HostingCluster-305,lt-50,0.24,limited-signal-hosting
FlowVPN,HostingCluster-305,lt-50,0.24,limited-signal-hosting
Sentinel dVPN,HostingCluster-306,lt-50,0.24,limited-signal-hosting
Astrill,HostingCluster-306,lt-50,0.24,limited-signal-hosting
LimeVPN,HostingCluster-307,lt-50,0.24,limited-signal-hosting
CactusVPN,HostingCluster-307,lt-50,0.24,limited-signal-hosting
LimeVPN,HostingCluster-308,lt-50,0.24,limited-signal-hosting
CactusVPN,HostingCluster-308,lt-50,0.24,limited-signal-hosting
PrivateVPN,HostingCluster-309,lt-50,0.24,limited-signal-hosting
HideIPVPN,HostingCluster-309,lt-50,0.24,limited-signal-hosting
Getflix,HostingCluster-310,lt-50,0.24,limited-signal-hosting
Smartdnsproxy,HostingCluster-310,lt-50,0.24,limited-signal-hosting
NordVPN,HostingCluster-311,1k-4.9k,0.19,limited-signal-hosting
NordVPN,HostingCluster-312,100-499,0.17,limited-signal-hosting
Njalla,HostingCluster-313,100-499,0.17,limited-signal-hosting
Mullvad,HostingCluster-314,100-499,0.17,limited-signal-hosting
Surfshark,HostingCluster-315,100-499,0.39,niche-vpn-hosting
Privado,HostingCluster-316,50-99,0.17,limited-signal-hosting
AirVPN,HostingCluster-317,50-99,0.17,limited-signal-hosting
AirVPN,HostingCluster-318,50-99,0.17,limited-signal-hosting
Sentinel dVPN,HostingCluster-319,50-99,0.17,limited-signal-hosting
WiTopia,HostingCluster-320,lt-50,0.17,limited-signal-hosting
Privado,HostingCluster-321,lt-50,0.17,limited-signal-hosting
PrivateVPN,HostingCluster-322,lt-50,0.27,limited-signal-hosting
Opera VPN,HostingCluster-323,lt-50,0.17,limited-signal-hosting
Astrill,HostingCluster-324,lt-50,0.17,limited-signal-hosting
Privado,HostingCluster-325,lt-50,0.17,limited-signal-hosting
CyberGhost,HostingCluster-326,lt-50,0.17,limited-signal-hosting
Psiphon,HostingCluster-327,lt-50,0.17,limited-signal-hosting
ProtonVPN,HostingCluster-328,lt-50,0.17,limited-signal-hosting
Windscribe,HostingCluster-329,lt-50,0.17,limited-signal-hosting
ProtonVPN,HostingCluster-330,lt-50,0.17,limited-signal-hosting
SSHMax,HostingCluster-331,lt-50,0.17,limited-signal-hosting
WiTopia,HostingCluster-332,lt-50,0.17,limited-signal-hosting
VPNUK,HostingCluster-333,lt-50,0.17,limited-signal-hosting
NordVPN,HostingCluster-334,lt-50,0.17,limited-signal-hosting
TunnelBear,HostingCluster-335,lt-50,0.17,limited-signal-hosting
VPN Gate,HostingCluster-336,lt-50,0.17,limited-signal-hosting
Windscribe,HostingCluster-337,lt-50,0.17,limited-signal-hosting
Sentinel dVPN,HostingCluster-338,lt-50,0.17,limited-signal-hosting
Sentinel dVPN,HostingCluster-339,lt-50,0.17,limited-signal-hosting
Sentinel dVPN,HostingCluster-340,lt-50,0.17,limited-signal-hosting
Sentinel dVPN,HostingCluster-341,lt-50,0.17,limited-signal-hosting
CyberGhost,HostingCluster-342,lt-50,0.17,limited-signal-hosting
Astrill,HostingCluster-343,lt-50,0.17,limited-signal-hosting
Astrill,HostingCluster-344,lt-50,0.17,limited-signal-hosting
Sentinel dVPN,HostingCluster-345,lt-50,0.17,limited-signal-hosting
Sentinel dVPN,HostingCluster-346,lt-50,0.17,limited-signal-hosting
CyberGhost,HostingCluster-347,lt-50,0.17,limited-signal-hosting
VPN Gate,HostingCluster-348,lt-50,0.17,limited-signal-hosting
Vpnht,HostingCluster-349,lt-50,0.17,limited-signal-hosting
Psiphon,HostingCluster-350,lt-50,0.17,limited-signal-hosting
Sentinel dVPN,HostingCluster-351,lt-50,0.17,limited-signal-hosting
Windscribe,HostingCluster-352,lt-50,0.17,limited-signal-hosting
FlowVPN,HostingCluster-353,lt-50,0.17,limited-signal-hosting
Sentinel dVPN,HostingCluster-354,lt-50,0.17,limited-signal-hosting
Windscribe,HostingCluster-355,lt-50,0.17,limited-signal-hosting
Windscribe,HostingCluster-356,lt-50,0.17,limited-signal-hosting
RedShield VPN,HostingCluster-357,lt-50,0.17,limited-signal-hosting
Sentinel dVPN,HostingCluster-358,lt-50,0.17,limited-signal-hosting
Astrill,HostingCluster-359,lt-50,0.17,limited-signal-hosting
Sentinel dVPN,HostingCluster-360,lt-50,0.17,limited-signal-hosting
Sentinel dVPN,HostingCluster-361,lt-50,0.17,limited-signal-hosting
Sentinel dVPN,HostingCluster-362,lt-50,0.17,limited-signal-hosting
Sentinel dVPN,HostingCluster-363,lt-50,0.17,limited-signal-hosting
Astrill,HostingCluster-364,lt-50,0.17,limited-signal-hosting
NordVPN,HostingCluster-365,lt-50,0.17,limited-signal-hosting
NordVPN,HostingCluster-366,lt-50,0.17,limited-signal-hosting
PrivateVPN,HostingCluster-367,lt-50,0.17,limited-signal-hosting
Sentinel dVPN,HostingCluster-368,lt-50,0.17,limited-signal-hosting
Sentinel dVPN,HostingCluster-369,lt-50,0.17,limited-signal-hosting
VPN Gate,HostingCluster-370,lt-50,0.17,limited-signal-hosting
Astrill,HostingCluster-371,lt-50,0.17,limited-signal-hosting
Sentinel dVPN,HostingCluster-372,lt-50,0.17,limited-signal-hosting
Vpnht,HostingCluster-373,lt-50,0.17,limited-signal-hosting
ProtonVPN,HostingCluster-374,lt-50,0.17,limited-signal-hosting
Astrill,HostingCluster-375,lt-50,0.17,limited-signal-hosting
Sentinel dVPN,HostingCluster-376,lt-50,0.17,limited-signal-hosting
Windscribe,HostingCluster-377,lt-50,0.17,limited-signal-hosting
Windscribe,HostingCluster-378,lt-50,0.17,limited-signal-hosting
Windscribe,HostingCluster-379,lt-50,0.17,limited-signal-hosting
Mullvad,HostingCluster-380,lt-50,0.17,limited-signal-hosting
Sentinel dVPN,HostingCluster-381,lt-50,0.17,limited-signal-hosting
Windscribe,HostingCluster-382,lt-50,0.17,limited-signal-hosting
Sentinel dVPN,HostingCluster-383,lt-50,0.17,limited-signal-hosting
Windscribe,HostingCluster-384,lt-50,0.17,limited-signal-hosting
Sentinel dVPN,HostingCluster-385,lt-50,0.17,limited-signal-hosting
FlowVPN,HostingCluster-386,lt-50,0.17,limited-signal-hosting
VPN Jantit,HostingCluster-387,lt-50,0.17,limited-signal-hosting
Sentinel dVPN,HostingCluster-388,lt-50,0.17,limited-signal-hosting
Astrill,HostingCluster-389,lt-50,0.17,limited-signal-hosting
Sentinel dVPN,HostingCluster-390,lt-50,0.17,limited-signal-hosting
Sentinel dVPN,HostingCluster-391,lt-50,0.17,limited-signal-hosting
Kompot VPN,HostingCluster-392,lt-50,0.17,limited-signal-hosting
Sentinel dVPN,HostingCluster-393,lt-50,0.17,limited-signal-hosting
Freedomip,HostingCluster-394,lt-50,0.17,limited-signal-hosting
Vpnht,HostingCluster-395,lt-50,0.17,limited-signal-hosting
Kompot VPN,HostingCluster-396,lt-50,0.17,limited-signal-hosting
Sentinel dVPN,HostingCluster-397,lt-50,0.17,limited-signal-hosting
WiTopia,HostingCluster-398,lt-50,0.17,limited-signal-hosting
SwitchVPN,HostingCluster-399,lt-50,0.17,limited-signal-hosting
WorldVPN,HostingCluster-400,lt-50,0.17,limited-signal-hosting
Sentinel dVPN,HostingCluster-401,lt-50,0.17,limited-signal-hosting
KevinVPN,HostingCluster-402,lt-50,0.17,limited-signal-hosting
ProtonVPN,HostingCluster-403,lt-50,0.17,limited-signal-hosting
WiTopia,HostingCluster-404,lt-50,0.17,limited-signal-hosting
WiTopia,HostingCluster-405,lt-50,0.17,limited-signal-hosting
Sentinel dVPN,HostingCluster-406,lt-50,0.17,limited-signal-hosting
Mullvad,HostingCluster-407,lt-50,0.17,limited-signal-hosting
Sentinel dVPN,HostingCluster-408,lt-50,0.17,limited-signal-hosting
KevinVPN,HostingCluster-409,lt-50,0.17,limited-signal-hosting
Sentinel dVPN,HostingCluster-410,lt-50,0.17,limited-signal-hosting
VPN Gate,HostingCluster-411,lt-50,0.17,limited-signal-hosting
Astrill,HostingCluster-412,lt-50,0.17,limited-signal-hosting
Sentinel dVPN,HostingCluster-413,lt-50,0.17,limited-signal-hosting
NordVPN,HostingCluster-414,lt-50,0.17,limited-signal-hosting
Mullvad,HostingCluster-415,lt-50,0.17,limited-signal-hosting
Sentinel dVPN,HostingCluster-416,lt-50,0.17,limited-signal-hosting
Psiphon,HostingCluster-417,lt-50,0.17,limited-signal-hosting
Astrill,HostingCluster-418,lt-50,0.17,limited-signal-hosting
Sentinel dVPN,HostingCluster-419,lt-50,0.17,limited-signal-hosting
NordVPN,HostingCluster-420,lt-50,0.17,limited-signal-hosting
Private Internet Access,HostingCluster-421,lt-50,0.17,limited-signal-hosting
KevinVPN,HostingCluster-422,lt-50,0.17,limited-signal-hosting
PrivateVPN,HostingCluster-423,lt-50,0.17,limited-signal-hosting
Astrill,HostingCluster-424,lt-50,0.17,limited-signal-hosting
Sentinel dVPN,HostingCluster-425,lt-50,0.17,limited-signal-hosting
Sentinel dVPN,HostingCluster-426,lt-50,0.17,limited-signal-hosting
Astrill,HostingCluster-427,lt-50,0.17,limited-signal-hosting
Astrill,HostingCluster-428,lt-50,0.17,limited-signal-hosting
Mullvad,HostingCluster-429,lt-50,0.17,limited-signal-hosting
Mullvad,HostingCluster-430,lt-50,0.17,limited-signal-hosting
Mullvad,HostingCluster-431,lt-50,0.17,limited-signal-hosting
Mullvad,HostingCluster-432,lt-50,0.17,limited-signal-hosting
WiTopia,HostingCluster-433,lt-50,0.17,limited-signal-hosting
NordVPN,HostingCluster-434,lt-50,0.17,limited-signal-hosting
FlowVPN,HostingCluster-435,lt-50,0.17,limited-signal-hosting
FlowVPN,HostingCluster-436,lt-50,0.17,limited-signal-hosting
Astrill,HostingCluster-437,lt-50,0.17,limited-signal-hosting
FlowVPN,HostingCluster-438,lt-50,0.17,limited-signal-hosting
Windscribe,HostingCluster-439,lt-50,0.17,limited-signal-hosting
Astrill,HostingCluster-440,lt-50,0.17,limited-signal-hosting
Astrill,HostingCluster-441,lt-50,0.17,limited-signal-hosting
Astrill,HostingCluster-442,lt-50,0.17,limited-signal-hosting
Sentinel dVPN,HostingCluster-443,lt-50,0.17,limited-signal-hosting
Windscribe,HostingCluster-444,lt-50,0.17,limited-signal-hosting
Sentinel dVPN,HostingCluster-445,lt-50,0.19,limited-signal-hosting
Windscribe,HostingCluster-446,lt-50,0.17,limited-signal-hosting
VPN Gate,HostingCluster-447,lt-50,0.17,limited-signal-hosting
VPN Gate,HostingCluster-448,lt-50,0.17,limited-signal-hosting
VPN Gate,HostingCluster-449,lt-50,0.17,limited-signal-hosting
KeyDrop,HostingCluster-450,lt-50,0.17,limited-signal-hosting
Sentinel dVPN,HostingCluster-451,lt-50,0.17,limited-signal-hosting
Windscribe,HostingCluster-452,lt-50,0.17,limited-signal-hosting
Sentinel dVPN,HostingCluster-453,lt-50,0.17,limited-signal-hosting
Astrill,HostingCluster-454,lt-50,0.17,limited-signal-hosting
Sentinel dVPN,HostingCluster-455,lt-50,0.17,limited-signal-hosting
FlowVPN,HostingCluster-456,lt-50,0.17,limited-signal-hosting
Sentinel dVPN,HostingCluster-457,lt-50,0.17,limited-signal-hosting
Astrill,HostingCluster-458,lt-50,0.17,limited-signal-hosting
GhostPath,HostingCluster-459,lt-50,0.17,limited-signal-hosting
Sentinel dVPN,HostingCluster-460,lt-50,0.17,limited-signal-hosting
Astrill,HostingCluster-461,lt-50,0.17,limited-signal-hosting
Goosevpn,HostingCluster-462,lt-50,0.17,limited-signal-hosting
Vpnht,HostingCluster-463,lt-50,0.17,limited-signal-hosting
Sentinel dVPN,HostingCluster-464,lt-50,0.17,limited-signal-hosting
CactusVPN,HostingCluster-465,lt-50,0.21,limited-signal-hosting
Sentinel dVPN,HostingCluster-466,lt-50,0.17,limited-signal-hosting
Riseup VPN,HostingCluster-467,lt-50,0.17,limited-signal-hosting
Sentinel dVPN,HostingCluster-468,lt-50,0.17,limited-signal-hosting
KeyDrop,HostingCluster-469,lt-50,0.17,limited-signal-hosting
VPNUK,HostingCluster-470,lt-50,0.17,limited-signal-hosting
Astrill,HostingCluster-471,lt-50,0.17,limited-signal-hosting
WiTopia,HostingCluster-472,lt-50,0.17,limited-signal-hosting
WiTopia,HostingCluster-473,lt-50,0.17,limited-signal-hosting
Astrill,HostingCluster-474,lt-50,0.17,limited-signal-hosting
Sentinel dVPN,HostingCluster-475,lt-50,0.17,limited-signal-hosting
Astrill,HostingCluster-476,lt-50,0.17,limited-signal-hosting
Windscribe,HostingCluster-477,lt-50,0.17,limited-signal-hosting
Sentinel dVPN,HostingCluster-478,lt-50,0.17,limited-signal-hosting
Astrill,HostingCluster-479,lt-50,0.17,limited-signal-hosting
Astrill,HostingCluster-480,lt-50,0.17,limited-signal-hosting
WorldVPN,HostingCluster-481,lt-50,0.17,limited-signal-hosting
VPNUK,HostingCluster-482,lt-50,0.17,limited-signal-hosting
Sentinel dVPN,HostingCluster-483,lt-50,0.17,limited-signal-hosting
Sentinel dVPN,HostingCluster-484,lt-50,0.17,limited-signal-hosting
Sentinel dVPN,HostingCluster-485,lt-50,0.17,limited-signal-hosting
FlowVPN,HostingCluster-486,lt-50,0.17,limited-signal-hosting
VPN Jantit,HostingCluster-487,lt-50,0.17,limited-signal-hosting
Surfshark,HostingCluster-488,lt-50,0.17,limited-signal-hosting
Sentinel dVPN,HostingCluster-489,lt-50,0.17,limited-signal-hosting
VPN Jantit,HostingCluster-490,lt-50,0.17,limited-signal-hosting
Sentinel dVPN,HostingCluster-491,lt-50,0.17,limited-signal-hosting
VPN Gate,HostingCluster-492,lt-50,0.17,limited-signal-hosting
VPN Jantit,HostingCluster-493,lt-50,0.17,limited-signal-hosting
Octanevpn,HostingCluster-494,lt-50,0.17,limited-signal-hosting
VPN Jantit,HostingCluster-495,lt-50,0.17,limited-signal-hosting
Sentinel dVPN,HostingCluster-496,lt-50,0.17,limited-signal-hosting
Sentinel dVPN,HostingCluster-497,lt-50,0.17,limited-signal-hosting
Sentinel dVPN,HostingCluster-498,lt-50,0.17,limited-signal-hosting
Sentinel dVPN,HostingCluster-499,lt-50,0.17,limited-signal-hosting
VPNSecure,HostingCluster-500,lt-50,0.17,limited-signal-hosting
KevinVPN,HostingCluster-501,lt-50,0.17,limited-signal-hosting
Sentinel dVPN,HostingCluster-502,lt-50,0.17,limited-signal-hosting
HideIPVPN,HostingCluster-503,lt-50,0.17,limited-signal-hosting
Astrill,HostingCluster-504,lt-50,0.17,limited-signal-hosting
VPN Gate,HostingCluster-505,lt-50,0.17,limited-signal-hosting
VPN Jantit,HostingCluster-506,lt-50,0.17,limited-signal-hosting
IVPN,HostingCluster-507,lt-50,0.17,limited-signal-hosting
ProtonVPN,HostingCluster-508,lt-50,0.17,limited-signal-hosting
ProtonVPN,HostingCluster-509,lt-50,0.17,limited-signal-hosting
CactusVPN,HostingCluster-510,lt-50,0.17,limited-signal-hosting
HideIPVPN,HostingCluster-511,lt-50,0.17,limited-signal-hosting
FlowVPN,HostingCluster-512,lt-50,0.17,limited-signal-hosting
Sentinel dVPN,HostingCluster-513,lt-50,0.17,limited-signal-hosting
Getflix,HostingCluster-514,lt-50,0.17,limited-signal-hosting
FlowVPN,HostingCluster-515,lt-50,0.17,limited-signal-hosting
VPN Jantit,HostingCluster-516,lt-50,0.17,limited-signal-hosting
KevinVPN,HostingCluster-517,lt-50,0.17,limited-signal-hosting
Trust.Zone,HostingCluster-518,lt-50,0.17,limited-signal-hosting
Sentinel dVPN,HostingCluster-519,lt-50,0.17,limited-signal-hosting
Zoogvpn,HostingCluster-520,lt-50,0.17,limited-signal-hosting
FlowVPN,HostingCluster-521,lt-50,0.17,limited-signal-hosting
Astrill,HostingCluster-522,lt-50,0.17,limited-signal-hosting
Riseup VPN,HostingCluster-523,lt-50,0.17,limited-signal-hosting
RedShield VPN,HostingCluster-524,lt-50,0.17,limited-signal-hosting
Astrill,HostingCluster-525,lt-50,0.17,limited-signal-hosting
ProtonVPN,HostingCluster-526,lt-50,0.17,limited-signal-hosting
RedShield VPN,HostingCluster-527,lt-50,0.17,limited-signal-hosting
OVPN,HostingCluster-528,lt-50,0.17,limited-signal-hosting
VPN Jantit,HostingCluster-529,lt-50,0.17,limited-signal-hosting
VPN Jantit,HostingCluster-530,lt-50,0.17,limited-signal-hosting
FlowVPN,HostingCluster-531,lt-50,0.17,limited-signal-hosting
Trust.Zone,HostingCluster-532,lt-50,0.17,limited-signal-hosting
Astrill,HostingCluster-533,lt-50,0.17,limited-signal-hosting
Sentinel dVPN,HostingCluster-534,lt-50,0.17,limited-signal-hosting
Sentinel dVPN,HostingCluster-535,lt-50,0.17,limited-signal-hosting
Sentinel dVPN,HostingCluster-536,lt-50,0.17,limited-signal-hosting
Sentinel dVPN,HostingCluster-537,lt-50,0.17,limited-signal-hosting
SotaVPN,HostingCluster-538,lt-50,0.17,limited-signal-hosting
Sentinel dVPN,HostingCluster-539,lt-50,0.17,limited-signal-hosting
Sentinel dVPN,HostingCluster-540,lt-50,0.17,limited-signal-hosting
Astrill,HostingCluster-541,lt-50,0.17,limited-signal-hosting
GhostPath,HostingCluster-542,lt-50,0.17,limited-signal-hosting
Sentinel dVPN,HostingCluster-543,lt-50,0.17,limited-signal-hosting
Sentinel dVPN,HostingCluster-544,lt-50,0.17,limited-signal-hosting
KevinVPN,HostingCluster-545,lt-50,0.17,limited-signal-hosting
ProtonVPN,HostingCluster-546,lt-50,0.17,limited-signal-hosting
CactusVPN,HostingCluster-547,lt-50,0.17,limited-signal-hosting
Astrill,HostingCluster-548,lt-50,0.17,limited-signal-hosting
Astrill,HostingCluster-549,lt-50,0.17,limited-signal-hosting
FlowVPN,HostingCluster-550,lt-50,0.17,limited-signal-hosting
Sentinel dVPN,HostingCluster-551,lt-50,0.17,limited-signal-hosting
Sentinel dVPN,HostingCluster-552,lt-50,0.17,limited-signal-hosting
Sentinel dVPN,HostingCluster-553,lt-50,0.17,limited-signal-hosting
Sentinel dVPN,HostingCluster-554,lt-50,0.17,limited-signal-hosting
Sentinel dVPN,HostingCluster-555,lt-50,0.17,limited-signal-hosting
VPN Gate,HostingCluster-556,lt-50,0.17,limited-signal-hosting
AzireVPN,HostingCluster-557,lt-50,0.17,limited-signal-hosting
VPNSecure,HostingCluster-558,lt-50,0.17,limited-signal-hosting
Safervpn,HostingCluster-559,lt-50,0.17,limited-signal-hosting
Sentinel dVPN,HostingCluster-560,lt-50,0.17,limited-signal-hosting
Zoogvpn,HostingCluster-561,lt-50,0.17,limited-signal-hosting
FlowVPN,HostingCluster-562,lt-50,0.17,limited-signal-hosting
FlowVPN,HostingCluster-563,lt-50,0.17,limited-signal-hosting
Zoogvpn,HostingCluster-564,lt-50,0.17,limited-signal-hosting
GhostPath,HostingCluster-565,lt-50,0.17,limited-signal-hosting
FlowVPN,HostingCluster-566,lt-50,0.17,limited-signal-hosting
GhostPath,HostingCluster-567,lt-50,0.17,limited-signal-hosting
Sentinel dVPN,HostingCluster-568,lt-50,0.17,limited-signal-hosting
VPN Gate,HostingCluster-569,lt-50,0.17,limited-signal-hosting
VPN Gate,HostingCluster-570,lt-50,0.17,limited-signal-hosting
Astrill,HostingCluster-571,lt-50,0.17,limited-signal-hosting
FlowVPN,HostingCluster-572,lt-50,0.17,limited-signal-hosting
GhostPath,HostingCluster-573,lt-50,0.17,limited-signal-hosting
GhostPath,HostingCluster-574,lt-50,0.17,limited-signal-hosting
GhostPath,HostingCluster-575,lt-50,0.17,limited-signal-hosting
VPN Gate,HostingCluster-576,lt-50,0.17,limited-signal-hosting
GhostPath,HostingCluster-577,lt-50,0.17,limited-signal-hosting
VPN Gate,HostingCluster-578,lt-50,0.17,limited-signal-hosting
PrivateVPN,HostingCluster-579,lt-50,0.17,limited-signal-hosting
KeyDrop,HostingCluster-580,lt-50,0.17,limited-signal-hosting
KevinVPN,HostingCluster-581,lt-50,0.17,limited-signal-hosting
KeyDrop,HostingCluster-582,lt-50,0.17,limited-signal-hosting
Zoogvpn,HostingCluster-583,lt-50,0.17,limited-signal-hosting
VPNSecure,HostingCluster-584,lt-50,0.17,limited-signal-hosting
Sentinel dVPN,HostingCluster-585,lt-50,0.17,limited-signal-hosting
Sentinel dVPN,HostingCluster-586,lt-50,0.17,limited-signal-hosting
KeyDrop,HostingCluster-587,lt-50,0.17,limited-signal-hosting
FlowVPN,HostingCluster-588,lt-50,0.17,limited-signal-hosting
FlowVPN,HostingCluster-589,lt-50,0.17,limited-signal-hosting
Sentinel dVPN,HostingCluster-590,lt-50,0.17,limited-signal-hosting
GhostPath,HostingCluster-591,lt-50,0.17,limited-signal-hosting
Vpnht,HostingCluster-592,lt-50,0.17,limited-signal-hosting
PrivateVPN,HostingCluster-593,lt-50,0.17,limited-signal-hosting
PureVPN,HostingCluster-594,lt-50,0.17,limited-signal-hosting
FlowVPN,HostingCluster-595,lt-50,0.17,limited-signal-hosting
Sentinel dVPN,HostingCluster-596,lt-50,0.17,limited-signal-hosting
Vpnfacile,HostingCluster-597,lt-50,0.17,limited-signal-hosting
Zoogvpn,HostingCluster-598,lt-50,0.17,limited-signal-hosting
VPNObratno,HostingCluster-599,lt-50,0.17,limited-signal-hosting
ProtonVPN,HostingCluster-600,lt-50,0.17,limited-signal-hosting
VPN Gate,HostingCluster-601,lt-50,0.17,limited-signal-hosting
VPN Gate,HostingCluster-602,lt-50,0.17,limited-signal-hosting
VPN Gate,HostingCluster-603,lt-50,0.17,limited-signal-hosting
VPN Gate,HostingCluster-604,lt-50,0.17,limited-signal-hosting
Sentinel dVPN,HostingCluster-605,lt-50,0.17,limited-signal-hosting
VPN Gate,HostingCluster-606,lt-50,0.17,limited-signal-hosting
FlowVPN,HostingCluster-607,lt-50,0.17,limited-signal-hosting
LimeVPN,HostingCluster-608,lt-50,0.17,limited-signal-hosting
FlowVPN,HostingCluster-609,lt-50,0.17,limited-signal-hosting
AzireVPN,HostingCluster-610,lt-50,0.17,limited-signal-hosting
FlowVPN,HostingCluster-611,lt-50,0.17,limited-signal-hosting
Sentinel dVPN,HostingCluster-612,lt-50,0.17,limited-signal-hosting
Hide.me,HostingCluster-613,lt-50,0.17,limited-signal-hosting
Sentinel dVPN,HostingCluster-614,lt-50,0.17,limited-signal-hosting
Hotspotshield,HostingCluster-615,lt-50,0.17,limited-signal-hosting
Riseup VPN,HostingCluster-616,lt-50,0.17,limited-signal-hosting
Sentinel dVPN,HostingCluster-617,lt-50,0.17,limited-signal-hosting
FlowVPN,HostingCluster-618,lt-50,0.17,limited-signal-hosting
GhostPath,HostingCluster-619,lt-50,0.17,limited-signal-hosting
ProtonVPN,HostingCluster-620,lt-50,0.17,limited-signal-hosting
SwitchVPN,HostingCluster-621,lt-50,0.17,limited-signal-hosting
SwitchVPN,HostingCluster-622,lt-50,0.17,limited-signal-hosting
GhostPath,HostingCluster-623,lt-50,0.17,limited-signal-hosting
TorGuard,HostingCluster-624,lt-50,0.17,limited-signal-hosting
FlowVPN,HostingCluster-625,lt-50,0.17,limited-signal-hosting
FlowVPN,HostingCluster-626,lt-50,0.17,limited-signal-hosting
VPN Jantit,HostingCluster-627,lt-50,0.17,limited-signal-hosting
OVPN,HostingCluster-628,lt-50,0.17,limited-signal-hosting
PrivateVPN,HostingCluster-629,lt-50,0.17,limited-signal-hosting
Zoogvpn,HostingCluster-630,lt-50,0.17,limited-signal-hosting
Sentinel dVPN,HostingCluster-631,lt-50,0.17,limited-signal-hosting
Smartdnsproxy,HostingCluster-632,lt-50,0.17,limited-signal-hosting
VPNObratno,HostingCluster-633,lt-50,0.17,limited-signal-hosting
FlowVPN,HostingCluster-634,lt-50,0.17,limited-signal-hosting
Sentinel dVPN,HostingCluster-635,lt-50,0.17,limited-signal-hosting
Kompot VPN,HostingCluster-636,lt-50,0.17,limited-signal-hosting
PrivateVPN,HostingCluster-637,lt-50,0.17,limited-signal-hosting
VPNSecure,HostingCluster-638,lt-50,0.17,limited-signal-hosting
HideIPVPN,HostingCluster-639,lt-50,0.17,limited-signal-hosting
SwitchVPN,HostingCluster-640,lt-50,0.17,limited-signal-hosting
GhostPath,HostingCluster-641,lt-50,0.17,limited-signal-hosting
CactusVPN,HostingCluster-642,lt-50,0.17,limited-signal-hosting
SwitchVPN,HostingCluster-643,lt-50,0.17,limited-signal-hosting
Hotspotshield,HostingCluster-644,lt-50,0.17,limited-signal-hosting
FlowVPN,HostingCluster-645,lt-50,0.17,limited-signal-hosting
Hotspotshield,HostingCluster-646,lt-50,0.17,limited-signal-hosting
Sentinel dVPN,HostingCluster-647,lt-50,0.17,limited-signal-hosting
FreeVPN,HostingCluster-648,lt-50,0.17,limited-signal-hosting
Sentinel dVPN,HostingCluster-649,lt-50,0.17,limited-signal-hosting
FlowVPN,HostingCluster-650,lt-50,0.17,limited-signal-hosting
AnonymousVPN,HostingCluster-651,lt-50,0.17,limited-signal-hosting
VPN Jantit,HostingCluster-652,lt-50,0.17,limited-signal-hosting
KeyDrop,HostingCluster-653,lt-50,0.17,limited-signal-hosting
Sentinel dVPN,HostingCluster-654,lt-50,0.17,limited-signal-hosting
CactusVPN,HostingCluster-655,lt-50,0.17,limited-signal-hosting
Sentinel dVPN,HostingCluster-656,lt-50,0.17,limited-signal-hosting
FlowVPN,HostingCluster-657,lt-50,0.17,limited-signal-hosting
ProtonVPN,HostingCluster-658,lt-50,0.17,limited-signal-hosting
Sentinel dVPN,HostingCluster-659,lt-50,0.17,limited-signal-hosting
Sentinel dVPN,HostingCluster-660,lt-50,0.17,limited-signal-hosting
GhostPath,HostingCluster-661,lt-50,0.17,limited-signal-hosting
Vpnht,HostingCluster-662,lt-50,0.17,limited-signal-hosting
VPN Gate,HostingCluster-663,lt-50,0.17,limited-signal-hosting
Hotspotshield,HostingCluster-664,lt-50,0.17,limited-signal-hosting
ProtonVPN,HostingCluster-665,lt-50,0.17,limited-signal-hosting
GhostPath,HostingCluster-666,lt-50,0.17,limited-signal-hosting
Sentinel dVPN,HostingCluster-667,lt-50,0.17,limited-signal-hosting
AzireVPN,HostingCluster-668,lt-50,0.17,limited-signal-hosting
PrivateVPN,HostingCluster-669,lt-50,0.17,limited-signal-hosting
FlowVPN,HostingCluster-670,lt-50,0.17,limited-signal-hosting
Sentinel dVPN,HostingCluster-671,lt-50,0.17,limited-signal-hosting
Zoogvpn,HostingCluster-672,lt-50,0.17,limited-signal-hosting
GhostPath,HostingCluster-673,lt-50,0.17,limited-signal-hosting
Hide.me,HostingCluster-674,lt-50,0.17,limited-signal-hosting
ProtonVPN,HostingCluster-675,lt-50,0.17,limited-signal-hosting
Astrill,HostingCluster-676,lt-50,0.17,limited-signal-hosting
PrivateVPN,HostingCluster-677,lt-50,0.17,limited-signal-hosting
VPN Gate,HostingCluster-678,lt-50,0.17,limited-signal-hosting
VPN Gate,HostingCluster-679,lt-50,0.17,limited-signal-hosting
PureVPN,HostingCluster-680,lt-50,0.17,limited-signal-hosting
VPN Gate,HostingCluster-681,lt-50,0.17,limited-signal-hosting
Sentinel dVPN,HostingCluster-682,lt-50,0.17,limited-signal-hosting
VPNObratno,HostingCluster-683,lt-50,0.17,limited-signal-hosting
Sentinel dVPN,HostingCluster-684,lt-50,0.17,limited-signal-hosting
Sentinel dVPN,HostingCluster-685,lt-50,0.17,limited-signal-hosting
Hotspotshield,HostingCluster-686,lt-50,0.17,limited-signal-hosting
Sentinel dVPN,HostingCluster-687,lt-50,0.17,limited-signal-hosting
Zoogvpn,HostingCluster-688,lt-50,0.17,limited-signal-hosting
Sentinel dVPN,HostingCluster-689,lt-50,0.17,limited-signal-hosting
Zoogvpn,HostingCluster-690,lt-50,0.17,limited-signal-hosting
Sentinel dVPN,HostingCluster-691,lt-50,0.17,limited-signal-hosting
FlowVPN,HostingCluster-692,lt-50,0.17,limited-signal-hosting
Sentinel dVPN,HostingCluster-693,lt-50,0.17,limited-signal-hosting
VPN Gate,HostingCluster-694,lt-50,0.17,limited-signal-hosting
FlowVPN,HostingCluster-695,lt-50,0.17,limited-signal-hosting
VPN Jantit,HostingCluster-696,lt-50,0.17,limited-signal-hosting
FlowVPN,HostingCluster-697,lt-50,0.17,limited-signal-hosting
CactusVPN,HostingCluster-698,lt-50,0.17,limited-signal-hosting
CactusVPN,HostingCluster-699,lt-50,0.17,limited-signal-hosting
FlowVPN,HostingCluster-700,lt-50,0.17,limited-signal-hosting
Sentinel dVPN,HostingCluster-701,lt-50,0.17,limited-signal-hosting
Sentinel dVPN,HostingCluster-702,lt-50,0.17,limited-signal-hosting
Sentinel dVPN,HostingCluster-703,lt-50,0.17,limited-signal-hosting
VPNObratno,HostingCluster-704,lt-50,0.17,limited-signal-hosting
Kompot VPN,HostingCluster-705,lt-50,0.17,limited-signal-hosting
VPN Gate,HostingCluster-706,lt-50,0.17,limited-signal-hosting
GhostPath,HostingCluster-707,lt-50,0.17,limited-signal-hosting
VPN Jantit,HostingCluster-708,lt-50,0.17,limited-signal-hosting
FlowVPN,HostingCluster-709,lt-50,0.17,limited-signal-hosting
VPN Jantit,HostingCluster-710,lt-50,0.17,limited-signal-hosting
GhostPath,HostingCluster-711,lt-50,0.17,limited-signal-hosting
Sentinel dVPN,HostingCluster-712,lt-50,0.17,limited-signal-hosting
FreeVPN,HostingCluster-713,lt-50,0.17,limited-signal-hosting
Sentinel dVPN,HostingCluster-714,lt-50,0.17,limited-signal-hosting
FlowVPN,HostingCluster-715,lt-50,0.17,limited-signal-hosting
VPN Jantit,HostingCluster-716,lt-50,0.17,limited-signal-hosting
FlowVPN,HostingCluster-717,lt-50,0.17,limited-signal-hosting
Hotspotshield,HostingCluster-718,lt-50,0.17,limited-signal-hosting
FlowVPN,HostingCluster-719,lt-50,0.17,limited-signal-hosting
Safervpn,HostingCluster-720,lt-50,0.17,limited-signal-hosting
Sentinel dVPN,HostingCluster-721,lt-50,0.17,limited-signal-hosting
FlowVPN,HostingCluster-722,lt-50,0.17,limited-signal-hosting
Safervpn,HostingCluster-723,lt-50,0.17,limited-signal-hosting
FlowVPN,HostingCluster-724,lt-50,0.17,limited-signal-hosting
FlowVPN,HostingCluster-725,lt-50,0.17,limited-signal-hosting
CactusVPN,HostingCluster-726,lt-50,0.17,limited-signal-hosting
CactusVPN,HostingCluster-727,lt-50,0.17,limited-signal-hosting
Sentinel dVPN,HostingCluster-728,lt-50,0.17,limited-signal-hosting
Sentinel dVPN,HostingCluster-729,lt-50,0.17,limited-signal-hosting
Sentinel dVPN,HostingCluster-730,lt-50,0.17,limited-signal-hosting
Astrill,HostingCluster-731,lt-50,0.17,limited-signal-hosting
VPN Jantit,HostingCluster-732,lt-50,0.17,limited-signal-hosting
Sentinel dVPN,HostingCluster-733,lt-50,0.17,limited-signal-hosting
PrivateVPN,HostingCluster-734,lt-50,0.17,limited-signal-hosting
AnonymousVPN,HostingCluster-735,lt-50,0.17,limited-signal-hosting
MoriVPN,HostingCluster-736,lt-50,0.17,limited-signal-hosting
Sentinel dVPN,HostingCluster-737,lt-50,0.17,limited-signal-hosting
FlowVPN,HostingCluster-738,lt-50,0.17,limited-signal-hosting
GhostPath,HostingCluster-739,lt-50,0.17,limited-signal-hosting
Sentinel dVPN,HostingCluster-740,lt-50,0.17,limited-signal-hosting
SwitchVPN,HostingCluster-741,lt-50,0.17,limited-signal-hosting
Kompot VPN,HostingCluster-742,lt-50,0.17,limited-signal-hosting
PrivateVPN,HostingCluster-743,lt-50,0.17,limited-signal-hosting
Sentinel dVPN,HostingCluster-744,lt-50,0.17,limited-signal-hosting
Sentinel dVPN,HostingCluster-745,lt-50,0.17,limited-signal-hosting
Sentinel dVPN,HostingCluster-746,lt-50,0.17,limited-signal-hosting
PrivateVPN,HostingCluster-747,lt-50,0.17,limited-signal-hosting
Sentinel dVPN,HostingCluster-748,lt-50,0.17,limited-signal-hosting
Sentinel dVPN,HostingCluster-749,lt-50,0.17,limited-signal-hosting
VPN Gate,HostingCluster-750,lt-50,0.17,limited-signal-hosting
FlowVPN,HostingCluster-751,lt-50,0.17,limited-signal-hosting
Sentinel dVPN,HostingCluster-752,lt-50,0.17,limited-signal-hosting
Sentinel dVPN,HostingCluster-753,lt-50,0.17,limited-signal-hosting
FlowVPN,HostingCluster-754,lt-50,0.17,limited-signal-hosting
VPN Jantit,HostingCluster-755,lt-50,0.17,limited-signal-hosting
RedShield VPN,HostingCluster-756,lt-50,0.17,limited-signal-hosting
GhostPath,HostingCluster-757,lt-50,0.17,limited-signal-hosting
VPN Gate,HostingCluster-758,lt-50,0.17,limited-signal-hosting
FlowVPN,HostingCluster-759,lt-50,0.17,limited-signal-hosting
GhostPath,HostingCluster-760,lt-50,0.17,limited-signal-hosting
AnonymousVPN,HostingCluster-761,lt-50,0.17,limited-signal-hosting
GhostPath,HostingCluster-762,lt-50,0.17,limited-signal-hosting
Sentinel dVPN,HostingCluster-763,lt-50,0.17,limited-signal-hosting
Sentinel dVPN,HostingCluster-764,lt-50,0.17,limited-signal-hosting
Safervpn,HostingCluster-765,lt-50,0.17,limited-signal-hosting
Sentinel dVPN,HostingCluster-766,lt-50,0.17,limited-signal-hosting
Sentinel dVPN,HostingCluster-767,lt-50,0.17,limited-signal-hosting
Sentinel dVPN,HostingCluster-768,lt-50,0.17,limited-signal-hosting
Sentinel dVPN,HostingCluster-769,lt-50,0.17,limited-signal-hosting
KevinVPN,HostingCluster-770,lt-50,0.17,limited-signal-hosting
KevinVPN,HostingCluster-771,lt-50,0.17,limited-signal-hosting
Sentinel dVPN,HostingCluster-772,lt-50,0.17,limited-signal-hosting
